Store,Date,Sales,Open
1,2015-07-31,5263,1
2,2015-07-31,6064,1
3,2015-07-31,8314,1
4,2015-07-31,13995,1
5,2015-07-31,4822,1
6,2015-07-31,5651,1
7,2015-07-31,15344,1
8,2015-07-31,8492,1
9,2015-07-31,8565,1
10,2015-07-31,7185,1
11,2015-07-31,10457,1
12,2015-07-31,8959,1
13,2015-07-31,8821,1
14,2015-07-31,6544,1
15,2015-07-31,9191,1
16,2015-07-31,10231,1
17,2015-07-31,8430,1
18,2015-07-31,10071,1
19,2015-07-31,8234,1
20,2015-07-31,9593,1
21,2015-07-31,9515,1
22,2015-07-31,6566,1
23,2015-07-31,7273,1
24,2015-07-31,14190,1
25,2015-07-31,14180,1
26,2015-07-31,7818,1
27,2015-07-31,13213,1
28,2015-07-31,7301,1
29,2015-07-31,9411,1
30,2015-07-31,4776,1
31,2015-07-31,7248,1
32,2015-07-31,6395,1
33,2015-07-31,10789,1
34,2015-07-31,11144,1
35,2015-07-31,12412,1
36,2015-07-31,12422,1
37,2015-07-31,9091,1
38,2015-07-31,7434,1
39,2015-07-31,8336,1
40,2015-07-31,5464,1
41,2015-07-31,6938,1
42,2015-07-31,11946,1
43,2015-07-31,8096,1
44,2015-07-31,6670,1
45,2015-07-31,6301,1
46,2015-07-31,7628,1
47,2015-07-31,9379,1
48,2015-07-31,3874,1
49,2015-07-31,10310,1
50,2015-07-31,5729,1
1,2015-07-30,5020,1
2,2015-07-30,5567,1
3,2015-07-30,8977,1
4,2015-07-30,10387,1
5,2015-07-30,4943,1
6,2015-07-30,4790,1
7,2015-07-30,11560,1
8,2015-07-30,8420,1
9,2015-07-30,7539,1
10,2015-07-30,6186,1
11,2015-07-30,7361,1
12,2015-07-30,7996,1
13,2015-07-30,7648,1
14,2015-07-30,5672,1
15,2015-07-30,8891,1
16,2015-07-30,10226,1
17,2015-07-30,7555,1
18,2015-07-30,7361,1
19,2015-07-30,8400,1
20,2015-07-30,12379,1
21,2015-07-30,6985,1
22,2015-07-30,5685,1
23,2015-07-30,5801,1
24,2015-07-30,11439,1
25,2015-07-30,11272,1
26,2015-07-30,7892,1
27,2015-07-30,10270,1
28,2015-07-30,6210,1
29,2015-07-30,8039,1
30,2015-07-30,4881,1
31,2015-07-30,6712,1
32,2015-07-30,5779,1
33,2015-07-30,8146,1
34,2015-07-30,8443,1
35,2015-07-30,11088,1
36,2015-07-30,11955,1
37,2015-07-30,7771,1
38,2015-07-30,6591,1
39,2015-07-30,5734,1
40,2015-07-30,5191,1
41,2015-07-30,6311,1
42,2015-07-30,10853,1
43,2015-07-30,5982,1
44,2015-07-30,5159,1
45,2015-07-30,6063,1
46,2015-07-30,7057,1
47,2015-07-30,7585,1
48,2015-07-30,3297,1
49,2015-07-30,8996,1
50,2015-07-30,5324,1
1,2015-07-29,4782,1
2,2015-07-29,6402,1
3,2015-07-29,7610,1
4,2015-07-29,10514,1
5,2015-07-29,5899,1
6,2015-07-29,5275,1
7,2015-07-29,12074,1
8,2015-07-29,7029,1
9,2015-07-29,7776,1
10,2015-07-29,5524,1
11,2015-07-29,8378,1
12,2015-07-29,9236,1
13,2015-07-29,6648,1
14,2015-07-29,5412,1
15,2015-07-29,7583,1
16,2015-07-29,9471,1
17,2015-07-29,7179,1
18,2015-07-29,7833,1
19,2015-07-29,7182,1
20,2015-07-29,10728,1
21,2015-07-29,7337,1
22,2015-07-29,5551,1
23,2015-07-29,6319,1
24,2015-07-29,10362,1
25,2015-07-29,10527,1
26,2015-07-29,7298,1
27,2015-07-29,10318,1
28,2015-07-29,5547,1
29,2015-07-29,7564,1
30,2015-07-29,4551,1
31,2015-07-29,5982,1
32,2015-07-29,4869,1
33,2015-07-29,7028,1
34,2015-07-29,8658,1
35,2015-07-29,10634,1
36,2015-07-29,11962,1
37,2015-07-29,7442,1
38,2015-07-29,6595,1
39,2015-07-29,5617,1
40,2015-07-29,5004,1
41,2015-07-29,5673,1
42,2015-07-29,10932,1
43,2015-07-29,6960,1
44,2015-07-29,5649,1
45,2015-07-29,5341,1
46,2015-07-29,6955,1
47,2015-07-29,8051,1
48,2015-07-29,3646,1
49,2015-07-29,9691,1
50,2015-07-29,4946,1
1,2015-07-28,5011,1
2,2015-07-28,5671,1
3,2015-07-28,8864,1
4,2015-07-28,10275,1
5,2015-07-28,6083,1
6,2015-07-28,4839,1
7,2015-07-28,12342,1
8,2015-07-28,6717,1
9,2015-07-28,8751,1
10,2015-07-28,6140,1
11,2015-07-28,6938,1
12,2015-07-28,8822,1
13,2015-07-28,6819,1
14,2015-07-28,5957,1
15,2015-07-28,7516,1
16,2015-07-28,9695,1
17,2015-07-28,9316,1
18,2015-07-28,7704,1
19,2015-07-28,7717,1
20,2015-07-28,10884,1
21,2015-07-28,7948,1
22,2015-07-28,5761,1
23,2015-07-28,5923,1
24,2015-07-28,11129,1
25,2015-07-28,10865,1
26,2015-07-28,7926,1
27,2015-07-28,10956,1
28,2015-07-28,6001,1
29,2015-07-28,8450,1
30,2015-07-28,4925,1
31,2015-07-28,5736,1
32,2015-07-28,5679,1
33,2015-07-28,8268,1
34,2015-07-28,9169,1
35,2015-07-28,10877,1
36,2015-07-28,10846,1
37,2015-07-28,7976,1
38,2015-07-28,6650,1
39,2015-07-28,6145,1
40,2015-07-28,5387,1
41,2015-07-28,5600,1
42,2015-07-28,10896,1
43,2015-07-28,7180,1
44,2015-07-28,6130,1
45,2015-07-28,5504,1
46,2015-07-28,6385,1
47,2015-07-28,8066,1
48,2015-07-28,3598,1
49,2015-07-28,9694,1
50,2015-07-28,5115,1
1,2015-07-27,6102,1
2,2015-07-27,6627,1
3,2015-07-27,8107,1
4,2015-07-27,11812,1
5,2015-07-27,7059,1
6,2015-07-27,5723,1
7,2015-07-27,14869,1
8,2015-07-27,8739,1
9,2015-07-27,10649,1
10,2015-07-27,7212,1
11,2015-07-27,8796,1
12,2015-07-27,10227,1
13,2015-07-27,7926,1
14,2015-07-27,6614,1
15,2015-07-27,9053,1
16,2015-07-27,10260,1
17,2015-07-27,8293,1
18,2015-07-27,10055,1
19,2015-07-27,8825,1
20,2015-07-27,11255,1
21,2015-07-27,9657,1
22,2015-07-27,7114,1
23,2015-07-27,8488,1
24,2015-07-27,13096,1
25,2015-07-27,11806,1
26,2015-07-27,11328,1
27,2015-07-27,12322,1
28,2015-07-27,7392,1
29,2015-07-27,11659,1
30,2015-07-27,5235,1
31,2015-07-27,8054,1
32,2015-07-27,5947,1
33,2015-07-27,9866,1
34,2015-07-27,10274,1
35,2015-07-27,13740,1
36,2015-07-27,12582,1
37,2015-07-27,9573,1
38,2015-07-27,8759,1
39,2015-07-27,7084,1
40,2015-07-27,5282,1
41,2015-07-27,7295,1
42,2015-07-27,12420,1
43,2015-07-27,8816,1
44,2015-07-27,8206,1
45,2015-07-27,7450,1
46,2015-07-27,10068,1
47,2015-07-27,8633,1
48,2015-07-27,4405,1
49,2015-07-27,10561,1
50,2015-07-27,6684,1
1,2015-07-25,4364,1
2,2015-07-25,2512,1
3,2015-07-25,3878,1
4,2015-07-25,9322,1
5,2015-07-25,2030,1
6,2015-07-25,2892,1
7,2015-07-25,6574,1
8,2015-07-25,3288,1
9,2015-07-25,5330,1
10,2015-07-25,4713,1
11,2015-07-25,4712,1
12,2015-07-25,5185,1
13,2015-07-25,4361,1
14,2015-07-25,2952,1
15,2015-07-25,5209,1
16,2015-07-25,6105,1
17,2015-07-25,2572,1
18,2015-07-25,4416,1
19,2015-07-25,3562,1
20,2015-07-25,6588,1
21,2015-07-25,5808,1
22,2015-07-25,3540,1
23,2015-07-25,4191,1
24,2015-07-25,5916,1
25,2015-07-25,7285,1
26,2015-07-25,5568,1
27,2015-07-25,5120,1
28,2015-07-25,1864,1
29,2015-07-25,6084,1
30,2015-07-25,2513,1
31,2015-07-25,5403,1
32,2015-07-25,2532,1
33,2015-07-25,7188,1
34,2015-07-25,7089,1
35,2015-07-25,6557,1
36,2015-07-25,10830,1
37,2015-07-25,6547,1
38,2015-07-25,5559,1
39,2015-07-25,2022,1
40,2015-07-25,3496,1
41,2015-07-25,6217,1
42,2015-07-25,6044,1
43,2015-07-25,3931,1
44,2015-07-25,2755,1
45,2015-07-25,5828,1
46,2015-07-25,5257,1
47,2015-07-25,4845,1
48,2015-07-25,2090,1
49,2015-07-25,8302,1
50,2015-07-25,4356,1
1,2015-07-24,3706,1
2,2015-07-24,3854,1
3,2015-07-24,5080,1
4,2015-07-24,8322,1
5,2015-07-24,3815,1
6,2015-07-24,3804,1
7,2015-07-24,9203,1
8,2015-07-24,4917,1
9,2015-07-24,5464,1
10,2015-07-24,6152,1
11,2015-07-24,6192,1
12,2015-07-24,6078,1
13,2015-07-24,3483,1
14,2015-07-24,4775,1
15,2015-07-24,5255,1
16,2015-07-24,7781,1
17,2015-07-24,4443,1
18,2015-07-24,6409,1
19,2015-07-24,5330,1
20,2015-07-24,7988,1
21,2015-07-24,4138,1
22,2015-07-24,5221,1
23,2015-07-24,4483,1
24,2015-07-24,7692,1
25,2015-07-24,7165,1
26,2015-07-24,6003,1
27,2015-07-24,6382,1
28,2015-07-24,3970,1
29,2015-07-24,6419,1
30,2015-07-24,2722,1
31,2015-07-24,5856,1
32,2015-07-24,3416,1
33,2015-07-24,6789,1
34,2015-07-24,6262,1
35,2015-07-24,8602,1
36,2015-07-24,9825,1
37,2015-07-24,5547,1
38,2015-07-24,4366,1
39,2015-07-24,3448,1
40,2015-07-24,3941,1
41,2015-07-24,6038,1
42,2015-07-24,8577,1
43,2015-07-24,5554,1
44,2015-07-24,4224,1
45,2015-07-24,4906,1
46,2015-07-24,4902,1
47,2015-07-24,5599,1
48,2015-07-24,2821,1
49,2015-07-24,7199,1
50,2015-07-24,3682,1
1,2015-07-23,3769,1
2,2015-07-23,4108,1
3,2015-07-23,5702,1
4,2015-07-23,7286,1
5,2015-07-23,3713,1
6,2015-07-23,3482,1
7,2015-07-23,9550,1
8,2015-07-23,6109,1
9,2015-07-23,6471,1
10,2015-07-23,6401,1
11,2015-07-23,6151,1
12,2015-07-23,5784,1
13,2015-07-23,3959,1
14,2015-07-23,4080,1
15,2015-07-23,5623,1
16,2015-07-23,7865,1
17,2015-07-23,5328,1
18,2015-07-23,6450,1
19,2015-07-23,5465,1
20,2015-07-23,9262,1
21,2015-07-23,4340,1
22,2015-07-23,4390,1
23,2015-07-23,4311,1
24,2015-07-23,7534,1
25,2015-07-23,8323,1
26,2015-07-23,6204,1
27,2015-07-23,6749,1
28,2015-07-23,3607,1
29,2015-07-23,5590,1
30,2015-07-23,3364,1
31,2015-07-23,4683,1
32,2015-07-23,3528,1
33,2015-07-23,6090,1
34,2015-07-23,6713,1
35,2015-07-23,7779,1
36,2015-07-23,9949,1
37,2015-07-23,5196,1
38,2015-07-23,4232,1
39,2015-07-23,3802,1
40,2015-07-23,4027,1
41,2015-07-23,5578,1
42,2015-07-23,8036,1
43,2015-07-23,4917,1
44,2015-07-23,4460,1
45,2015-07-23,4456,1
46,2015-07-23,4350,1
47,2015-07-23,6246,1
48,2015-07-23,2834,1
49,2015-07-23,6284,1
50,2015-07-23,3794,1
1,2015-07-22,3464,1
2,2015-07-22,5093,1
3,2015-07-22,5414,1
4,2015-07-22,8503,1
5,2015-07-22,3595,1
6,2015-07-22,3469,1
7,2015-07-22,8214,1
8,2015-07-22,4996,1
9,2015-07-22,5649,1
10,2015-07-22,5561,1
11,2015-07-22,7185,1
12,2015-07-22,6201,1
13,2015-07-22,3164,1
14,2015-07-22,4409,1
15,2015-07-22,4899,1
16,2015-07-22,6779,1
17,2015-07-22,4952,1
18,2015-07-22,5940,1
19,2015-07-22,4826,1
20,2015-07-22,7264,1
21,2015-07-22,4162,1
22,2015-07-22,4058,1
23,2015-07-22,4364,1
24,2015-07-22,7706,1
25,2015-07-22,9047,1
26,2015-07-22,4332,1
27,2015-07-22,6789,1
28,2015-07-22,3197,1
29,2015-07-22,5562,1
30,2015-07-22,3094,1
31,2015-07-22,4553,1
32,2015-07-22,3870,1
33,2015-07-22,6561,1
34,2015-07-22,6209,1
35,2015-07-22,8181,1
36,2015-07-22,9981,1
37,2015-07-22,4802,1
38,2015-07-22,4139,1
39,2015-07-22,3817,1
40,2015-07-22,3982,1
41,2015-07-22,4125,1
42,2015-07-22,9065,1
43,2015-07-22,4517,1
44,2015-07-22,4166,1
45,2015-07-22,4122,1
46,2015-07-22,3651,1
47,2015-07-22,5881,1
48,2015-07-22,2694,1
49,2015-07-22,5985,1
50,2015-07-22,3273,1
1,2015-07-21,3558,1
2,2015-07-21,3836,1
3,2015-07-21,5600,1
4,2015-07-21,9176,1
5,2015-07-21,3497,1
6,2015-07-21,3720,1
7,2015-07-21,9169,1
8,2015-07-21,5168,1
9,2015-07-21,5873,1
10,2015-07-21,6479,1
11,2015-07-21,6315,1
12,2015-07-21,6314,1
13,2015-07-21,3080,1
14,2015-07-21,4518,1
15,2015-07-21,5449,1
16,2015-07-21,7274,1
17,2015-07-21,5847,1
18,2015-07-21,5207,1
19,2015-07-21,5362,1
20,2015-07-21,7759,1
21,2015-07-21,3620,1
22,2015-07-21,4487,1
23,2015-07-21,4089,1
24,2015-07-21,8227,1
25,2015-07-21,8718,1
26,2015-07-21,5237,1
27,2015-07-21,7727,1
28,2015-07-21,3883,1
29,2015-07-21,6701,1
30,2015-07-21,3627,1
31,2015-07-21,4128,1
32,2015-07-21,3110,1
33,2015-07-21,6981,1
34,2015-07-21,6427,1
35,2015-07-21,7833,1
36,2015-07-21,9232,1
37,2015-07-21,5149,1
38,2015-07-21,4198,1
39,2015-07-21,3855,1
40,2015-07-21,5224,1
41,2015-07-21,5043,1
42,2015-07-21,8334,1
43,2015-07-21,5377,1
44,2015-07-21,3869,1
45,2015-07-21,4048,1
46,2015-07-21,3459,1
47,2015-07-21,5770,1
48,2015-07-21,2868,1
49,2015-07-21,6133,1
50,2015-07-21,3068,1
1,2015-07-20,4395,1
2,2015-07-20,4435,1
3,2015-07-20,5798,1
4,2015-07-20,10283,1
5,2015-07-20,4183,1
6,2015-07-20,4301,1
7,2015-07-20,10159,1
8,2015-07-20,5956,1
9,2015-07-20,7152,1
10,2015-07-20,6111,1
11,2015-07-20,7733,1
12,2015-07-20,6754,1
13,2015-07-20,3868,1
14,2015-07-20,4780,1
15,2015-07-20,6898,1
16,2015-07-20,7632,1
17,2015-07-20,5908,1
18,2015-07-20,6336,1
19,2015-07-20,6635,1
20,2015-07-20,9384,1
21,2015-07-20,4170,1
22,2015-07-20,4675,1
23,2015-07-20,5729,1
24,2015-07-20,9362,1
25,2015-07-20,10493,1
26,2015-07-20,6417,1
27,2015-07-20,7437,1
28,2015-07-20,4338,1
29,2015-07-20,7101,1
30,2015-07-20,3405,1
31,2015-07-20,4902,1
32,2015-07-20,4668,1
33,2015-07-20,7160,1
34,2015-07-20,8104,1
35,2015-07-20,8752,1
36,2015-07-20,11433,1
37,2015-07-20,5804,1
38,2015-07-20,5221,1
39,2015-07-20,4483,1
40,2015-07-20,4554,1
41,2015-07-20,5019,1
42,2015-07-20,8781,1
43,2015-07-20,6031,1
44,2015-07-20,4915,1
45,2015-07-20,4571,1
46,2015-07-20,4225,1
47,2015-07-20,6195,1
48,2015-07-20,3236,1
49,2015-07-20,6286,1
50,2015-07-20,3877,1
1,2015-07-18,4406,1
2,2015-07-18,3417,1
3,2015-07-18,4258,1
4,2015-07-18,9703,1
5,2015-07-18,2108,1
6,2015-07-18,2915,1
7,2015-07-18,6861,1
8,2015-07-18,3813,1
9,2015-07-18,5987,1
10,2015-07-18,5761,1
11,2015-07-18,5740,1
12,2015-07-18,7213,1
13,2015-07-18,4956,1
14,2015-07-18,3254,1
15,2015-07-18,5770,1
16,2015-07-18,5288,1
17,2015-07-18,2608,1
18,2015-07-18,4677,1
19,2015-07-18,4795,1
20,2015-07-18,5287,1
21,2015-07-18,7524,1
22,2015-07-18,3578,1
23,2015-07-18,4364,1
24,2015-07-18,7653,1
25,2015-07-18,7861,1
26,2015-07-18,5221,1
27,2015-07-18,7075,1
28,2015-07-18,2132,1
29,2015-07-18,7534,1
30,2015-07-18,3335,1
31,2015-07-18,5585,1
32,2015-07-18,2330,1
33,2015-07-18,8695,1
34,2015-07-18,8135,1
35,2015-07-18,9339,1
36,2015-07-18,10169,1
37,2015-07-18,7017,1
38,2015-07-18,6351,1
39,2015-07-18,2419,1
40,2015-07-18,4579,1
41,2015-07-18,4990,1
42,2015-07-18,7498,1
43,2015-07-18,4223,1
44,2015-07-18,3289,1
45,2015-07-18,6496,1
46,2015-07-18,3984,1
47,2015-07-18,5395,1
48,2015-07-18,2729,1
49,2015-07-18,8158,1
50,2015-07-18,4835,1
1,2015-07-17,4852,1
2,2015-07-17,4518,1
3,2015-07-17,6679,1
4,2015-07-17,10514,1
5,2015-07-17,4355,1
6,2015-07-17,4422,1
7,2015-07-17,10339,1
8,2015-07-17,6728,1
9,2015-07-17,6845,1
10,2015-07-17,5356,1
11,2015-07-17,7757,1
12,2015-07-17,7684,1
13,2015-07-17,5740,1
14,2015-07-17,5346,1
15,2015-07-17,9368,1
16,2015-07-17,7605,1
17,2015-07-17,6243,1
18,2015-07-17,7660,1
19,2015-07-17,6384,1
20,2015-07-17,8117,1
21,2015-07-17,6745,1
22,2015-07-17,5369,1
23,2015-07-17,5551,1
24,2015-07-17,9283,1
25,2015-07-17,9155,1
26,2015-07-17,7535,1
27,2015-07-17,8617,1
28,2015-07-17,4676,1
29,2015-07-17,6526,1
30,2015-07-17,3033,1
31,2015-07-17,6013,1
32,2015-07-17,4850,1
33,2015-07-17,7163,1
34,2015-07-17,8251,1
35,2015-07-17,11195,1
36,2015-07-17,9388,1
37,2015-07-17,7645,1
38,2015-07-17,6043,1
39,2015-07-17,4268,1
40,2015-07-17,4772,1
41,2015-07-17,5973,1
42,2015-07-17,9212,1
43,2015-07-17,6639,1
44,2015-07-17,5117,1
45,2015-07-17,5420,1
46,2015-07-17,5013,1
47,2015-07-17,7770,1
48,2015-07-17,3552,1
49,2015-07-17,8525,1
50,2015-07-17,4684,1
1,2015-07-16,4427,1
2,2015-07-16,5062,1
3,2015-07-16,7909,1
4,2015-07-16,11432,1
5,2015-07-16,4963,1
6,2015-07-16,5115,1
7,2015-07-16,10774,1
8,2015-07-16,8808,1
9,2015-07-16,8113,1
10,2015-07-16,6275,1
11,2015-07-16,8149,1
12,2015-07-16,9234,1
13,2015-07-16,5921,1
14,2015-07-16,6152,1
15,2015-07-16,8501,1
16,2015-07-16,7954,1
17,2015-07-16,7231,1
18,2015-07-16,6887,1
19,2015-07-16,7328,1
20,2015-07-16,9100,1
21,2015-07-16,6018,1
22,2015-07-16,4842,1
23,2015-07-16,5822,1
24,2015-07-16,10703,1
25,2015-07-16,12281,1
26,2015-07-16,7781,1
27,2015-07-16,11297,1
28,2015-07-16,5579,1
29,2015-07-16,7603,1
30,2015-07-16,4520,1
31,2015-07-16,6893,1
32,2015-07-16,4506,1
33,2015-07-16,7498,1
34,2015-07-16,8960,1
35,2015-07-16,12700,1
36,2015-07-16,9954,1
37,2015-07-16,7506,1
38,2015-07-16,5532,1
39,2015-07-16,5557,1
40,2015-07-16,4707,1
41,2015-07-16,5209,1
42,2015-07-16,11043,1
43,2015-07-16,6793,1
44,2015-07-16,5517,1
45,2015-07-16,6589,1
46,2015-07-16,4819,1
47,2015-07-16,8858,1
48,2015-07-16,4288,1
49,2015-07-16,7847,1
50,2015-07-16,5032,1
1,2015-07-15,4767,1
2,2015-07-15,6406,1
3,2015-07-15,8663,1
4,2015-07-15,11126,1
5,2015-07-15,6323,1
6,2015-07-15,4582,1
7,2015-07-15,10095,1
8,2015-07-15,7932,1
9,2015-07-15,7013,1
10,2015-07-15,6423,1
11,2015-07-15,9645,1
12,2015-07-15,10008,1
13,2015-07-15,10334,1
14,2015-07-15,6143,1
15,2015-07-15,7885,1
16,2015-07-15,10099,1
17,2015-07-15,8172,1
18,2015-07-15,7933,1
19,2015-07-15,7485,1
20,2015-07-15,8262,1
21,2015-07-15,6377,1
22,2015-07-15,4841,1
23,2015-07-15,5604,1
24,2015-07-15,11869,1
25,2015-07-15,12171,1
26,2015-07-15,7984,1
27,2015-07-15,10741,1
28,2015-07-15,6012,1
29,2015-07-15,8383,1
30,2015-07-15,4412,1
31,2015-07-15,6300,1
32,2015-07-15,6320,1
33,2015-07-15,8467,1
34,2015-07-15,9781,1
35,2015-07-15,11418,1
36,2015-07-15,11512,1
37,2015-07-15,7088,1
38,2015-07-15,6837,1
39,2015-07-15,5729,1
40,2015-07-15,4609,1
41,2015-07-15,6267,1
42,2015-07-15,11779,1
43,2015-07-15,7041,1
44,2015-07-15,6324,1
45,2015-07-15,4743,1
46,2015-07-15,5216,1
47,2015-07-15,9429,1
48,2015-07-15,4099,1
49,2015-07-15,7647,1
50,2015-07-15,4535,1
1,2015-07-14,5042,1
2,2015-07-14,6122,1
3,2015-07-14,8625,1
4,2015-07-14,12315,1
5,2015-07-14,6144,1
6,2015-07-14,5758,1
7,2015-07-14,12294,1
8,2015-07-14,8845,1
9,2015-07-14,7841,1
10,2015-07-14,7491,1
11,2015-07-14,9319,1
12,2015-07-14,9336,1
13,2015-07-14,6422,1
14,2015-07-14,6509,1
15,2015-07-14,7857,1
16,2015-07-14,9986,1
17,2015-07-14,8241,1
18,2015-07-14,7632,1
19,2015-07-14,8545,1
20,2015-07-14,10139,1
21,2015-07-14,6835,1
22,2015-07-14,5027,1
23,2015-07-14,7596,1
24,2015-07-14,11998,1
25,2015-07-14,12233,1
26,2015-07-14,8662,1
27,2015-07-14,13482,1
28,2015-07-14,6503,1
29,2015-07-14,8504,1
30,2015-07-14,5691,1
31,2015-07-14,6316,1
32,2015-07-14,5093,1
33,2015-07-14,9447,1
34,2015-07-14,9846,1
35,2015-07-14,13423,1
36,2015-07-14,10831,1
37,2015-07-14,7779,1
38,2015-07-14,7336,1
39,2015-07-14,6295,1
40,2015-07-14,5667,1
41,2015-07-14,6055,1
42,2015-07-14,11118,1
43,2015-07-14,7600,1
44,2015-07-14,6647,1
45,2015-07-14,5812,1
46,2015-07-14,5206,1
47,2015-07-14,8607,1
48,2015-07-14,3903,1
49,2015-07-14,8814,1
50,2015-07-14,5321,1
1,2015-07-13,5054,1
2,2015-07-13,6874,1
3,2015-07-13,9462,1
4,2015-07-13,13550,1
5,2015-07-13,7425,1
6,2015-07-13,6827,1
7,2015-07-13,13250,1
8,2015-07-13,9117,1
9,2015-07-13,10399,1
10,2015-07-13,6757,1
11,2015-07-13,10434,1
12,2015-07-13,11730,1
13,2015-07-13,7525,1
14,2015-07-13,7202,1
15,2015-07-13,8691,1
16,2015-07-13,11932,1
17,2015-07-13,10029,1
18,2015-07-13,9887,1
19,2015-07-13,9689,1
20,2015-07-13,10240,1
21,2015-07-13,8247,1
22,2015-07-13,6828,1
23,2015-07-13,8687,1
24,2015-07-13,13645,1
25,2015-07-13,11899,1
26,2015-07-13,10071,1
27,2015-07-13,12121,1
28,2015-07-13,7661,1
29,2015-07-13,12305,1
30,2015-07-13,5312,1
31,2015-07-13,7116,1
32,2015-07-13,6391,1
33,2015-07-13,10305,1
34,2015-07-13,11688,1
35,2015-07-13,17229,1
36,2015-07-13,12377,1
37,2015-07-13,9105,1
38,2015-07-13,11101,1
39,2015-07-13,6723,1
40,2015-07-13,4584,1
41,2015-07-13,7029,1
42,2015-07-13,14576,1
43,2015-07-13,8838,1
44,2015-07-13,8001,1
45,2015-07-13,7836,1
46,2015-07-13,6109,1
47,2015-07-13,10168,1
48,2015-07-13,4964,1
49,2015-07-13,10338,1
50,2015-07-13,7614,1
1,2015-07-11,3530,1
2,2015-07-11,2677,1
3,2015-07-11,4011,1
4,2015-07-11,10996,1
5,2015-07-11,2023,1
6,2015-07-11,3134,1
7,2015-07-11,6425,1
8,2015-07-11,3707,1
9,2015-07-11,5076,1
10,2015-07-11,4636,1
11,2015-07-11,5756,1
12,2015-07-11,6612,1
13,2015-07-11,4031,1
14,2015-07-11,3103,1
15,2015-07-11,5738,1
16,2015-07-11,5414,1
17,2015-07-11,3034,1
18,2015-07-11,4940,1
19,2015-07-11,3718,1
20,2015-07-11,5332,1
21,2015-07-11,5519,1
22,2015-07-11,3480,1
23,2015-07-11,4219,1
24,2015-07-11,6579,1
25,2015-07-11,7996,1
26,2015-07-11,5642,1
27,2015-07-11,6981,1
28,2015-07-11,2069,1
29,2015-07-11,6546,1
30,2015-07-11,3567,1
31,2015-07-11,5200,1
32,2015-07-11,2589,1
33,2015-07-11,7107,1
34,2015-07-11,8079,1
35,2015-07-11,7798,1
36,2015-07-11,9817,1
37,2015-07-11,7293,1
38,2015-07-11,6272,1
39,2015-07-11,2527,1
40,2015-07-11,4951,1
41,2015-07-11,5312,1
42,2015-07-11,6907,1
43,2015-07-11,3267,1
44,2015-07-11,2813,1
45,2015-07-11,5350,1
46,2015-07-11,5310,1
47,2015-07-11,5563,1
48,2015-07-11,2327,1
49,2015-07-11,7221,1
50,2015-07-11,3578,1
1,2015-07-10,3808,1
2,2015-07-10,4384,1
3,2015-07-10,6316,1
4,2015-07-10,9177,1
5,2015-07-10,4252,1
6,2015-07-10,4530,1
7,2015-07-10,9499,1
8,2015-07-10,6067,1
9,2015-07-10,6007,1
10,2015-07-10,5747,1
11,2015-07-10,6979,1
12,2015-07-10,6730,1
13,2015-07-10,3639,1
14,2015-07-10,4981,1
15,2015-07-10,6323,1
16,2015-07-10,7768,1
17,2015-07-10,5451,1
18,2015-07-10,7818,1
19,2015-07-10,5531,1
20,2015-07-10,7201,1
21,2015-07-10,4809,1
22,2015-07-10,4038,1
23,2015-07-10,4850,1
24,2015-07-10,8889,1
25,2015-07-10,9300,1
26,2015-07-10,6046,1
27,2015-07-10,8059,1
28,2015-07-10,4273,1
29,2015-07-10,6031,1
30,2015-07-10,3297,1
31,2015-07-10,5862,1
32,2015-07-10,4156,1
33,2015-07-10,6539,1
34,2015-07-10,7179,1
35,2015-07-10,11506,1
36,2015-07-10,8277,1
37,2015-07-10,6337,1
38,2015-07-10,4552,1
39,2015-07-10,3620,1
40,2015-07-10,3286,1
41,2015-07-10,5146,1
42,2015-07-10,8564,1
43,2015-07-10,5421,1
44,2015-07-10,4939,1
45,2015-07-10,4765,1
46,2015-07-10,4457,1
47,2015-07-10,6679,1
48,2015-07-10,3205,1
49,2015-07-10,7894,1
50,2015-07-10,3780,1
1,2015-07-09,3897,1
2,2015-07-09,4082,1
3,2015-07-09,6613,1
4,2015-07-09,9093,1
5,2015-07-09,4601,1
6,2015-07-09,4095,1
7,2015-07-09,9608,1
8,2015-07-09,5602,1
9,2015-07-09,6285,1
10,2015-07-09,4871,1
11,2015-07-09,6595,1
12,2015-07-09,6090,1
13,2015-07-09,4350,1
14,2015-07-09,5050,1
15,2015-07-09,5609,1
16,2015-07-09,6867,1
17,2015-07-09,5478,1
18,2015-07-09,6382,1
19,2015-07-09,5230,1
20,2015-07-09,9084,1
21,2015-07-09,3484,1
22,2015-07-09,4534,1
23,2015-07-09,4986,1
24,2015-07-09,8638,1
25,2015-07-09,10159,1
26,2015-07-09,6397,1
27,2015-07-09,8294,1
28,2015-07-09,4241,1
29,2015-07-09,6947,1
30,2015-07-09,3707,1
31,2015-07-09,4927,1
32,2015-07-09,3337,1
33,2015-07-09,7579,1
34,2015-07-09,7606,1
35,2015-07-09,9876,1
36,2015-07-09,8055,1
37,2015-07-09,6247,1
38,2015-07-09,4707,1
39,2015-07-09,3894,1
40,2015-07-09,3873,1
41,2015-07-09,5512,1
42,2015-07-09,8626,1
43,2015-07-09,5115,1
44,2015-07-09,3852,1
45,2015-07-09,4006,1
46,2015-07-09,4511,1
47,2015-07-09,6747,1
48,2015-07-09,2782,1
49,2015-07-09,6461,1
50,2015-07-09,3565,1
1,2015-07-08,3797,1
2,2015-07-08,5676,1
3,2015-07-08,6347,1
4,2015-07-08,8620,1
5,2015-07-08,4990,1
6,2015-07-08,4072,1
7,2015-07-08,9204,1
8,2015-07-08,5322,1
9,2015-07-08,5621,1
10,2015-07-08,4865,1
11,2015-07-08,6907,1
12,2015-07-08,6350,1
13,2015-07-08,3709,1
14,2015-07-08,4720,1
15,2015-07-08,5466,1
16,2015-07-08,8224,1
17,2015-07-08,5876,1
18,2015-07-08,6676,1
19,2015-07-08,5350,1
20,2015-07-08,7708,1
21,2015-07-08,3950,1
22,2015-07-08,4194,1
23,2015-07-08,4294,1
24,2015-07-08,8909,1
25,2015-07-08,9246,1
26,2015-07-08,6641,1
27,2015-07-08,8125,1
28,2015-07-08,3912,1
29,2015-07-08,6816,1
30,2015-07-08,4042,1
31,2015-07-08,4747,1
32,2015-07-08,3784,1
33,2015-07-08,7043,1
34,2015-07-08,7592,1
35,2015-07-08,9574,1
36,2015-07-08,8021,1
37,2015-07-08,5547,1
38,2015-07-08,4668,1
39,2015-07-08,4343,1
40,2015-07-08,3678,1
41,2015-07-08,3936,1
42,2015-07-08,9983,1
43,2015-07-08,5455,1
44,2015-07-08,4533,1
45,2015-07-08,4278,1
46,2015-07-08,4299,1
47,2015-07-08,6580,1
48,2015-07-08,3451,1
49,2015-07-08,6968,1
50,2015-07-08,4162,1
1,2015-07-07,3650,1
2,2015-07-07,4313,1
3,2015-07-07,6180,1
4,2015-07-07,8127,1
5,2015-07-07,4036,1
6,2015-07-07,4021,1
7,2015-07-07,9207,1
8,2015-07-07,5365,1
9,2015-07-07,6940,1
10,2015-07-07,5476,1
11,2015-07-07,6620,1
12,2015-07-07,5808,1
13,2015-07-07,3129,1
14,2015-07-07,4955,1
15,2015-07-07,5555,1
16,2015-07-07,6992,1
17,2015-07-07,5184,1
18,2015-07-07,5627,1
19,2015-07-07,5873,1
20,2015-07-07,7632,1
21,2015-07-07,4037,1
22,2015-07-07,3757,1
23,2015-07-07,3914,1
24,2015-07-07,7651,1
25,2015-07-07,8802,1
26,2015-07-07,4909,1
27,2015-07-07,7958,1
28,2015-07-07,4022,1
29,2015-07-07,6223,1
30,2015-07-07,3226,1
31,2015-07-07,5148,1
32,2015-07-07,3747,1
33,2015-07-07,6077,1
34,2015-07-07,7832,1
35,2015-07-07,8801,1
36,2015-07-07,8931,1
37,2015-07-07,4782,1
38,2015-07-07,4346,1
39,2015-07-07,4084,1
40,2015-07-07,3496,1
41,2015-07-07,3728,1
42,2015-07-07,8473,1
43,2015-07-07,5654,1
44,2015-07-07,4341,1
45,2015-07-07,4330,1
46,2015-07-07,3726,1
47,2015-07-07,6175,1
48,2015-07-07,3011,1
49,2015-07-07,5594,1
50,2015-07-07,3700,1
1,2015-07-06,4359,1
2,2015-07-06,4132,1
3,2015-07-06,6736,1
4,2015-07-06,9967,1
5,2015-07-06,4328,1
6,2015-07-06,4508,1
7,2015-07-06,10790,1
8,2015-07-06,6740,1
9,2015-07-06,7758,1
10,2015-07-06,6143,1
11,2015-07-06,7135,1
12,2015-07-06,6226,1
13,2015-07-06,3055,1
14,2015-07-06,5706,1
15,2015-07-06,5431,1
16,2015-07-06,8059,1
17,2015-07-06,5446,1
18,2015-07-06,6614,1
19,2015-07-06,6542,1
20,2015-07-06,9124,1
21,2015-07-06,4271,1
22,2015-07-06,3681,1
23,2015-07-06,5393,1
24,2015-07-06,9427,1
25,2015-07-06,12496,1
26,2015-07-06,6257,1
27,2015-07-06,10271,1
28,2015-07-06,4179,1
29,2015-07-06,7703,1
30,2015-07-06,3764,1
31,2015-07-06,5356,1
32,2015-07-06,4035,1
33,2015-07-06,8602,1
34,2015-07-06,8650,1
35,2015-07-06,10894,1
36,2015-07-06,9741,1
37,2015-07-06,5393,1
38,2015-07-06,5469,1
39,2015-07-06,4779,1
40,2015-07-06,3747,1
41,2015-07-06,5035,1
42,2015-07-06,10124,1
43,2015-07-06,6993,1
44,2015-07-06,4845,1
45,2015-07-06,4976,1
46,2015-07-06,4494,1
47,2015-07-06,7258,1
48,2015-07-06,3734,1
49,2015-07-06,6660,1
50,2015-07-06,3815,1
1,2015-07-04,4797,1
2,2015-07-04,4475,1
3,2015-07-04,4482,1
4,2015-07-04,9358,1
5,2015-07-04,2240,1
6,2015-07-04,2979,1
7,2015-07-04,6559,1
8,2015-07-04,3418,1
9,2015-07-04,6223,1
10,2015-07-04,5120,1
11,2015-07-04,5372,1
12,2015-07-04,5119,1
13,2015-07-04,3906,1
14,2015-07-04,3649,1
15,2015-07-04,5388,1
16,2015-07-04,5054,1
17,2015-07-04,2592,1
18,2015-07-04,5001,1
19,2015-07-04,4013,1
20,2015-07-04,5383,1
21,2015-07-04,4734,1
22,2015-07-04,3188,1
23,2015-07-04,3810,1
24,2015-07-04,6454,1
25,2015-07-04,8243,1
26,2015-07-04,5313,1
27,2015-07-04,5233,1
28,2015-07-04,1891,1
29,2015-07-04,6228,1
30,2015-07-04,2919,1
31,2015-07-04,5342,1
32,2015-07-04,2805,1
33,2015-07-04,7914,1
34,2015-07-04,7511,1
35,2015-07-04,8089,1
36,2015-07-04,9217,1
37,2015-07-04,5594,1
38,2015-07-04,6061,1
39,2015-07-04,3203,1
40,2015-07-04,3634,1
41,2015-07-04,5994,1
42,2015-07-04,6597,1
43,2015-07-04,4167,1
44,2015-07-04,3490,1
45,2015-07-04,5752,1
46,2015-07-04,4085,1
47,2015-07-04,4607,1
48,2015-07-04,2478,1
49,2015-07-04,7578,1
50,2015-07-04,4186,1
1,2015-07-03,4665,1
2,2015-07-03,4838,1
3,2015-07-03,8149,1
4,2015-07-03,11543,1
5,2015-07-03,4475,1
6,2015-07-03,4594,1
7,2015-07-03,11976,1
8,2015-07-03,6535,1
9,2015-07-03,8363,1
10,2015-07-03,5915,1
11,2015-07-03,7689,1
12,2015-07-03,7311,1
13,2015-07-03,8948,1
14,2015-07-03,6252,1
15,2015-07-03,7554,1
16,2015-07-03,9453,1
17,2015-07-03,5948,1
18,2015-07-03,7810,1
19,2015-07-03,7619,1
20,2015-07-03,7548,1
21,2015-07-03,6743,1
22,2015-07-03,5673,1
23,2015-07-03,6202,1
24,2015-07-03,10896,1
25,2015-07-03,10709,1
26,2015-07-03,7260,1
27,2015-07-03,10286,1
28,2015-07-03,5027,1
29,2015-07-03,9644,1
30,2015-07-03,3684,1
31,2015-07-03,6714,1
32,2015-07-03,5415,1
33,2015-07-03,8194,1
34,2015-07-03,8951,1
35,2015-07-03,13950,1
36,2015-07-03,9388,1
37,2015-07-03,7024,1
38,2015-07-03,5701,1
39,2015-07-03,5371,1
40,2015-07-03,4038,1
41,2015-07-03,6289,1
42,2015-07-03,9872,1
43,2015-07-03,7429,1
44,2015-07-03,6152,1
45,2015-07-03,6517,1
46,2015-07-03,5239,1
47,2015-07-03,7046,1
48,2015-07-03,3672,1
49,2015-07-03,8214,1
50,2015-07-03,4439,1
1,2015-07-02,5558,1
2,2015-07-02,6189,1
3,2015-07-02,7450,1
4,2015-07-02,10323,1
5,2015-07-02,6035,1
6,2015-07-02,5335,1
7,2015-07-02,10996,1
8,2015-07-02,8658,1
9,2015-07-02,8395,1
10,2015-07-02,6317,1
11,2015-07-02,7961,1
12,2015-07-02,7886,1
13,2015-07-02,5652,1
14,2015-07-02,6153,1
15,2015-07-02,7242,1
16,2015-07-02,8407,1
17,2015-07-02,6084,1
18,2015-07-02,7971,1
19,2015-07-02,7493,1
20,2015-07-02,9741,1
21,2015-07-02,5959,1
22,2015-07-02,5134,1
23,2015-07-02,6242,1
24,2015-07-02,8731,1
25,2015-07-02,12263,1
26,2015-07-02,8172,1
27,2015-07-02,9896,1
28,2015-07-02,6073,1
29,2015-07-02,7713,1
30,2015-07-02,4277,1
31,2015-07-02,6660,1
32,2015-07-02,5445,1
33,2015-07-02,8469,1
34,2015-07-02,9879,1
35,2015-07-02,12373,1
36,2015-07-02,9476,1
37,2015-07-02,7953,1
38,2015-07-02,6007,1
39,2015-07-02,5596,1
40,2015-07-02,4413,1
41,2015-07-02,5219,1
42,2015-07-02,10296,1
43,2015-07-02,6796,1
44,2015-07-02,6299,1
45,2015-07-02,5464,1
46,2015-07-02,4644,1
47,2015-07-02,7908,1
48,2015-07-02,3940,1
49,2015-07-02,8095,1
50,2015-07-02,4279,1
1,2015-07-01,5223,1
2,2015-07-01,6431,1
3,2015-07-01,8311,1
4,2015-07-01,11216,1
5,2015-07-01,6253,1
6,2015-07-01,5804,1
7,2015-07-01,11024,1
8,2015-07-01,8523,1
9,2015-07-01,8490,1
10,2015-07-01,7896,1
11,2015-07-01,9599,1
12,2015-07-01,7765,1
13,2015-07-01,6796,1
14,2015-07-01,5881,1
15,2015-07-01,6043,1
16,2015-07-01,10529,1
17,2015-07-01,6779,1
18,2015-07-01,7215,1
19,2015-07-01,8679,1
20,2015-07-01,8977,1
21,2015-07-01,5169,1
22,2015-07-01,5181,1
23,2015-07-01,7580,1
24,2015-07-01,10589,1
25,2015-07-01,12712,1
26,2015-07-01,7222,1
27,2015-07-01,10857,1
28,2015-07-01,5702,1
29,2015-07-01,9416,1
30,2015-07-01,4903,1
31,2015-07-01,7068,1
32,2015-07-01,5614,1
33,2015-07-01,9403,1
34,2015-07-01,9822,1
35,2015-07-01,11007,1
36,2015-07-01,10145,1
37,2015-07-01,6907,1
38,2015-07-01,7684,1
39,2015-07-01,6567,1
40,2015-07-01,4789,1
41,2015-07-01,5408,1
42,2015-07-01,11403,1
43,2015-07-01,6547,1
44,2015-07-01,6921,1
45,2015-07-01,5621,1
46,2015-07-01,4733,1
47,2015-07-01,7887,1
48,2015-07-01,4214,1
49,2015-07-01,8451,1
50,2015-07-01,5760,1
1,2015-06-30,5735,1
2,2015-06-30,9863,1
3,2015-06-30,13261,1
4,2015-06-30,13106,1
5,2015-06-30,6635,1
6,2015-06-30,7427,1
7,2015-06-30,14838,1
8,2015-06-30,9836,1
9,2015-06-30,10447,1
10,2015-06-30,8565,1
11,2015-06-30,11706,1
12,2015-06-30,13704,1
13,2015-06-30,6110,1
14,2015-06-30,10175,1
15,2015-06-30,11332,1
16,2015-06-30,11120,1
17,2015-06-30,11774,1
18,2015-06-30,10838,1
19,2015-06-30,9628,1
20,2015-06-30,11417,1
21,2015-06-30,9921,1
22,2015-06-30,8050,1
23,2015-06-30,7929,1
24,2015-06-30,18220,1
25,2015-06-30,16572,1
26,2015-06-30,8697,1
27,2015-06-30,19780,1
28,2015-06-30,6959,1
29,2015-06-30,11043,1
30,2015-06-30,6456,1
31,2015-06-30,8121,1
32,2015-06-30,5980,1
33,2015-06-30,12232,1
34,2015-06-30,11748,1
35,2015-06-30,21331,1
36,2015-06-30,12651,1
37,2015-06-30,8478,1
38,2015-06-30,8440,1
39,2015-06-30,8047,1
40,2015-06-30,5251,1
41,2015-06-30,8145,1
42,2015-06-30,18426,1
43,2015-06-30,11159,1
44,2015-06-30,7837,1
45,2015-06-30,6372,1
46,2015-06-30,8502,1
47,2015-06-30,13635,1
48,2015-06-30,4987,1
49,2015-06-30,9756,1
50,2015-06-30,6242,1
1,2015-06-29,5197,1
2,2015-06-29,7961,1
3,2015-06-29,10243,1
4,2015-06-29,11692,1
5,2015-06-29,7623,1
6,2015-06-29,6995,1
7,2015-06-29,13689,1
8,2015-06-29,10444,1
9,2015-06-29,13457,1
10,2015-06-29,8057,1
11,2015-06-29,11296,1
12,2015-06-29,13738,1
13,2015-06-29,6741,1
14,2015-06-29,8671,1
15,2015-06-29,11290,1
16,2015-06-29,12614,1
17,2015-06-29,10474,1
18,2015-06-29,11224,1
19,2015-06-29,11782,1
20,2015-06-29,12156,1
21,2015-06-29,10608,1
22,2015-06-29,8339,1
23,2015-06-29,9522,1
24,2015-06-29,16618,1
25,2015-06-29,14621,1
26,2015-06-29,11005,1
27,2015-06-29,18736,1
28,2015-06-29,8496,1
29,2015-06-29,14107,1
30,2015-06-29,6701,1
31,2015-06-29,7416,1
32,2015-06-29,6176,1
33,2015-06-29,12165,1
34,2015-06-29,12108,1
35,2015-06-29,21370,1
36,2015-06-29,12727,1
37,2015-06-29,9069,1
38,2015-06-29,11180,1
39,2015-06-29,8158,1
40,2015-06-29,4853,1
41,2015-06-29,8013,1
42,2015-06-29,18911,1
43,2015-06-29,11757,1
44,2015-06-29,8698,1
45,2015-06-29,8569,1
46,2015-06-29,8621,1
47,2015-06-29,11392,1
48,2015-06-29,5030,1
49,2015-06-29,10957,1
50,2015-06-29,7372,1
1,2015-06-27,4019,1
2,2015-06-27,2404,1
3,2015-06-27,5156,1
4,2015-06-27,8989,1
5,2015-06-27,1876,1
6,2015-06-27,3078,1
7,2015-06-27,6519,1
8,2015-06-27,3611,1
9,2015-06-27,7069,1
10,2015-06-27,4595,1
11,2015-06-27,6001,1
12,2015-06-27,6546,1
13,2015-06-27,4801,1
14,2015-06-27,3498,1
15,2015-06-27,6275,1
16,2015-06-27,4545,1
17,2015-06-27,2466,1
18,2015-06-27,4598,1
19,2015-06-27,4732,1
20,2015-06-27,6576,1
21,2015-06-27,5766,1
22,2015-06-27,3159,1
23,2015-06-27,4190,1
24,2015-06-27,7989,1
25,2015-06-27,9082,1
26,2015-06-27,6926,1
27,2015-06-27,7452,1
28,2015-06-27,2307,1
29,2015-06-27,7876,1
30,2015-06-27,3822,1
31,2015-06-27,5656,1
32,2015-06-27,2034,1
33,2015-06-27,9329,1
34,2015-06-27,7280,1
35,2015-06-27,9169,1
36,2015-06-27,10581,1
37,2015-06-27,7619,1
38,2015-06-27,6595,1
39,2015-06-27,2477,1
40,2015-06-27,4689,1
41,2015-06-27,6335,1
42,2015-06-27,8626,1
43,2015-06-27,4756,1
44,2015-06-27,3513,1
45,2015-06-27,6057,1
46,2015-06-27,5743,1
47,2015-06-27,5939,1
48,2015-06-27,2666,1
49,2015-06-27,7569,1
50,2015-06-27,4870,1
1,2015-06-26,3317,1
2,2015-06-26,3953,1
3,2015-06-26,6222,1
4,2015-06-26,7684,1
5,2015-06-26,3799,1
6,2015-06-26,4215,1
7,2015-06-26,7352,1
8,2015-06-26,5016,1
9,2015-06-26,6549,1
10,2015-06-26,4771,1
11,2015-06-26,6102,1
12,2015-06-26,6275,1
13,2015-06-26,3702,1
14,2015-06-26,5232,1
15,2015-06-26,6376,1
16,2015-06-26,6921,1
17,2015-06-26,4728,1
18,2015-06-26,6182,1
19,2015-06-26,6505,1
20,2015-06-26,7005,1
21,2015-06-26,5327,1
22,2015-06-26,4886,1
23,2015-06-26,4546,1
24,2015-06-26,8414,1
25,2015-06-26,9430,1
26,2015-06-26,5426,1
27,2015-06-26,7830,1
28,2015-06-26,4677,1
29,2015-06-26,6857,1
30,2015-06-26,3190,1
31,2015-06-26,4487,1
32,2015-06-26,3629,1
33,2015-06-26,7409,1
34,2015-06-26,6481,1
35,2015-06-26,10492,1
36,2015-06-26,7900,1
37,2015-06-26,5322,1
38,2015-06-26,5070,1
39,2015-06-26,3676,1
40,2015-06-26,3741,1
41,2015-06-26,5559,1
42,2015-06-26,9037,1
43,2015-06-26,5899,1
44,2015-06-26,4595,1
45,2015-06-26,4449,1
46,2015-06-26,4618,1
47,2015-06-26,6242,1
48,2015-06-26,3113,1
49,2015-06-26,7700,1
50,2015-06-26,3858,1
1,2015-06-25,3533,1
2,2015-06-25,4022,1
3,2015-06-25,5763,1
4,2015-06-25,7111,1
5,2015-06-25,3325,1
6,2015-06-25,3861,1
7,2015-06-25,6875,1
8,2015-06-25,5956,1
9,2015-06-25,6674,1
10,2015-06-25,5018,1
11,2015-06-25,6012,1
12,2015-06-25,6205,1
13,2015-06-25,5830,1
14,2015-06-25,5089,1
15,2015-06-25,4979,1
16,2015-06-25,6843,1
17,2015-06-25,4403,1
18,2015-06-25,6160,1
19,2015-06-25,5268,1
20,2015-06-25,8360,1
21,2015-06-25,3441,1
22,2015-06-25,3956,1
23,2015-06-25,3562,1
24,2015-06-25,8461,1
25,2015-06-25,9116,1
26,2015-06-25,4897,1
27,2015-06-25,7288,1
28,2015-06-25,3543,1
29,2015-06-25,6179,1
30,2015-06-25,3400,1
31,2015-06-25,4370,1
32,2015-06-25,3284,1
33,2015-06-25,6533,1
34,2015-06-25,7229,1
35,2015-06-25,9504,1
36,2015-06-25,8452,1
37,2015-06-25,4315,1
38,2015-06-25,4663,1
39,2015-06-25,4186,1
40,2015-06-25,3583,1
41,2015-06-25,4505,1
42,2015-06-25,8922,1
43,2015-06-25,5643,1
44,2015-06-25,4389,1
45,2015-06-25,4057,1
46,2015-06-25,4319,1
47,2015-06-25,6165,1
48,2015-06-25,2890,1
49,2015-06-25,5917,1
50,2015-06-25,3064,1
1,2015-06-24,3346,1
2,2015-06-24,4805,1
3,2015-06-24,5448,1
4,2015-06-24,8048,1
5,2015-06-24,4134,1
6,2015-06-24,3970,1
7,2015-06-24,6913,1
8,2015-06-24,5005,1
9,2015-06-24,6888,1
10,2015-06-24,4896,1
11,2015-06-24,5702,1
12,2015-06-24,5403,1
13,2015-06-24,3056,1
14,2015-06-24,5344,1
15,2015-06-24,5339,1
16,2015-06-24,6919,1
17,2015-06-24,4524,1
18,2015-06-24,6034,1
19,2015-06-24,6725,1
20,2015-06-24,8160,1
21,2015-06-24,3448,1
22,2015-06-24,4063,1
23,2015-06-24,4296,1
24,2015-06-24,9471,1
25,2015-06-24,9138,1
26,2015-06-24,4750,1
27,2015-06-24,8103,1
28,2015-06-24,3466,1
29,2015-06-24,7251,1
30,2015-06-24,3242,1
31,2015-06-24,4338,1
32,2015-06-24,3409,1
33,2015-06-24,6853,1
34,2015-06-24,6982,1
35,2015-06-24,8803,1
36,2015-06-24,8241,1
37,2015-06-24,4191,1
38,2015-06-24,4731,1
39,2015-06-24,3813,1
40,2015-06-24,3506,1
41,2015-06-24,4579,1
42,2015-06-24,10302,1
43,2015-06-24,5836,1
44,2015-06-24,4191,1
45,2015-06-24,3624,1
46,2015-06-24,3469,1
47,2015-06-24,5832,1
48,2015-06-24,2681,1
49,2015-06-24,6216,1
50,2015-06-24,3249,1
1,2015-06-23,3762,1
2,2015-06-23,4094,1
3,2015-06-23,6757,1
4,2015-06-23,7635,1
5,2015-06-23,3697,1
6,2015-06-23,3829,1
7,2015-06-23,7861,1
8,2015-06-23,5501,1
9,2015-06-23,5714,1
10,2015-06-23,5244,1
11,2015-06-23,6003,1
12,2015-06-23,6046,1
13,2015-06-23,3681,1
14,2015-06-23,5346,1
15,2015-06-23,5143,1
16,2015-06-23,7392,1
17,2015-06-23,5203,1
18,2015-06-23,5755,1
19,2015-06-23,6162,1
20,2015-06-23,8512,1
21,2015-06-23,3981,1
22,2015-06-23,4132,1
23,2015-06-23,3913,1
24,2015-06-23,7483,1
25,2015-06-23,9788,1
26,2015-06-23,5306,1
27,2015-06-23,8175,1
28,2015-06-23,3791,1
29,2015-06-23,6875,1
30,2015-06-23,3584,1
31,2015-06-23,4327,1
32,2015-06-23,3752,1
33,2015-06-23,7170,1
34,2015-06-23,6324,1
35,2015-06-23,8659,1
36,2015-06-23,8768,1
37,2015-06-23,4368,1
38,2015-06-23,4229,1
39,2015-06-23,3573,1
40,2015-06-23,3798,1
41,2015-06-23,4926,1
42,2015-06-23,8742,1
43,2015-06-23,5903,1
44,2015-06-23,3557,1
45,2015-06-23,3313,1
46,2015-06-23,4160,1
47,2015-06-23,6347,1
48,2015-06-23,2817,1
49,2015-06-23,5629,1
50,2015-06-23,2971,1
1,2015-06-22,3846,1
2,2015-06-22,4123,1
3,2015-06-22,5840,1
4,2015-06-22,9118,1
5,2015-06-22,3827,1
6,2015-06-22,3641,1
7,2015-06-22,7917,1
8,2015-06-22,4796,1
9,2015-06-22,6121,1
10,2015-06-22,4264,1
11,2015-06-22,6155,1
12,2015-06-22,5525,1
13,2015-06-22,2603,1
14,2015-06-22,4687,1
15,2015-06-22,5513,1
16,2015-06-22,7850,1
17,2015-06-22,4926,1
18,2015-06-22,5818,1
19,2015-06-22,5808,1
20,2015-06-22,7826,1
21,2015-06-22,4000,1
22,2015-06-22,4093,1
23,2015-06-22,3968,1
24,2015-06-22,7579,1
25,2015-06-22,10972,1
26,2015-06-22,5458,1
27,2015-06-22,7710,1
28,2015-06-22,3516,1
29,2015-06-22,6798,1
30,2015-06-22,3010,1
31,2015-06-22,4779,1
32,2015-06-22,3619,1
33,2015-06-22,6871,1
34,2015-06-22,7389,1
35,2015-06-22,9750,1
36,2015-06-22,9140,1
37,2015-06-22,5061,1
38,2015-06-22,4676,1
39,2015-06-22,3794,1
40,2015-06-22,3183,1
41,2015-06-22,5190,1
42,2015-06-22,8284,1
43,2015-06-22,5993,1
44,2015-06-22,4010,1
45,2015-06-22,4043,1
46,2015-06-22,3792,1
47,2015-06-22,6812,1
48,2015-06-22,2697,1
49,2015-06-22,5562,1
50,2015-06-22,2901,1
1,2015-06-20,4097,1
2,2015-06-20,3020,1
3,2015-06-20,3891,1
4,2015-06-20,9374,1
5,2015-06-20,2088,1
6,2015-06-20,2793,1
7,2015-06-20,5572,1
8,2015-06-20,3611,1
9,2015-06-20,6179,1
10,2015-06-20,4736,1
11,2015-06-20,5293,1
12,2015-06-20,6602,1
13,2015-06-20,4391,1
14,2015-06-20,3472,1
15,2015-06-20,5405,1
16,2015-06-20,5696,1
17,2015-06-20,2480,1
18,2015-06-20,4671,1
19,2015-06-20,4801,1
20,2015-06-20,5199,1
21,2015-06-20,4665,1
22,2015-06-20,3603,1
23,2015-06-20,4426,1
24,2015-06-20,7714,1
25,2015-06-20,8067,1
26,2015-06-20,6367,1
27,2015-06-20,7350,1
28,2015-06-20,1830,1
29,2015-06-20,8117,1
30,2015-06-20,3622,1
31,2015-06-20,5032,1
32,2015-06-20,2215,1
33,2015-06-20,8094,1
34,2015-06-20,7400,1
35,2015-06-20,8387,1
36,2015-06-20,9916,1
37,2015-06-20,7066,1
38,2015-06-20,7041,1
39,2015-06-20,2753,1
40,2015-06-20,4532,1
41,2015-06-20,6457,1
42,2015-06-20,8482,1
43,2015-06-20,4560,1
44,2015-06-20,4108,1
45,2015-06-20,5313,1
46,2015-06-20,4812,1
47,2015-06-20,5430,1
48,2015-06-20,2503,1
49,2015-06-20,6785,1
50,2015-06-20,4189,1
1,2015-06-19,4202,1
2,2015-06-19,4926,1
3,2015-06-19,8074,1
4,2015-06-19,9686,1
5,2015-06-19,5711,1
6,2015-06-19,5464,1
7,2015-06-19,9677,1
8,2015-06-19,6773,1
9,2015-06-19,7849,1
10,2015-06-19,6191,1
11,2015-06-19,6592,1
12,2015-06-19,8836,1
13,2015-06-19,5546,1
14,2015-06-19,6239,1
15,2015-06-19,7851,1
16,2015-06-19,8580,1
17,2015-06-19,6820,1
18,2015-06-19,8270,1
19,2015-06-19,8508,1
20,2015-06-19,8505,1
21,2015-06-19,7499,1
22,2015-06-19,5765,1
23,2015-06-19,6435,1
24,2015-06-19,11395,1
25,2015-06-19,10679,1
26,2015-06-19,7730,1
27,2015-06-19,11190,1
28,2015-06-19,5100,1
29,2015-06-19,8746,1
30,2015-06-19,3668,1
31,2015-06-19,5881,1
32,2015-06-19,5085,1
33,2015-06-19,8165,1
34,2015-06-19,8348,1
35,2015-06-19,12160,1
36,2015-06-19,9326,1
37,2015-06-19,8189,1
38,2015-06-19,6571,1
39,2015-06-19,4907,1
40,2015-06-19,4462,1
41,2015-06-19,6050,1
42,2015-06-19,10251,1
43,2015-06-19,7486,1
44,2015-06-19,5724,1
45,2015-06-19,5888,1
46,2015-06-19,6473,1
47,2015-06-19,7509,1
48,2015-06-19,4319,1
49,2015-06-19,8387,1
50,2015-06-19,4837,1
1,2015-06-18,4645,1
2,2015-06-18,5154,1
3,2015-06-18,7537,1
4,2015-06-18,8880,1
5,2015-06-18,4924,1
6,2015-06-18,4405,1
7,2015-06-18,8955,1
8,2015-06-18,7302,1
9,2015-06-18,8098,1
10,2015-06-18,5829,1
11,2015-06-18,6637,1
12,2015-06-18,8058,1
13,2015-06-18,5047,1
14,2015-06-18,5918,1
15,2015-06-18,6786,1
16,2015-06-18,7026,1
17,2015-06-18,7241,1
18,2015-06-18,7818,1
19,2015-06-18,7911,1
20,2015-06-18,9105,1
21,2015-06-18,6318,1
22,2015-06-18,4545,1
23,2015-06-18,5879,1
24,2015-06-18,9734,1
25,2015-06-18,11233,1
26,2015-06-18,8043,1
27,2015-06-18,10496,1
28,2015-06-18,5634,1
29,2015-06-18,9408,1
30,2015-06-18,4482,1
31,2015-06-18,5984,1
32,2015-06-18,4152,1
33,2015-06-18,8856,1
34,2015-06-18,8451,1
35,2015-06-18,13133,1
36,2015-06-18,9491,1
37,2015-06-18,6953,1
38,2015-06-18,5647,1
39,2015-06-18,4923,1
40,2015-06-18,4650,1
41,2015-06-18,7141,1
42,2015-06-18,11218,1
43,2015-06-18,6901,1
44,2015-06-18,4859,1
45,2015-06-18,5481,1
46,2015-06-18,5787,1
47,2015-06-18,7721,1
48,2015-06-18,3441,1
49,2015-06-18,7760,1
50,2015-06-18,5401,1
1,2015-06-17,4000,1
2,2015-06-17,6924,1
3,2015-06-17,8524,1
4,2015-06-17,9685,1
5,2015-06-17,5632,1
6,2015-06-17,5135,1
7,2015-06-17,9041,1
8,2015-06-17,7751,1
9,2015-06-17,8045,1
10,2015-06-17,6338,1
11,2015-06-17,8557,1
12,2015-06-17,10070,1
13,2015-06-17,5885,1
14,2015-06-17,6108,1
15,2015-06-17,7026,1
16,2015-06-17,9922,1
17,2015-06-17,7672,1
18,2015-06-17,8194,1
19,2015-06-17,9076,1
20,2015-06-17,9647,1
21,2015-06-17,5302,1
22,2015-06-17,5407,1
23,2015-06-17,5886,1
24,2015-06-17,10717,1
25,2015-06-17,12022,1
26,2015-06-17,7037,1
27,2015-06-17,11877,1
28,2015-06-17,5316,1
29,2015-06-17,9075,1
30,2015-06-17,4213,1
31,2015-06-17,6306,1
32,2015-06-17,5405,1
33,2015-06-17,8899,1
34,2015-06-17,8482,1
35,2015-06-17,13833,1
36,2015-06-17,9866,1
37,2015-06-17,6197,1
38,2015-06-17,7538,1
39,2015-06-17,5593,1
40,2015-06-17,4398,1
41,2015-06-17,5709,1
42,2015-06-17,12636,1
43,2015-06-17,7895,1
44,2015-06-17,5812,1
45,2015-06-17,6129,1
46,2015-06-17,6353,1
47,2015-06-17,9298,1
48,2015-06-17,3895,1
49,2015-06-17,7977,1
50,2015-06-17,4485,1
1,2015-06-16,4852,1
2,2015-06-16,6243,1
3,2015-06-16,9780,1
4,2015-06-16,10671,1
5,2015-06-16,6354,1
6,2015-06-16,5804,1
7,2015-06-16,11151,1
8,2015-06-16,8386,1
9,2015-06-16,9078,1
10,2015-06-16,6681,1
11,2015-06-16,8810,1
12,2015-06-16,9626,1
13,2015-06-16,7159,1
14,2015-06-16,7071,1
15,2015-06-16,8600,1
16,2015-06-16,10333,1
17,2015-06-16,8129,1
18,2015-06-16,8488,1
19,2015-06-16,8467,1
20,2015-06-16,10223,1
21,2015-06-16,7567,1
22,2015-06-16,6523,1
23,2015-06-16,6911,1
24,2015-06-16,11824,1
25,2015-06-16,12278,1
26,2015-06-16,7485,1
27,2015-06-16,13517,1
28,2015-06-16,6464,1
29,2015-06-16,10375,1
30,2015-06-16,5958,1
31,2015-06-16,6906,1
32,2015-06-16,5221,1
33,2015-06-16,9792,1
34,2015-06-16,9036,1
35,2015-06-16,15392,1
36,2015-06-16,11218,1
37,2015-06-16,7646,1
38,2015-06-16,7795,1
39,2015-06-16,6519,1
40,2015-06-16,4985,1
41,2015-06-16,6407,1
42,2015-06-16,13845,1
43,2015-06-16,8927,1
44,2015-06-16,7358,1
45,2015-06-16,6190,1
46,2015-06-16,6652,1
47,2015-06-16,9007,1
48,2015-06-16,4217,1
49,2015-06-16,8892,1
50,2015-06-16,5090,1
1,2015-06-15,5518,1
2,2015-06-15,8106,1
3,2015-06-15,10818,1
4,2015-06-15,12398,1
5,2015-06-15,7808,1
6,2015-06-15,7147,1
7,2015-06-15,13175,1
8,2015-06-15,9937,1
9,2015-06-15,11530,1
10,2015-06-15,7902,1
11,2015-06-15,9241,1
12,2015-06-15,12031,1
13,2015-06-15,7808,1
14,2015-06-15,8077,1
15,2015-06-15,8825,1
16,2015-06-15,10967,1
17,2015-06-15,10137,1
18,2015-06-15,10402,1
19,2015-06-15,10181,1
20,2015-06-15,8315,1
21,2015-06-15,9248,1
22,2015-06-15,7857,1
23,2015-06-15,10398,1
24,2015-06-15,15726,1
25,2015-06-15,14639,1
26,2015-06-15,10881,1
27,2015-06-15,15147,1
28,2015-06-15,8124,1
29,2015-06-15,14823,1
30,2015-06-15,6066,1
31,2015-06-15,8014,1
32,2015-06-15,5932,1
33,2015-06-15,10956,1
34,2015-06-15,10873,1
35,2015-06-15,19593,1
36,2015-06-15,11082,1
37,2015-06-15,9898,1
38,2015-06-15,11080,1
39,2015-06-15,7910,1
40,2015-06-15,5044,1
41,2015-06-15,9177,1
42,2015-06-15,14938,1
43,2015-06-15,11329,1
44,2015-06-15,8913,1
45,2015-06-15,8196,1
46,2015-06-15,8239,1
47,2015-06-15,10358,1
48,2015-06-15,4804,1
49,2015-06-15,10422,1
50,2015-06-15,7510,1
1,2015-06-13,4256,1
2,2015-06-13,2574,1
3,2015-06-13,4687,1
4,2015-06-13,9779,1
5,2015-06-13,2156,1
6,2015-06-13,2812,1
7,2015-06-13,6590,1
8,2015-06-13,3456,1
9,2015-06-13,6165,1
10,2015-06-13,5892,1
11,2015-06-13,5856,1
12,2015-06-13,6214,1
13,2015-06-13,4728,1
14,2015-06-13,3541,1
15,2015-06-13,5787,1
16,2015-06-13,5565,1
17,2015-06-13,2491,1
18,2015-06-13,4437,1
19,2015-06-13,5288,1
20,2015-06-13,6302,1
21,2015-06-13,5417,1
22,2015-06-13,3615,1
23,2015-06-13,4562,1
24,2015-06-13,7996,1
25,2015-06-13,8235,1
26,2015-06-13,5264,1
27,2015-06-13,7239,1
28,2015-06-13,1985,1
29,2015-06-13,8408,1
30,2015-06-13,3277,1
31,2015-06-13,5103,1
32,2015-06-13,2345,1
33,2015-06-13,8702,1
34,2015-06-13,7904,1
35,2015-06-13,9269,1
36,2015-06-13,9588,1
37,2015-06-13,6474,1
38,2015-06-13,6924,1
39,2015-06-13,2092,1
40,2015-06-13,4886,1
41,2015-06-13,5242,1
42,2015-06-13,7990,1
43,2015-06-13,3254,1
44,2015-06-13,3585,1
45,2015-06-13,5541,1
46,2015-06-13,4833,1
47,2015-06-13,5010,1
48,2015-06-13,2723,1
49,2015-06-13,8136,1
50,2015-06-13,4303,1
1,2015-06-12,3695,1
2,2015-06-12,3539,1
3,2015-06-12,6181,1
4,2015-06-12,7889,1
5,2015-06-12,4329,1
6,2015-06-12,4070,1
7,2015-06-12,8490,1
8,2015-06-12,5474,1
9,2015-06-12,6429,1
10,2015-06-12,5385,1
11,2015-06-12,6123,1
12,2015-06-12,5650,1
13,2015-06-12,3541,1
14,2015-06-12,5108,1
15,2015-06-12,5757,1
16,2015-06-12,6869,1
17,2015-06-12,4759,1
18,2015-06-12,7273,1
19,2015-06-12,5963,1
20,2015-06-12,7282,1
21,2015-06-12,4989,1
22,2015-06-12,4108,1
23,2015-06-12,4760,1
24,2015-06-12,8623,1
25,2015-06-12,9065,1
26,2015-06-12,5879,1
27,2015-06-12,7393,1
28,2015-06-12,3921,1
29,2015-06-12,6192,1
30,2015-06-12,2779,1
31,2015-06-12,5386,1
32,2015-06-12,3252,1
33,2015-06-12,6992,1
34,2015-06-12,7603,1
35,2015-06-12,9344,1
36,2015-06-12,9156,1
37,2015-06-12,6068,1
38,2015-06-12,4180,1
39,2015-06-12,2694,1
40,2015-06-12,3195,1
41,2015-06-12,5343,1
42,2015-06-12,8307,1
43,2015-06-12,4706,1
44,2015-06-12,4818,1
45,2015-06-12,4546,1
46,2015-06-12,4295,1
47,2015-06-12,6064,1
48,2015-06-12,3306,1
49,2015-06-12,6448,1
50,2015-06-12,3048,1
1,2015-06-11,3627,1
2,2015-06-11,4240,1
3,2015-06-11,5656,1
4,2015-06-11,7407,1
5,2015-06-11,4082,1
6,2015-06-11,4047,1
7,2015-06-11,7106,1
8,2015-06-11,5703,1
9,2015-06-11,6359,1
10,2015-06-11,5065,1
11,2015-06-11,6444,1
12,2015-06-11,5754,1
13,2015-06-11,4677,1
14,2015-06-11,5048,1
15,2015-06-11,5911,1
16,2015-06-11,7611,1
17,2015-06-11,4882,1
18,2015-06-11,5210,1
19,2015-06-11,5856,1
20,2015-06-11,9130,1
21,2015-06-11,3122,1
22,2015-06-11,3985,1
23,2015-06-11,3883,1
24,2015-06-11,7959,1
25,2015-06-11,8906,1
26,2015-06-11,5258,1
27,2015-06-11,7529,1
28,2015-06-11,4239,1
29,2015-06-11,6305,1
30,2015-06-11,3635,1
31,2015-06-11,4251,1
32,2015-06-11,3378,1
33,2015-06-11,6950,1
34,2015-06-11,7262,1
35,2015-06-11,8970,1
36,2015-06-11,8177,1
37,2015-06-11,5004,1
38,2015-06-11,3821,1
39,2015-06-11,3769,1
40,2015-06-11,4128,1
41,2015-06-11,4700,1
42,2015-06-11,8917,1
43,2015-06-11,5039,1
44,2015-06-11,4110,1
45,2015-06-11,4285,1
46,2015-06-11,4191,1
47,2015-06-11,6021,1
48,2015-06-11,3004,1
49,2015-06-11,6027,1
50,2015-06-11,3456,1
1,2015-06-10,3591,1
2,2015-06-10,5035,1
3,2015-06-10,6440,1
4,2015-06-10,7445,1
5,2015-06-10,4191,1
6,2015-06-10,4326,1
7,2015-06-10,6746,1
8,2015-06-10,5246,1
9,2015-06-10,5849,1
10,2015-06-10,5853,1
11,2015-06-10,7456,1
12,2015-06-10,6184,1
13,2015-06-10,3533,1
14,2015-06-10,4909,1
15,2015-06-10,5569,1
16,2015-06-10,7630,1
17,2015-06-10,5142,1
18,2015-06-10,5973,1
19,2015-06-10,5965,1
20,2015-06-10,7826,1
21,2015-06-10,3245,1
22,2015-06-10,4114,1
23,2015-06-10,4492,1
24,2015-06-10,8192,1
25,2015-06-10,9346,1
26,2015-06-10,5323,1
27,2015-06-10,8588,1
28,2015-06-10,3847,1
29,2015-06-10,6418,1
30,2015-06-10,3295,1
31,2015-06-10,4238,1
32,2015-06-10,3796,1
33,2015-06-10,6500,1
34,2015-06-10,7050,1
35,2015-06-10,9053,1
36,2015-06-10,7786,1
37,2015-06-10,5267,1
38,2015-06-10,4177,1
39,2015-06-10,4170,1
40,2015-06-10,4126,1
41,2015-06-10,4913,1
42,2015-06-10,8866,1
43,2015-06-10,6071,1
44,2015-06-10,4594,1
45,2015-06-10,4449,1
46,2015-06-10,4188,1
47,2015-06-10,6118,1
48,2015-06-10,3299,1
49,2015-06-10,6242,1
50,2015-06-10,3245,1
1,2015-06-09,4102,1
2,2015-06-09,4097,1
3,2015-06-09,7127,1
4,2015-06-09,8002,1
5,2015-06-09,3999,1
6,2015-06-09,4223,1
7,2015-06-09,8439,1
8,2015-06-09,5273,1
9,2015-06-09,7033,1
10,2015-06-09,5299,1
11,2015-06-09,6438,1
12,2015-06-09,5772,1
13,2015-06-09,3577,1
14,2015-06-09,5622,1
15,2015-06-09,5109,1
16,2015-06-09,7243,1
17,2015-06-09,5972,1
18,2015-06-09,6297,1
19,2015-06-09,6615,1
20,2015-06-09,8753,1
21,2015-06-09,4893,1
22,2015-06-09,4457,1
23,2015-06-09,4133,1
24,2015-06-09,8702,1
25,2015-06-09,9798,1
26,2015-06-09,5163,1
27,2015-06-09,8319,1
28,2015-06-09,4383,1
29,2015-06-09,6855,1
30,2015-06-09,4171,1
31,2015-06-09,4521,1
32,2015-06-09,3813,1
33,2015-06-09,7317,1
34,2015-06-09,7563,1
35,2015-06-09,9596,1
36,2015-06-09,9063,1
37,2015-06-09,4840,1
38,2015-06-09,5164,1
39,2015-06-09,4125,1
40,2015-06-09,4491,1
41,2015-06-09,5403,1
42,2015-06-09,9527,1
43,2015-06-09,5828,1
44,2015-06-09,5001,1
45,2015-06-09,3795,1
46,2015-06-09,3911,1
47,2015-06-09,6428,1
48,2015-06-09,3068,1
49,2015-06-09,6299,1
50,2015-06-09,3855,1
1,2015-06-08,4071,1
2,2015-06-08,3918,1
3,2015-06-08,6567,1
4,2015-06-08,9640,1
5,2015-06-08,4260,1
6,2015-06-08,4426,1
7,2015-06-08,8409,1
8,2015-06-08,6142,1
9,2015-06-08,7884,1
10,2015-06-08,6428,1
11,2015-06-08,7118,1
12,2015-06-08,6382,1
13,2015-06-08,4032,1
14,2015-06-08,6111,1
15,2015-06-08,6177,1
16,2015-06-08,7819,1
17,2015-06-08,5564,1
18,2015-06-08,6476,1
19,2015-06-08,6755,1
20,2015-06-08,8608,1
21,2015-06-08,4224,1
22,2015-06-08,4457,1
23,2015-06-08,5150,1
24,2015-06-08,9407,1
25,2015-06-08,11460,1
26,2015-06-08,5755,1
27,2015-06-08,9121,1
28,2015-06-08,4073,1
29,2015-06-08,7315,1
30,2015-06-08,3610,1
31,2015-06-08,4405,1
32,2015-06-08,3790,1
33,2015-06-08,8429,1
34,2015-06-08,7944,1
35,2015-06-08,10050,1
36,2015-06-08,9128,1
37,2015-06-08,4990,1
38,2015-06-08,5155,1
39,2015-06-08,3936,1
40,2015-06-08,3973,1
41,2015-06-08,6182,1
42,2015-06-08,10101,1
43,2015-06-08,6784,1
44,2015-06-08,4850,1
45,2015-06-08,5275,1
46,2015-06-08,4388,1
47,2015-06-08,6809,1
48,2015-06-08,3437,1
49,2015-06-08,6876,1
50,2015-06-08,4023,1
1,2015-06-06,4183,1
2,2015-06-06,2641,1
3,2015-06-06,4622,1
4,2015-06-06,8218,1
5,2015-06-06,1838,1
6,2015-06-06,2800,1
7,2015-06-06,6508,1
8,2015-06-06,3349,1
9,2015-06-06,7157,1
10,2015-06-06,5087,1
11,2015-06-06,5417,1
12,2015-06-06,5531,1
13,2015-06-06,3801,1
14,2015-06-06,3640,1
15,2015-06-06,6393,1
16,2015-06-06,5162,1
17,2015-06-06,2557,1
18,2015-06-06,4740,1
19,2015-06-06,5400,1
20,2015-06-06,5442,1
21,2015-06-06,4476,1
22,2015-06-06,3120,1
23,2015-06-06,4332,1
24,2015-06-06,9040,1
25,2015-06-06,8830,1
26,2015-06-06,5579,1
27,2015-06-06,8056,1
28,2015-06-06,2720,1
29,2015-06-06,8394,1
30,2015-06-06,3966,1
31,2015-06-06,5775,1
32,2015-06-06,2606,1
33,2015-06-06,9206,1
34,2015-06-06,7823,1
35,2015-06-06,9621,1
36,2015-06-06,9407,1
37,2015-06-06,6852,1
38,2015-06-06,6685,1
39,2015-06-06,3194,1
40,2015-06-06,4939,1
41,2015-06-06,6384,1
42,2015-06-06,8220,1
43,2015-06-06,4354,1
44,2015-06-06,3433,1
45,2015-06-06,5876,1
46,2015-06-06,4256,1
47,2015-06-06,5721,1
48,2015-06-06,2450,1
49,2015-06-06,7929,1
50,2015-06-06,4581,1
1,2015-06-05,5384,1
2,2015-06-05,4938,1
3,2015-06-05,9685,1
4,2015-06-05,10416,1
5,2015-06-05,5431,1
6,2015-06-05,5393,1
7,2015-06-05,9689,1
8,2015-06-05,5904,1
9,2015-06-05,9786,1
10,2015-06-05,5828,1
11,2015-06-05,7661,1
12,2015-06-05,8976,1
13,2015-06-05,6797,1
14,2015-06-05,7252,1
15,2015-06-05,7552,1
16,2015-06-05,10056,1
17,2015-06-05,6659,1
18,2015-06-05,8233,1
19,2015-06-05,9568,1
20,2015-06-05,8704,1
21,2015-06-05,8263,1
22,2015-06-05,6454,1
23,2015-06-05,7281,1
24,2015-06-05,12970,1
25,2015-06-05,13330,1
26,2015-06-05,8126,1
27,2015-06-05,13638,1
28,2015-06-05,5556,1
29,2015-06-05,10607,1
30,2015-06-05,4684,1
31,2015-06-05,6041,1
32,2015-06-05,6370,1
33,2015-06-05,10169,1
34,2015-06-05,8726,1
35,2015-06-05,15342,1
36,2015-06-05,12772,1
37,2015-06-05,6862,1
38,2015-06-05,7964,1
39,2015-06-05,5457,1
40,2015-06-05,5101,1
41,2015-06-05,7896,1
42,2015-06-05,13114,1
43,2015-06-05,8779,1
44,2015-06-05,6089,1
45,2015-06-05,7717,1
46,2015-06-05,7410,1
47,2015-06-05,8220,1
48,2015-06-05,4321,1
49,2015-06-05,10316,1
50,2015-06-05,7213,1
2,2015-06-04,5810,1
4,2015-06-04,10200,1
5,2015-06-04,5807,1
6,2015-06-04,5749,1
7,2015-06-04,9696,1
8,2015-06-04,7964,1
10,2015-06-04,6486,1
11,2015-06-04,8101,1
12,2015-06-04,8360,1
15,2015-06-04,7528,1
17,2015-06-04,7776,1
18,2015-06-04,7727,1
26,2015-06-04,7794,1
28,2015-06-04,6241,1
31,2015-06-04,5994,1
34,2015-06-04,9211,1
37,2015-06-04,8314,1
44,2015-06-04,5862,1
47,2015-06-04,8055,1
48,2015-06-04,4025,1
1,2015-06-03,5809,1
2,2015-06-03,6682,1
3,2015-06-03,9590,1
4,2015-06-03,10621,1
5,2015-06-03,5703,1
6,2015-06-03,5960,1
7,2015-06-03,9541,1
8,2015-06-03,7244,1
9,2015-06-03,9984,1
10,2015-06-03,6648,1
11,2015-06-03,9429,1
12,2015-06-03,10171,1
13,2015-06-03,5512,1
14,2015-06-03,6713,1
15,2015-06-03,8366,1
16,2015-06-03,9548,1
17,2015-06-03,7897,1
18,2015-06-03,7966,1
19,2015-06-03,9616,1
20,2015-06-03,9814,1
21,2015-06-03,6409,1
22,2015-06-03,5517,1
23,2015-06-03,7441,1
24,2015-06-03,13705,1
25,2015-06-03,14023,1
26,2015-06-03,7435,1
27,2015-06-03,12935,1
28,2015-06-03,5431,1
29,2015-06-03,10834,1
30,2015-06-03,5491,1
31,2015-06-03,6422,1
32,2015-06-03,5345,1
33,2015-06-03,10305,1
34,2015-06-03,9629,1
35,2015-06-03,16384,1
36,2015-06-03,11555,1
37,2015-06-03,6822,1
38,2015-06-03,8681,1
39,2015-06-03,6929,1
40,2015-06-03,4732,1
41,2015-06-03,6740,1
42,2015-06-03,14374,1
43,2015-06-03,8413,1
44,2015-06-03,7389,1
45,2015-06-03,7892,1
46,2015-06-03,7055,1
47,2015-06-03,9384,1
48,2015-06-03,3866,1
49,2015-06-03,10154,1
50,2015-06-03,6217,1
1,2015-06-02,5450,1
2,2015-06-02,7099,1
3,2015-06-02,10455,1
4,2015-06-02,11222,1
5,2015-06-02,6416,1
6,2015-06-02,6887,1
7,2015-06-02,12486,1
8,2015-06-02,8143,1
9,2015-06-02,10248,1
10,2015-06-02,7572,1
11,2015-06-02,7922,1
12,2015-06-02,10130,1
13,2015-06-02,5879,1
14,2015-06-02,7005,1
15,2015-06-02,7769,1
16,2015-06-02,10184,1
17,2015-06-02,9671,1
18,2015-06-02,8649,1
19,2015-06-02,8063,1
20,2015-06-02,10534,1
21,2015-06-02,7815,1
22,2015-06-02,5729,1
23,2015-06-02,7542,1
24,2015-06-02,12809,1
25,2015-06-02,13582,1
26,2015-06-02,8588,1
27,2015-06-02,13872,1
28,2015-06-02,6552,1
29,2015-06-02,10285,1
30,2015-06-02,6062,1
31,2015-06-02,6289,1
32,2015-06-02,5555,1
33,2015-06-02,10015,1
34,2015-06-02,10628,1
35,2015-06-02,16324,1
36,2015-06-02,10208,1
37,2015-06-02,7200,1
38,2015-06-02,8979,1
39,2015-06-02,6190,1
40,2015-06-02,4239,1
41,2015-06-02,5921,1
42,2015-06-02,13885,1
43,2015-06-02,8678,1
44,2015-06-02,7567,1
45,2015-06-02,5697,1
46,2015-06-02,6849,1
47,2015-06-02,9068,1
48,2015-06-02,4504,1
49,2015-06-02,8071,1
50,2015-06-02,6327,1
1,2015-06-01,5774,1
2,2015-06-01,6629,1
3,2015-06-01,11594,1
4,2015-06-01,13727,1
5,2015-06-01,8396,1
6,2015-06-01,7054,1
7,2015-06-01,14160,1
8,2015-06-01,10971,1
9,2015-06-01,12227,1
10,2015-06-01,7846,1
11,2015-06-01,11358,1
12,2015-06-01,13117,1
13,2015-06-01,7597,1
14,2015-06-01,8365,1
15,2015-06-01,10767,1
16,2015-06-01,11730,1
17,2015-06-01,10027,1
18,2015-06-01,10373,1
19,2015-06-01,9405,1
20,2015-06-01,11255,1
21,2015-06-01,8271,1
22,2015-06-01,6808,1
23,2015-06-01,9231,1
24,2015-06-01,16843,1
25,2015-06-01,16017,1
26,2015-06-01,11167,1
27,2015-06-01,17397,1
28,2015-06-01,6925,1
29,2015-06-01,15316,1
30,2015-06-01,6573,1
31,2015-06-01,8084,1
32,2015-06-01,6816,1
33,2015-06-01,11887,1
34,2015-06-01,11231,1
35,2015-06-01,20160,1
36,2015-06-01,11393,1
37,2015-06-01,10160,1
38,2015-06-01,11242,1
39,2015-06-01,8067,1
40,2015-06-01,4772,1
41,2015-06-01,8516,1
42,2015-06-01,16835,1
43,2015-06-01,11006,1
44,2015-06-01,7868,1
45,2015-06-01,8022,1
46,2015-06-01,8218,1
47,2015-06-01,11169,1
48,2015-06-01,5568,1
49,2015-06-01,10729,1
50,2015-06-01,7980,1
1,2015-05-30,5592,1
2,2015-05-30,3447,1
3,2015-05-30,4542,1
4,2015-05-30,12187,1
5,2015-05-30,2533,1
6,2015-05-30,3756,1
7,2015-05-30,6428,1
8,2015-05-30,4692,1
9,2015-05-30,7474,1
10,2015-05-30,5419,1
11,2015-05-30,6530,1
12,2015-05-30,7010,1
13,2015-05-30,5518,1
14,2015-05-30,3672,1
15,2015-05-30,7049,1
16,2015-05-30,5597,1
17,2015-05-30,3461,1
18,2015-05-30,6442,1
19,2015-05-30,5413,1
20,2015-05-30,7484,1
21,2015-05-30,5535,1
22,2015-05-30,4063,1
23,2015-05-30,5813,1
24,2015-05-30,8580,1
25,2015-05-30,10986,1
26,2015-05-30,7083,1
27,2015-05-30,8112,1
28,2015-05-30,2296,1
29,2015-05-30,8507,1
30,2015-05-30,4659,1
31,2015-05-30,6071,1
32,2015-05-30,2680,1
33,2015-05-30,10012,1
34,2015-05-30,9249,1
35,2015-05-30,10171,1
36,2015-05-30,11170,1
37,2015-05-30,8785,1
38,2015-05-30,7175,1
39,2015-05-30,3403,1
40,2015-05-30,4460,1
41,2015-05-30,7153,1
42,2015-05-30,8959,1
43,2015-05-30,4993,1
44,2015-05-30,3785,1
45,2015-05-30,6462,1
46,2015-05-30,6246,1
47,2015-05-30,6781,1
48,2015-05-30,2533,1
49,2015-05-30,9351,1
50,2015-05-30,5109,1
1,2015-05-29,4656,1
2,2015-05-29,4541,1
3,2015-05-29,7421,1
4,2015-05-29,10529,1
5,2015-05-29,5833,1
6,2015-05-29,5435,1
7,2015-05-29,10618,1
8,2015-05-29,6451,1
9,2015-05-29,7193,1
10,2015-05-29,6073,1
11,2015-05-29,8561,1
12,2015-05-29,7665,1
13,2015-05-29,4210,1
14,2015-05-29,6392,1
15,2015-05-29,8632,1
16,2015-05-29,7964,1
17,2015-05-29,7106,1
18,2015-05-29,8983,1
19,2015-05-29,8309,1
20,2015-05-29,7132,1
21,2015-05-29,5004,1
22,2015-05-29,4356,1
23,2015-05-29,5747,1
24,2015-05-29,11538,1
25,2015-05-29,13911,1
26,2015-05-29,7392,1
27,2015-05-29,10136,1
28,2015-05-29,5782,1
29,2015-05-29,8633,1
30,2015-05-29,4039,1
31,2015-05-29,6098,1
32,2015-05-29,3935,1
33,2015-05-29,8973,1
34,2015-05-29,8978,1
35,2015-05-29,12245,1
36,2015-05-29,8966,1
37,2015-05-29,7944,1
38,2015-05-29,6958,1
39,2015-05-29,6213,1
40,2015-05-29,3470,1
41,2015-05-29,6661,1
42,2015-05-29,11130,1
43,2015-05-29,7710,1
44,2015-05-29,5824,1
45,2015-05-29,5799,1
46,2015-05-29,4917,1
47,2015-05-29,8591,1
48,2015-05-29,3528,1
49,2015-05-29,7521,1
50,2015-05-29,4687,1
1,2015-05-28,4111,1
2,2015-05-28,4049,1
3,2015-05-28,6475,1
4,2015-05-28,8550,1
5,2015-05-28,4134,1
6,2015-05-28,4754,1
7,2015-05-28,7984,1
8,2015-05-28,6718,1
9,2015-05-28,6335,1
10,2015-05-28,5070,1
11,2015-05-28,7172,1
12,2015-05-28,5853,1
13,2015-05-28,3131,1
14,2015-05-28,5206,1
15,2015-05-28,7010,1
16,2015-05-28,7518,1
17,2015-05-28,5778,1
18,2015-05-28,6309,1
19,2015-05-28,6859,1
20,2015-05-28,9447,1
21,2015-05-28,3790,1
22,2015-05-28,3528,1
23,2015-05-28,4231,1
24,2015-05-28,8401,1
25,2015-05-28,10630,1
26,2015-05-28,5783,1
27,2015-05-28,7929,1
28,2015-05-28,4815,1
29,2015-05-28,7090,1
30,2015-05-28,4391,1
31,2015-05-28,4789,1
32,2015-05-28,3917,1
33,2015-05-28,7299,1
34,2015-05-28,7177,1
35,2015-05-28,9639,1
36,2015-05-28,7995,1
37,2015-05-28,5729,1
38,2015-05-28,4496,1
39,2015-05-28,3829,1
40,2015-05-28,3764,1
41,2015-05-28,4887,1
42,2015-05-28,8684,1
43,2015-05-28,6155,1
44,2015-05-28,4909,1
45,2015-05-28,4377,1
46,2015-05-28,3967,1
47,2015-05-28,5926,1
48,2015-05-28,3433,1
49,2015-05-28,5981,1
50,2015-05-28,3931,1
1,2015-05-27,4083,1
2,2015-05-27,5093,1
3,2015-05-27,5589,1
4,2015-05-27,8305,1
5,2015-05-27,4431,1
6,2015-05-27,4573,1
7,2015-05-27,8567,1
8,2015-05-27,5573,1
9,2015-05-27,5997,1
10,2015-05-27,6046,1
11,2015-05-27,6924,1
12,2015-05-27,6422,1
13,2015-05-27,3707,1
14,2015-05-27,5283,1
15,2015-05-27,6581,1
16,2015-05-27,6913,1
17,2015-05-27,5920,1
18,2015-05-27,6072,1
19,2015-05-27,6518,1
20,2015-05-27,8899,1
21,2015-05-27,3821,1
22,2015-05-27,4009,1
23,2015-05-27,4337,1
24,2015-05-27,8354,1
25,2015-05-27,7562,1
26,2015-05-27,5651,1
27,2015-05-27,8128,1
28,2015-05-27,4289,1
29,2015-05-27,6936,1
30,2015-05-27,3802,1
31,2015-05-27,5375,1
32,2015-05-27,4180,1
33,2015-05-27,6827,1
34,2015-05-27,7629,1
35,2015-05-27,8767,1
36,2015-05-27,8915,1
37,2015-05-27,4821,1
38,2015-05-27,5068,1
39,2015-05-27,4729,1
40,2015-05-27,3709,1
41,2015-05-27,5526,1
42,2015-05-27,9399,1
43,2015-05-27,5943,1
44,2015-05-27,4996,1
45,2015-05-27,3934,1
46,2015-05-27,4029,1
47,2015-05-27,7160,1
48,2015-05-27,3668,1
49,2015-05-27,6269,1
50,2015-05-27,3519,1
1,2015-05-26,4211,1
2,2015-05-26,4708,1
3,2015-05-26,6443,1
4,2015-05-26,10587,1
5,2015-05-26,4567,1
6,2015-05-26,4574,1
7,2015-05-26,8671,1
8,2015-05-26,6503,1
9,2015-05-26,8048,1
10,2015-05-26,6506,1
11,2015-05-26,7190,1
12,2015-05-26,7132,1
13,2015-05-26,5583,1
14,2015-05-26,5775,1
15,2015-05-26,6278,1
16,2015-05-26,8111,1
17,2015-05-26,6425,1
18,2015-05-26,6542,1
19,2015-05-26,7079,1
20,2015-05-26,9341,1
21,2015-05-26,6312,1
22,2015-05-26,4343,1
23,2015-05-26,5250,1
24,2015-05-26,9832,1
25,2015-05-26,12259,1
26,2015-05-26,6292,1
27,2015-05-26,9185,1
28,2015-05-26,4861,1
29,2015-05-26,8493,1
30,2015-05-26,4269,1
31,2015-05-26,5379,1
32,2015-05-26,3965,1
33,2015-05-26,8395,1
34,2015-05-26,8513,1
35,2015-05-26,10732,1
36,2015-05-26,9953,1
37,2015-05-26,5907,1
38,2015-05-26,6163,1
39,2015-05-26,4670,1
40,2015-05-26,4431,1
41,2015-05-26,6667,1
42,2015-05-26,9520,1
43,2015-05-26,6219,1
44,2015-05-26,5309,1
45,2015-05-26,4488,1
46,2015-05-26,4665,1
47,2015-05-26,7265,1
48,2015-05-26,3815,1
49,2015-05-26,7998,1
50,2015-05-26,4020,1
1,2015-05-23,4276,1
2,2015-05-23,2732,1
3,2015-05-23,4613,1
4,2015-05-23,10118,1
5,2015-05-23,2151,1
6,2015-05-23,3253,1
7,2015-05-23,7434,1
8,2015-05-23,3199,1
9,2015-05-23,6449,1
10,2015-05-23,5080,1
11,2015-05-23,5281,1
12,2015-05-23,5896,1
13,2015-05-23,4382,1
14,2015-05-23,3848,1
15,2015-05-23,5333,1
16,2015-05-23,6016,1
17,2015-05-23,2462,1
18,2015-05-23,4284,1
19,2015-05-23,4505,1
20,2015-05-23,6157,1
21,2015-05-23,5876,1
22,2015-05-23,3237,1
23,2015-05-23,4858,1
24,2015-05-23,7805,1
25,2015-05-23,9288,1
26,2015-05-23,5848,1
27,2015-05-23,6664,1
28,2015-05-23,2127,1
29,2015-05-23,8214,1
30,2015-05-23,3815,1
31,2015-05-23,5259,1
32,2015-05-23,2396,1
33,2015-05-23,8489,1
34,2015-05-23,7144,1
35,2015-05-23,9307,1
36,2015-05-23,10873,1
37,2015-05-23,6485,1
38,2015-05-23,6612,1
39,2015-05-23,3205,1
40,2015-05-23,4760,1
41,2015-05-23,6610,1
42,2015-05-23,8568,1
43,2015-05-23,4349,1
44,2015-05-23,3578,1
45,2015-05-23,5615,1
46,2015-05-23,5305,1
47,2015-05-23,5824,1
48,2015-05-23,2757,1
49,2015-05-23,7361,1
50,2015-05-23,4198,1
1,2015-05-22,4459,1
2,2015-05-22,4564,1
3,2015-05-22,7349,1
4,2015-05-22,9480,1
5,2015-05-22,4813,1
6,2015-05-22,6133,1
7,2015-05-22,9488,1
8,2015-05-22,6191,1
9,2015-05-22,7668,1
10,2015-05-22,6339,1
11,2015-05-22,7455,1
12,2015-05-22,8427,1
13,2015-05-22,4966,1
14,2015-05-22,6981,1
15,2015-05-22,7345,1
16,2015-05-22,9116,1
17,2015-05-22,5740,1
18,2015-05-22,7619,1
19,2015-05-22,7316,1
20,2015-05-22,8969,1
21,2015-05-22,7053,1
22,2015-05-22,5779,1
23,2015-05-22,5999,1
24,2015-05-22,9890,1
25,2015-05-22,11091,1
26,2015-05-22,7204,1
27,2015-05-22,9781,1
28,2015-05-22,4707,1
29,2015-05-22,8468,1
30,2015-05-22,4463,1
31,2015-05-22,5642,1
32,2015-05-22,5263,1
33,2015-05-22,8789,1
34,2015-05-22,8513,1
35,2015-05-22,11845,1
36,2015-05-22,10540,1
37,2015-05-22,6734,1
38,2015-05-22,6402,1
39,2015-05-22,5600,1
40,2015-05-22,3835,1
41,2015-05-22,6197,1
42,2015-05-22,10961,1
43,2015-05-22,6745,1
44,2015-05-22,5615,1
45,2015-05-22,6040,1
46,2015-05-22,5699,1
47,2015-05-22,7514,1
48,2015-05-22,3768,1
49,2015-05-22,8637,1
50,2015-05-22,4777,1
1,2015-05-21,3755,1
2,2015-05-21,5431,1
3,2015-05-21,7682,1
4,2015-05-21,8985,1
5,2015-05-21,4660,1
6,2015-05-21,5306,1
7,2015-05-21,9027,1
8,2015-05-21,7441,1
9,2015-05-21,7503,1
10,2015-05-21,6038,1
11,2015-05-21,7138,1
12,2015-05-21,7959,1
13,2015-05-21,4307,1
14,2015-05-21,6565,1
15,2015-05-21,6654,1
16,2015-05-21,8758,1
17,2015-05-21,6435,1
18,2015-05-21,6861,1
19,2015-05-21,7456,1
20,2015-05-21,10003,1
21,2015-05-21,6260,1
22,2015-05-21,5243,1
23,2015-05-21,5477,1
24,2015-05-21,10159,1
25,2015-05-21,11076,1
26,2015-05-21,7690,1
27,2015-05-21,10741,1
28,2015-05-21,5291,1
29,2015-05-21,8583,1
30,2015-05-21,5019,1
31,2015-05-21,5722,1
32,2015-05-21,4760,1
33,2015-05-21,7905,1
34,2015-05-21,8329,1
35,2015-05-21,11681,1
36,2015-05-21,9048,1
37,2015-05-21,6898,1
38,2015-05-21,6419,1
39,2015-05-21,8254,1
40,2015-05-21,4922,1
41,2015-05-21,5996,1
42,2015-05-21,10823,1
43,2015-05-21,7075,1
44,2015-05-21,5423,1
45,2015-05-21,5418,1
46,2015-05-21,6407,1
47,2015-05-21,8544,1
48,2015-05-21,3766,1
49,2015-05-21,7346,1
50,2015-05-21,4361,1
1,2015-05-20,4735,1
2,2015-05-20,6696,1
3,2015-05-20,8226,1
4,2015-05-20,10393,1
5,2015-05-20,5697,1
6,2015-05-20,5587,1
7,2015-05-20,8990,1
8,2015-05-20,6896,1
9,2015-05-20,8374,1
10,2015-05-20,5893,1
11,2015-05-20,8825,1
12,2015-05-20,9301,1
13,2015-05-20,6368,1
14,2015-05-20,5966,1
15,2015-05-20,6891,1
16,2015-05-20,9172,1
17,2015-05-20,6984,1
18,2015-05-20,8403,1
19,2015-05-20,7838,1
20,2015-05-20,7815,1
21,2015-05-20,5376,1
22,2015-05-20,4732,1
23,2015-05-20,6514,1
24,2015-05-20,10973,1
25,2015-05-20,11331,1
26,2015-05-20,7659,1
27,2015-05-20,11087,1
28,2015-05-20,4643,1
29,2015-05-20,8288,1
30,2015-05-20,4472,1
31,2015-05-20,5914,1
32,2015-05-20,4655,1
33,2015-05-20,8482,1
34,2015-05-20,7656,1
35,2015-05-20,11823,1
36,2015-05-20,9045,1
37,2015-05-20,6812,1
38,2015-05-20,6438,1
39,2015-05-20,7273,1
40,2015-05-20,4408,1
41,2015-05-20,5707,1
42,2015-05-20,12509,1
43,2015-05-20,7078,1
44,2015-05-20,6575,1
45,2015-05-20,5302,1
46,2015-05-20,5900,1
47,2015-05-20,8546,1
48,2015-05-20,4095,1
49,2015-05-20,8732,1
50,2015-05-20,4466,1
1,2015-05-19,5235,1
2,2015-05-19,6388,1
3,2015-05-19,8728,1
4,2015-05-19,9930,1
5,2015-05-19,5957,1
6,2015-05-19,5877,1
7,2015-05-19,11266,1
8,2015-05-19,7358,1
9,2015-05-19,8863,1
10,2015-05-19,6514,1
11,2015-05-19,7417,1
12,2015-05-19,8902,1
13,2015-05-19,4516,1
14,2015-05-19,6830,1
15,2015-05-19,7460,1
16,2015-05-19,9106,1
17,2015-05-19,7848,1
18,2015-05-19,8190,1
19,2015-05-19,8136,1
20,2015-05-19,8841,1
21,2015-05-19,6905,1
22,2015-05-19,5502,1
23,2015-05-19,6497,1
24,2015-05-19,11101,1
25,2015-05-19,12023,1
26,2015-05-19,7944,1
27,2015-05-19,11002,1
28,2015-05-19,6102,1
29,2015-05-19,10125,1
30,2015-05-19,5561,1
31,2015-05-19,5956,1
32,2015-05-19,4572,1
33,2015-05-19,8967,1
34,2015-05-19,8292,1
35,2015-05-19,12870,1
36,2015-05-19,10286,1
37,2015-05-19,6246,1
38,2015-05-19,7350,1
39,2015-05-19,7549,1
40,2015-05-19,4547,1
41,2015-05-19,7426,1
42,2015-05-19,10883,1
43,2015-05-19,8049,1
44,2015-05-19,6644,1
45,2015-05-19,6010,1
46,2015-05-19,6315,1
47,2015-05-19,8481,1
48,2015-05-19,3731,1
49,2015-05-19,9469,1
50,2015-05-19,5070,1
1,2015-05-18,5280,1
2,2015-05-18,8078,1
3,2015-05-18,10040,1
4,2015-05-18,11421,1
5,2015-05-18,7173,1
6,2015-05-18,6552,1
7,2015-05-18,12321,1
8,2015-05-18,8956,1
9,2015-05-18,11031,1
10,2015-05-18,7674,1
11,2015-05-18,9181,1
12,2015-05-18,11113,1
13,2015-05-18,7046,1
14,2015-05-18,8303,1
15,2015-05-18,8643,1
16,2015-05-18,11639,1
17,2015-05-18,9758,1
18,2015-05-18,9339,1
19,2015-05-18,10452,1
20,2015-05-18,10329,1
21,2015-05-18,6916,1
22,2015-05-18,6116,1
23,2015-05-18,7970,1
24,2015-05-18,14672,1
25,2015-05-18,13977,1
26,2015-05-18,10521,1
27,2015-05-18,13874,1
28,2015-05-18,7144,1
29,2015-05-18,12046,1
30,2015-05-18,5423,1
31,2015-05-18,7233,1
32,2015-05-18,6108,1
33,2015-05-18,11693,1
34,2015-05-18,10751,1
35,2015-05-18,17799,1
36,2015-05-18,11704,1
37,2015-05-18,8582,1
38,2015-05-18,9304,1
39,2015-05-18,11057,1
40,2015-05-18,4490,1
41,2015-05-18,8131,1
42,2015-05-18,12304,1
43,2015-05-18,8785,1
44,2015-05-18,7755,1
45,2015-05-18,6494,1
46,2015-05-18,8220,1
47,2015-05-18,9921,1
48,2015-05-18,5094,1
49,2015-05-18,10186,1
50,2015-05-18,6357,1
1,2015-05-16,4431,1
2,2015-05-16,2831,1
3,2015-05-16,4149,1
4,2015-05-16,10957,1
5,2015-05-16,1997,1
6,2015-05-16,3245,1
7,2015-05-16,7222,1
8,2015-05-16,3158,1
9,2015-05-16,6937,1
10,2015-05-16,4879,1
11,2015-05-16,5137,1
12,2015-05-16,6214,1
13,2015-05-16,4519,1
14,2015-05-16,3374,1
15,2015-05-16,5919,1
16,2015-05-16,5796,1
17,2015-05-16,2755,1
18,2015-05-16,4870,1
19,2015-05-16,4874,1
20,2015-05-16,5898,1
21,2015-05-16,4742,1
22,2015-05-16,2819,1
23,2015-05-16,4065,1
24,2015-05-16,8284,1
25,2015-05-16,9183,1
26,2015-05-16,5579,1
27,2015-05-16,7690,1
28,2015-05-16,2075,1
29,2015-05-16,8163,1
30,2015-05-16,3510,1
31,2015-05-16,5267,1
32,2015-05-16,2296,1
33,2015-05-16,8293,1
34,2015-05-16,7271,1
35,2015-05-16,9739,1
36,2015-05-16,9809,1
37,2015-05-16,7011,1
38,2015-05-16,6167,1
39,2015-05-16,4812,1
40,2015-05-16,4817,1
41,2015-05-16,6062,1
42,2015-05-16,7681,1
43,2015-05-16,4413,1
44,2015-05-16,3715,1
45,2015-05-16,5506,1
46,2015-05-16,4935,1
47,2015-05-16,6538,1
48,2015-05-16,2297,1
49,2015-05-16,6620,1
50,2015-05-16,4528,1
1,2015-05-15,4178,1
2,2015-05-15,5293,1
3,2015-05-15,7515,1
4,2015-05-15,10705,1
5,2015-05-15,4746,1
6,2015-05-15,4802,1
7,2015-05-15,11017,1
8,2015-05-15,5772,1
9,2015-05-15,8020,1
10,2015-05-15,6869,1
11,2015-05-15,8481,1
12,2015-05-15,7750,1
13,2015-05-15,4898,1
14,2015-05-15,5890,1
15,2015-05-15,6674,1
16,2015-05-15,9185,1
17,2015-05-15,6738,1
18,2015-05-15,7581,1
19,2015-05-15,7026,1
20,2015-05-15,7846,1
21,2015-05-15,6186,1
22,2015-05-15,5915,1
23,2015-05-15,6291,1
24,2015-05-15,10489,1
25,2015-05-15,12333,1
26,2015-05-15,8256,1
27,2015-05-15,10789,1
28,2015-05-15,4971,1
29,2015-05-15,8473,1
30,2015-05-15,4201,1
31,2015-05-15,6821,1
32,2015-05-15,4150,1
33,2015-05-15,8471,1
34,2015-05-15,8722,1
35,2015-05-15,11257,1
36,2015-05-15,12153,1
37,2015-05-15,9335,1
38,2015-05-15,6550,1
39,2015-05-15,8202,1
40,2015-05-15,5385,1
41,2015-05-15,7797,1
42,2015-05-15,11571,1
43,2015-05-15,6761,1
44,2015-05-15,5242,1
45,2015-05-15,5105,1
46,2015-05-15,6045,1
47,2015-05-15,7760,1
48,2015-05-15,3732,1
49,2015-05-15,9174,1
50,2015-05-15,3838,1
1,2015-05-13,3998,1
2,2015-05-13,5662,1
3,2015-05-13,7003,1
4,2015-05-13,10041,1
5,2015-05-13,5414,1
6,2015-05-13,5029,1
7,2015-05-13,9169,1
8,2015-05-13,6012,1
9,2015-05-13,7361,1
10,2015-05-13,5938,1
11,2015-05-13,8276,1
12,2015-05-13,7400,1
13,2015-05-13,4786,1
14,2015-05-13,6234,1
15,2015-05-13,7312,1
16,2015-05-13,8821,1
17,2015-05-13,6302,1
18,2015-05-13,7586,1
19,2015-05-13,7253,1
20,2015-05-13,9690,1
21,2015-05-13,4941,1
22,2015-05-13,5238,1
23,2015-05-13,5557,1
24,2015-05-13,10208,1
25,2015-05-13,12797,1
26,2015-05-13,6827,1
27,2015-05-13,8219,1
28,2015-05-13,4654,1
29,2015-05-13,8278,1
30,2015-05-13,3872,1
31,2015-05-13,6260,1
32,2015-05-13,4486,1
33,2015-05-13,9164,1
34,2015-05-13,8051,1
35,2015-05-13,11459,1
36,2015-05-13,9395,1
37,2015-05-13,7099,1
38,2015-05-13,5873,1
39,2015-05-13,8830,1
40,2015-05-13,3659,1
41,2015-05-13,7350,1
42,2015-05-13,10138,1
43,2015-05-13,6805,1
44,2015-05-13,5611,1
45,2015-05-13,5769,1
46,2015-05-13,4836,1
47,2015-05-13,7486,1
48,2015-05-13,3381,1
49,2015-05-13,8936,1
50,2015-05-13,4880,1
1,2015-05-12,3547,1
2,2015-05-12,4319,1
3,2015-05-12,6043,1
4,2015-05-12,7543,1
5,2015-05-12,4438,1
6,2015-05-12,4124,1
7,2015-05-12,8310,1
8,2015-05-12,5811,1
9,2015-05-12,6634,1
10,2015-05-12,5687,1
11,2015-05-12,6575,1
12,2015-05-12,5664,1
13,2015-05-12,3296,1
14,2015-05-12,5518,1
15,2015-05-12,6067,1
16,2015-05-12,8003,1
17,2015-05-12,5720,1
18,2015-05-12,6364,1
19,2015-05-12,5979,1
20,2015-05-12,8743,1
21,2015-05-12,4153,1
22,2015-05-12,3766,1
23,2015-05-12,4332,1
24,2015-05-12,8466,1
25,2015-05-12,9458,1
26,2015-05-12,5019,1
27,2015-05-12,7609,1
28,2015-05-12,4155,1
29,2015-05-12,6898,1
30,2015-05-12,3829,1
31,2015-05-12,5064,1
32,2015-05-12,3236,1
33,2015-05-12,7063,1
34,2015-05-12,7000,1
35,2015-05-12,9260,1
36,2015-05-12,8025,1
37,2015-05-12,5407,1
38,2015-05-12,4290,1
39,2015-05-12,6803,1
40,2015-05-12,3411,1
41,2015-05-12,4926,1
42,2015-05-12,9237,1
43,2015-05-12,6172,1
44,2015-05-12,4484,1
45,2015-05-12,3621,1
46,2015-05-12,4240,1
47,2015-05-12,6284,1
48,2015-05-12,3156,1
49,2015-05-12,6337,1
50,2015-05-12,3207,1
1,2015-05-11,3551,1
2,2015-05-11,4521,1
3,2015-05-11,5797,1
4,2015-05-11,8023,1
5,2015-05-11,4305,1
6,2015-05-11,4424,1
7,2015-05-11,7558,1
8,2015-05-11,5752,1
9,2015-05-11,6356,1
10,2015-05-11,4847,1
11,2015-05-11,7193,1
12,2015-05-11,6975,1
13,2015-05-11,3275,1
14,2015-05-11,5219,1
15,2015-05-11,6003,1
16,2015-05-11,7592,1
17,2015-05-11,5045,1
18,2015-05-11,5926,1
19,2015-05-11,6219,1
20,2015-05-11,8425,1
21,2015-05-11,3323,1
22,2015-05-11,3978,1
23,2015-05-11,3707,1
24,2015-05-11,8442,1
25,2015-05-11,10477,1
26,2015-05-11,5336,1
27,2015-05-11,7887,1
28,2015-05-11,4089,1
29,2015-05-11,6133,1
30,2015-05-11,2989,1
31,2015-05-11,4735,1
32,2015-05-11,3720,1
33,2015-05-11,7869,1
34,2015-05-11,8168,1
35,2015-05-11,8391,1
36,2015-05-11,9389,1
37,2015-05-11,5488,1
38,2015-05-11,4820,1
39,2015-05-11,6528,1
40,2015-05-11,3167,1
41,2015-05-11,3948,1
42,2015-05-11,8425,1
43,2015-05-11,5758,1
44,2015-05-11,4810,1
45,2015-05-11,3953,1
46,2015-05-11,3931,1
47,2015-05-11,6670,1
48,2015-05-11,3009,1
49,2015-05-11,5666,1
50,2015-05-11,3587,1
1,2015-05-09,4945,1
2,2015-05-09,2722,1
3,2015-05-09,6024,1
4,2015-05-09,10637,1
5,2015-05-09,2354,1
6,2015-05-09,3034,1
7,2015-05-09,6699,1
8,2015-05-09,3670,1
9,2015-05-09,7347,1
10,2015-05-09,5447,1
11,2015-05-09,5963,1
12,2015-05-09,6218,1
13,2015-05-09,5416,1
14,2015-05-09,3829,1
15,2015-05-09,6719,1
16,2015-05-09,5751,1
17,2015-05-09,2962,1
18,2015-05-09,5341,1
19,2015-05-09,5226,1
20,2015-05-09,6637,1
21,2015-05-09,5893,1
22,2015-05-09,3941,1
23,2015-05-09,4873,1
24,2015-05-09,8639,1
25,2015-05-09,9459,1
26,2015-05-09,6431,1
27,2015-05-09,8624,1
28,2015-05-09,2343,1
29,2015-05-09,8506,1
30,2015-05-09,3869,1
31,2015-05-09,6052,1
32,2015-05-09,2618,1
33,2015-05-09,9571,1
34,2015-05-09,8109,1
35,2015-05-09,10310,1
36,2015-05-09,10175,1
37,2015-05-09,8814,1
38,2015-05-09,7384,1
39,2015-05-09,5342,1
40,2015-05-09,4667,1
41,2015-05-09,6462,1
42,2015-05-09,9140,1
43,2015-05-09,4701,1
44,2015-05-09,4002,1
45,2015-05-09,6929,1
46,2015-05-09,5919,1
47,2015-05-09,6237,1
48,2015-05-09,2798,1
49,2015-05-09,8684,1
50,2015-05-09,5198,1
1,2015-05-08,4683,1
2,2015-05-08,5734,1
3,2015-05-08,9083,1
4,2015-05-08,10153,1
5,2015-05-08,5301,1
6,2015-05-08,4931,1
7,2015-05-08,9550,1
8,2015-05-08,6793,1
9,2015-05-08,8538,1
10,2015-05-08,6650,1
11,2015-05-08,8336,1
12,2015-05-08,8896,1
13,2015-05-08,4776,1
14,2015-05-08,6801,1
15,2015-05-08,7944,1
16,2015-05-08,9106,1
17,2015-05-08,6876,1
18,2015-05-08,8272,1
19,2015-05-08,7648,1
20,2015-05-08,8220,1
21,2015-05-08,6687,1
22,2015-05-08,5060,1
23,2015-05-08,6465,1
24,2015-05-08,11153,1
25,2015-05-08,11309,1
26,2015-05-08,7723,1
27,2015-05-08,12038,1
28,2015-05-08,4772,1
29,2015-05-08,8432,1
30,2015-05-08,4399,1
31,2015-05-08,6134,1
32,2015-05-08,4465,1
33,2015-05-08,9616,1
34,2015-05-08,8230,1
35,2015-05-08,12812,1
36,2015-05-08,9651,1
37,2015-05-08,7765,1
38,2015-05-08,6930,1
39,2015-05-08,8278,1
40,2015-05-08,4901,1
41,2015-05-08,5633,1
42,2015-05-08,12713,1
43,2015-05-08,7643,1
44,2015-05-08,6260,1
45,2015-05-08,6026,1
46,2015-05-08,6189,1
47,2015-05-08,8512,1
48,2015-05-08,3945,1
49,2015-05-08,8901,1
50,2015-05-08,4545,1
1,2015-05-07,4529,1
2,2015-05-07,5382,1
3,2015-05-07,7705,1
4,2015-05-07,9842,1
5,2015-05-07,4897,1
6,2015-05-07,5114,1
7,2015-05-07,8989,1
8,2015-05-07,7733,1
9,2015-05-07,7512,1
10,2015-05-07,6011,1
11,2015-05-07,7819,1
12,2015-05-07,8761,1
13,2015-05-07,4756,1
14,2015-05-07,6684,1
15,2015-05-07,8421,1
16,2015-05-07,8885,1
17,2015-05-07,7582,1
18,2015-05-07,7717,1
19,2015-05-07,7316,1
20,2015-05-07,10781,1
21,2015-05-07,5476,1
22,2015-05-07,5614,1
23,2015-05-07,6240,1
24,2015-05-07,10948,1
25,2015-05-07,12241,1
26,2015-05-07,7554,1
27,2015-05-07,11048,1
28,2015-05-07,5012,1
29,2015-05-07,9376,1
30,2015-05-07,5483,1
31,2015-05-07,6566,1
32,2015-05-07,4682,1
33,2015-05-07,8912,1
34,2015-05-07,8369,1
35,2015-05-07,13940,1
36,2015-05-07,9078,1
37,2015-05-07,7482,1
38,2015-05-07,6491,1
39,2015-05-07,7707,1
40,2015-05-07,5011,1
41,2015-05-07,6224,1
42,2015-05-07,11868,1
43,2015-05-07,7354,1
44,2015-05-07,6374,1
45,2015-05-07,5732,1
46,2015-05-07,6173,1
47,2015-05-07,9339,1
48,2015-05-07,3920,1
49,2015-05-07,7575,1
50,2015-05-07,4813,1
1,2015-05-06,4960,1
2,2015-05-06,6558,1
3,2015-05-06,9046,1
4,2015-05-06,10287,1
5,2015-05-06,5795,1
6,2015-05-06,5683,1
7,2015-05-06,10194,1
8,2015-05-06,7510,1
9,2015-05-06,7978,1
10,2015-05-06,6627,1
11,2015-05-06,8898,1
12,2015-05-06,9334,1
13,2015-05-06,6411,1
14,2015-05-06,6345,1
15,2015-05-06,7652,1
16,2015-05-06,9247,1
17,2015-05-06,7453,1
18,2015-05-06,8251,1
19,2015-05-06,7878,1
20,2015-05-06,8569,1
21,2015-05-06,5772,1
22,2015-05-06,4973,1
23,2015-05-06,6463,1
24,2015-05-06,11805,1
25,2015-05-06,12306,1
26,2015-05-06,7381,1
27,2015-05-06,11675,1
28,2015-05-06,5301,1
29,2015-05-06,9557,1
30,2015-05-06,4469,1
31,2015-05-06,5810,1
32,2015-05-06,4628,1
33,2015-05-06,9104,1
34,2015-05-06,8530,1
35,2015-05-06,13205,1
36,2015-05-06,9243,1
37,2015-05-06,6958,1
38,2015-05-06,7260,1
39,2015-05-06,9401,1
40,2015-05-06,4946,1
41,2015-05-06,6676,1
42,2015-05-06,12571,1
43,2015-05-06,7361,1
44,2015-05-06,5838,1
45,2015-05-06,5344,1
46,2015-05-06,6834,1
47,2015-05-06,9144,1
48,2015-05-06,4535,1
49,2015-05-06,7997,1
50,2015-05-06,5548,1
1,2015-05-05,4564,1
2,2015-05-05,6295,1
3,2015-05-05,8719,1
4,2015-05-05,9583,1
5,2015-05-05,6315,1
6,2015-05-05,5608,1
7,2015-05-05,9939,1
8,2015-05-05,7511,1
9,2015-05-05,8149,1
10,2015-05-05,5968,1
11,2015-05-05,7770,1
12,2015-05-05,8730,1
13,2015-05-05,4830,1
14,2015-05-05,5779,1
15,2015-05-05,6653,1
16,2015-05-05,9468,1
17,2015-05-05,8378,1
18,2015-05-05,7163,1
19,2015-05-05,7732,1
20,2015-05-05,9973,1
21,2015-05-05,7155,1
22,2015-05-05,5588,1
23,2015-05-05,6951,1
24,2015-05-05,10697,1
25,2015-05-05,13109,1
26,2015-05-05,7927,1
27,2015-05-05,11887,1
28,2015-05-05,6124,1
29,2015-05-05,9668,1
30,2015-05-05,5511,1
31,2015-05-05,5945,1
32,2015-05-05,5115,1
33,2015-05-05,9152,1
34,2015-05-05,8191,1
35,2015-05-05,14713,1
36,2015-05-05,9900,1
37,2015-05-05,6832,1
38,2015-05-05,7434,1
39,2015-05-05,8885,1
40,2015-05-05,5784,1
41,2015-05-05,5434,1
42,2015-05-05,11906,1
43,2015-05-05,8227,1
44,2015-05-05,6196,1
45,2015-05-05,4968,1
46,2015-05-05,6038,1
47,2015-05-05,7023,1
48,2015-05-05,3954,1
49,2015-05-05,8800,1
50,2015-05-05,4608,1
1,2015-05-04,5591,1
2,2015-05-04,6901,1
3,2015-05-04,9488,1
4,2015-05-04,11942,1
5,2015-05-04,7503,1
6,2015-05-04,7521,1
7,2015-05-04,12935,1
8,2015-05-04,9806,1
9,2015-05-04,11827,1
10,2015-05-04,8145,1
11,2015-05-04,9509,1
12,2015-05-04,11391,1
13,2015-05-04,6533,1
14,2015-05-04,8076,1
15,2015-05-04,9132,1
16,2015-05-04,11878,1
17,2015-05-04,10047,1
18,2015-05-04,10369,1
19,2015-05-04,10717,1
20,2015-05-04,10786,1
21,2015-05-04,7643,1
22,2015-05-04,6671,1
23,2015-05-04,8653,1
24,2015-05-04,15705,1
25,2015-05-04,16048,1
26,2015-05-04,10220,1
27,2015-05-04,14405,1
28,2015-05-04,7274,1
29,2015-05-04,13355,1
30,2015-05-04,6822,1
31,2015-05-04,7299,1
32,2015-05-04,5790,1
33,2015-05-04,10488,1
34,2015-05-04,10359,1
35,2015-05-04,18505,1
36,2015-05-04,11721,1
37,2015-05-04,8327,1
38,2015-05-04,9939,1
39,2015-05-04,12872,1
40,2015-05-04,5244,1
41,2015-05-04,7305,1
42,2015-05-04,14518,1
43,2015-05-04,10055,1
44,2015-05-04,8069,1
45,2015-05-04,7156,1
46,2015-05-04,8267,1
47,2015-05-04,11285,1
48,2015-05-04,5536,1
49,2015-05-04,10552,1
50,2015-05-04,6866,1
1,2015-05-02,5850,1
2,2015-05-02,3590,1
3,2015-05-02,6564,1
4,2015-05-02,12750,1
5,2015-05-02,3182,1
6,2015-05-02,4033,1
7,2015-05-02,10015,1
8,2015-05-02,4910,1
9,2015-05-02,8120,1
10,2015-05-02,6183,1
11,2015-05-02,8082,1
12,2015-05-02,7748,1
13,2015-05-02,6634,1
14,2015-05-02,4933,1
15,2015-05-02,8082,1
16,2015-05-02,7179,1
17,2015-05-02,4256,1
18,2015-05-02,6615,1
19,2015-05-02,5519,1
20,2015-05-02,7383,1
21,2015-05-02,6573,1
22,2015-05-02,4754,1
23,2015-05-02,5953,1
24,2015-05-02,10368,1
25,2015-05-02,12184,1
26,2015-05-02,8154,1
27,2015-05-02,10347,1
28,2015-05-02,3163,1
29,2015-05-02,10191,1
30,2015-05-02,5377,1
31,2015-05-02,6470,1
32,2015-05-02,3237,1
33,2015-05-02,11993,1
34,2015-05-02,9429,1
35,2015-05-02,11153,1
36,2015-05-02,12302,1
37,2015-05-02,9355,1
38,2015-05-02,8223,1
39,2015-05-02,7754,1
40,2015-05-02,6073,1
41,2015-05-02,8735,1
42,2015-05-02,11015,1
43,2015-05-02,6231,1
44,2015-05-02,4672,1
45,2015-05-02,7834,1
46,2015-05-02,7170,1
47,2015-05-02,8448,1
48,2015-05-02,3463,1
49,2015-05-02,9119,1
50,2015-05-02,5649,1
1,2015-04-30,6228,1
2,2015-04-30,6884,1
3,2015-04-30,9971,1
4,2015-04-30,16106,1
5,2015-04-30,6598,1
6,2015-04-30,7287,1
7,2015-04-30,12603,1
8,2015-04-30,9956,1
9,2015-04-30,9717,1
10,2015-04-30,8112,1
11,2015-04-30,9975,1
12,2015-04-30,11429,1
13,2015-04-30,9228,1
14,2015-04-30,8208,1
15,2015-04-30,11071,1
16,2015-04-30,10115,1
17,2015-04-30,9426,1
18,2015-04-30,9853,1
19,2015-04-30,11148,1
20,2015-04-30,10943,1
21,2015-04-30,8076,1
22,2015-04-30,5282,1
23,2015-04-30,7511,1
24,2015-04-30,16657,1
25,2015-04-30,18272,1
26,2015-04-30,10629,1
27,2015-04-30,14675,1
28,2015-04-30,7118,1
29,2015-04-30,12236,1
30,2015-04-30,5996,1
31,2015-04-30,8947,1
32,2015-04-30,6834,1
33,2015-04-30,11951,1
34,2015-04-30,11042,1
35,2015-04-30,17785,1
36,2015-04-30,12409,1
37,2015-04-30,9147,1
38,2015-04-30,8813,1
39,2015-04-30,13343,1
40,2015-04-30,5533,1
41,2015-04-30,8757,1
42,2015-04-30,15254,1
43,2015-04-30,8257,1
44,2015-04-30,7366,1
45,2015-04-30,7213,1
46,2015-04-30,8935,1
47,2015-04-30,11566,1
48,2015-04-30,4970,1
49,2015-04-30,10634,1
50,2015-04-30,7008,1
1,2015-04-29,5775,1
2,2015-04-29,6764,1
3,2015-04-29,9484,1
4,2015-04-29,9420,1
5,2015-04-29,6366,1
6,2015-04-29,6682,1
7,2015-04-29,10699,1
8,2015-04-29,8158,1
9,2015-04-29,7761,1
10,2015-04-29,6847,1
11,2015-04-29,9573,1
12,2015-04-29,9680,1
13,2015-04-29,8397,1
14,2015-04-29,5586,1
15,2015-04-29,8972,1
16,2015-04-29,10019,1
17,2015-04-29,8253,1
18,2015-04-29,7957,1
19,2015-04-29,8944,1
20,2015-04-29,8954,1
21,2015-04-29,7288,1
22,2015-04-29,4805,1
23,2015-04-29,6907,1
24,2015-04-29,12856,1
25,2015-04-29,12585,1
26,2015-04-29,8334,1
27,2015-04-29,12023,1
28,2015-04-29,6375,1
29,2015-04-29,10125,1
30,2015-04-29,5303,1
31,2015-04-29,7320,1
32,2015-04-29,6260,1
33,2015-04-29,9305,1
34,2015-04-29,9090,1
35,2015-04-29,13778,1
36,2015-04-29,12460,1
37,2015-04-29,7065,1
38,2015-04-29,8163,1
39,2015-04-29,9853,1
40,2015-04-29,5055,1
41,2015-04-29,7027,1
42,2015-04-29,13747,1
43,2015-04-29,7869,1
44,2015-04-29,6587,1
45,2015-04-29,6011,1
46,2015-04-29,6339,1
47,2015-04-29,9831,1
48,2015-04-29,4348,1
49,2015-04-29,8149,1
50,2015-04-29,5707,1
1,2015-04-28,5199,1
2,2015-04-28,6861,1
3,2015-04-28,8758,1
4,2015-04-28,10751,1
5,2015-04-28,6012,1
6,2015-04-28,5458,1
7,2015-04-28,11849,1
8,2015-04-28,8419,1
9,2015-04-28,7906,1
10,2015-04-28,6322,1
11,2015-04-28,8320,1
12,2015-04-28,10132,1
13,2015-04-28,6831,1
14,2015-04-28,6850,1
15,2015-04-28,8367,1
16,2015-04-28,9166,1
17,2015-04-28,9145,1
18,2015-04-28,8517,1
19,2015-04-28,8877,1
20,2015-04-28,7431,1
21,2015-04-28,7385,1
22,2015-04-28,5410,1
23,2015-04-28,6054,1
24,2015-04-28,11516,1
25,2015-04-28,12287,1
26,2015-04-28,8135,1
27,2015-04-28,13616,1
28,2015-04-28,6425,1
29,2015-04-28,10533,1
30,2015-04-28,6409,1
31,2015-04-28,5766,1
32,2015-04-28,4671,1
33,2015-04-28,9897,1
34,2015-04-28,9035,1
35,2015-04-28,13847,1
36,2015-04-28,9152,1
37,2015-04-28,6980,1
38,2015-04-28,7741,1
39,2015-04-28,9517,1
40,2015-04-28,5660,1
41,2015-04-28,6744,1
42,2015-04-28,12519,1
43,2015-04-28,8788,1
44,2015-04-28,6514,1
45,2015-04-28,6062,1
46,2015-04-28,7048,1
47,2015-04-28,9548,1
48,2015-04-28,4578,1
49,2015-04-28,8653,1
50,2015-04-28,5134,1
1,2015-04-27,5575,1
2,2015-04-27,6523,1
3,2015-04-27,9447,1
4,2015-04-27,12168,1
5,2015-04-27,6858,1
6,2015-04-27,6772,1
7,2015-04-27,11101,1
8,2015-04-27,10468,1
9,2015-04-27,11737,1
10,2015-04-27,7558,1
11,2015-04-27,8587,1
12,2015-04-27,11491,1
13,2015-04-27,7369,1
14,2015-04-27,7786,1
15,2015-04-27,9340,1
16,2015-04-27,10797,1
17,2015-04-27,10705,1
18,2015-04-27,9722,1
19,2015-04-27,9976,1
20,2015-04-27,10917,1
21,2015-04-27,8781,1
22,2015-04-27,6268,1
23,2015-04-27,8953,1
24,2015-04-27,13000,1
25,2015-04-27,13556,1
26,2015-04-27,10049,1
27,2015-04-27,13926,1
28,2015-04-27,7216,1
29,2015-04-27,13637,1
30,2015-04-27,5497,1
31,2015-04-27,6607,1
32,2015-04-27,6717,1
33,2015-04-27,10809,1
34,2015-04-27,9737,1
35,2015-04-27,18229,1
36,2015-04-27,10795,1
37,2015-04-27,8796,1
38,2015-04-27,10499,1
39,2015-04-27,11435,1
40,2015-04-27,6047,1
41,2015-04-27,6899,1
42,2015-04-27,14062,1
43,2015-04-27,9878,1
44,2015-04-27,8262,1
45,2015-04-27,6608,1
46,2015-04-27,7298,1
47,2015-04-27,9645,1
48,2015-04-27,5673,1
49,2015-04-27,9190,1
50,2015-04-27,6160,1
1,2015-04-25,4318,1
2,2015-04-25,2916,1
3,2015-04-25,4373,1
4,2015-04-25,8571,1
5,2015-04-25,2015,1
6,2015-04-25,2737,1
7,2015-04-25,5404,1
8,2015-04-25,3213,1
9,2015-04-25,6342,1
10,2015-04-25,4631,1
11,2015-04-25,4896,1
12,2015-04-25,5497,1
13,2015-04-25,5578,1
14,2015-04-25,3693,1
15,2015-04-25,5869,1
16,2015-04-25,5127,1
17,2015-04-25,2572,1
18,2015-04-25,4612,1
19,2015-04-25,4466,1
20,2015-04-25,6349,1
21,2015-04-25,6151,1
22,2015-04-25,3674,1
23,2015-04-25,4448,1
24,2015-04-25,7173,1
25,2015-04-25,8022,1
26,2015-04-25,5879,1
27,2015-04-25,6991,1
28,2015-04-25,2339,1
29,2015-04-25,7179,1
30,2015-04-25,3374,1
31,2015-04-25,5226,1
32,2015-04-25,2659,1
33,2015-04-25,7787,1
34,2015-04-25,7257,1
35,2015-04-25,9489,1
36,2015-04-25,8667,1
37,2015-04-25,6716,1
38,2015-04-25,7256,1
39,2015-04-25,4641,1
40,2015-04-25,4699,1
41,2015-04-25,5068,1
42,2015-04-25,7869,1
43,2015-04-25,3974,1
44,2015-04-25,3586,1
45,2015-04-25,5743,1
46,2015-04-25,4459,1
47,2015-04-25,5455,1
48,2015-04-25,3197,1
49,2015-04-25,7072,1
50,2015-04-25,4213,1
1,2015-04-24,3198,1
2,2015-04-24,3678,1
3,2015-04-24,5376,1
4,2015-04-24,7175,1
5,2015-04-24,3516,1
6,2015-04-24,3209,1
7,2015-04-24,7519,1
8,2015-04-24,5160,1
9,2015-04-24,5811,1
10,2015-04-24,5182,1
11,2015-04-24,5709,1
12,2015-04-24,5589,1
13,2015-04-24,4389,1
14,2015-04-24,4848,1
15,2015-04-24,6465,1
16,2015-04-24,6743,1
17,2015-04-24,4694,1
18,2015-04-24,6316,1
19,2015-04-24,5297,1
20,2015-04-24,6813,1
21,2015-04-24,4593,1
22,2015-04-24,4143,1
23,2015-04-24,4502,1
24,2015-04-24,7564,1
25,2015-04-24,7970,1
26,2015-04-24,4660,1
27,2015-04-24,7374,1
28,2015-04-24,3729,1
29,2015-04-24,5878,1
30,2015-04-24,2528,1
31,2015-04-24,5004,1
32,2015-04-24,3526,1
33,2015-04-24,5907,1
34,2015-04-24,6465,1
35,2015-04-24,8711,1
36,2015-04-24,7688,1
37,2015-04-24,5183,1
38,2015-04-24,4810,1
39,2015-04-24,5483,1
40,2015-04-24,3811,1
41,2015-04-24,4931,1
42,2015-04-24,7944,1
43,2015-04-24,4843,1
44,2015-04-24,4600,1
45,2015-04-24,3781,1
46,2015-04-24,3893,1
47,2015-04-24,6180,1
48,2015-04-24,3335,1
49,2015-04-24,6675,1
50,2015-04-24,3174,1
1,2015-04-23,3076,1
2,2015-04-23,3588,1
3,2015-04-23,5570,1
4,2015-04-23,7021,1
5,2015-04-23,3586,1
6,2015-04-23,3704,1
7,2015-04-23,6585,1
8,2015-04-23,6125,1
9,2015-04-23,6280,1
10,2015-04-23,5576,1
11,2015-04-23,6295,1
12,2015-04-23,5304,1
13,2015-04-23,4719,1
14,2015-04-23,4734,1
15,2015-04-23,5215,1
16,2015-04-23,6340,1
17,2015-04-23,4884,1
18,2015-04-23,5171,1
19,2015-04-23,5350,1
20,2015-04-23,7983,1
21,2015-04-23,3684,1
22,2015-04-23,3452,1
23,2015-04-23,3908,1
24,2015-04-23,7525,1
25,2015-04-23,9766,1
26,2015-04-23,4337,1
27,2015-04-23,7128,1
28,2015-04-23,3937,1
29,2015-04-23,6262,1
30,2015-04-23,2987,1
31,2015-04-23,4254,1
32,2015-04-23,3078,1
33,2015-04-23,6089,1
34,2015-04-23,6591,1
35,2015-04-23,8229,1
36,2015-04-23,7661,1
37,2015-04-23,4654,1
38,2015-04-23,3942,1
39,2015-04-23,5960,1
40,2015-04-23,3531,1
41,2015-04-23,4246,1
42,2015-04-23,8158,1
43,2015-04-23,4973,1
44,2015-04-23,4124,1
45,2015-04-23,3868,1
46,2015-04-23,4232,1
47,2015-04-23,6299,1
48,2015-04-23,3172,1
49,2015-04-23,5948,1
50,2015-04-23,3220,1
1,2015-04-22,3319,1
2,2015-04-22,5032,1
3,2015-04-22,5875,1
4,2015-04-22,7444,1
5,2015-04-22,4121,1
6,2015-04-22,4116,1
7,2015-04-22,7392,1
8,2015-04-22,4605,1
9,2015-04-22,6034,1
10,2015-04-22,4826,1
11,2015-04-22,6391,1
12,2015-04-22,6004,1
13,2015-04-22,3560,1
14,2015-04-22,4443,1
15,2015-04-22,5305,1
16,2015-04-22,6939,1
17,2015-04-22,4984,1
18,2015-04-22,6085,1
19,2015-04-22,5188,1
20,2015-04-22,7762,1
21,2015-04-22,3350,1
22,2015-04-22,3821,1
23,2015-04-22,4118,1
24,2015-04-22,7915,1
25,2015-04-22,9740,1
26,2015-04-22,4715,1
27,2015-04-22,6567,1
28,2015-04-22,3455,1
29,2015-04-22,6706,1
30,2015-04-22,2946,1
31,2015-04-22,4307,1
32,2015-04-22,3589,1
33,2015-04-22,6355,1
34,2015-04-22,6212,1
35,2015-04-22,8370,1
36,2015-04-22,7021,1
37,2015-04-22,5327,1
38,2015-04-22,4388,1
39,2015-04-22,5926,1
40,2015-04-22,3353,1
41,2015-04-22,4439,1
42,2015-04-22,8995,1
43,2015-04-22,5132,1
44,2015-04-22,4103,1
45,2015-04-22,3792,1
46,2015-04-22,3747,1
47,2015-04-22,6027,1
48,2015-04-22,3059,1
49,2015-04-22,6361,1
50,2015-04-22,3167,1
1,2015-04-21,3037,1
2,2015-04-21,3291,1
3,2015-04-21,5756,1
4,2015-04-21,6791,1
5,2015-04-21,3388,1
6,2015-04-21,3398,1
7,2015-04-21,7248,1
8,2015-04-21,5244,1
9,2015-04-21,6018,1
10,2015-04-21,5443,1
11,2015-04-21,6289,1
12,2015-04-21,6139,1
13,2015-04-21,3281,1
14,2015-04-21,4563,1
15,2015-04-21,4777,1
16,2015-04-21,6761,1
17,2015-04-21,5275,1
18,2015-04-21,5136,1
19,2015-04-21,5565,1
20,2015-04-21,8386,1
21,2015-04-21,3289,1
22,2015-04-21,3513,1
23,2015-04-21,3900,1
24,2015-04-21,8228,1
25,2015-04-21,9046,1
26,2015-04-21,4390,1
27,2015-04-21,7160,1
28,2015-04-21,3349,1
29,2015-04-21,6314,1
30,2015-04-21,3350,1
31,2015-04-21,3841,1
32,2015-04-21,3710,1
33,2015-04-21,6052,1
34,2015-04-21,6694,1
35,2015-04-21,7432,1
36,2015-04-21,7565,1
37,2015-04-21,3956,1
38,2015-04-21,3907,1
39,2015-04-21,5917,1
40,2015-04-21,3751,1
41,2015-04-21,4268,1
42,2015-04-21,7630,1
43,2015-04-21,4866,1
44,2015-04-21,4357,1
45,2015-04-21,3398,1
46,2015-04-21,3965,1
47,2015-04-21,5884,1
48,2015-04-21,3384,1
49,2015-04-21,5449,1
50,2015-04-21,3055,1
1,2015-04-20,3722,1
2,2015-04-20,4184,1
3,2015-04-20,5238,1
4,2015-04-20,8537,1
5,2015-04-20,3797,1
6,2015-04-20,4347,1
7,2015-04-20,7587,1
8,2015-04-20,5591,1
9,2015-04-20,6429,1
10,2015-04-20,5130,1
11,2015-04-20,6556,1
12,2015-04-20,6416,1
13,2015-04-20,3534,1
14,2015-04-20,5158,1
15,2015-04-20,5211,1
16,2015-04-20,7812,1
17,2015-04-20,5426,1
18,2015-04-20,5790,1
19,2015-04-20,5628,1
20,2015-04-20,9564,1
21,2015-04-20,3818,1
22,2015-04-20,3552,1
23,2015-04-20,4245,1
24,2015-04-20,7612,1
25,2015-04-20,9841,1
26,2015-04-20,4312,1
27,2015-04-20,7280,1
28,2015-04-20,3366,1
29,2015-04-20,5994,1
30,2015-04-20,2974,1
31,2015-04-20,3728,1
32,2015-04-20,4241,1
33,2015-04-20,7294,1
34,2015-04-20,7557,1
35,2015-04-20,8330,1
36,2015-04-20,9026,1
37,2015-04-20,4647,1
38,2015-04-20,4636,1
39,2015-04-20,6436,1
40,2015-04-20,3442,1
41,2015-04-20,4588,1
42,2015-04-20,8374,1
43,2015-04-20,5293,1
44,2015-04-20,4137,1
45,2015-04-20,3743,1
46,2015-04-20,4193,1
47,2015-04-20,7224,1
48,2015-04-20,3343,1
49,2015-04-20,5404,1
50,2015-04-20,2713,1
1,2015-04-18,4594,1
2,2015-04-18,3066,1
3,2015-04-18,3772,1
4,2015-04-18,11196,1
5,2015-04-18,1828,1
6,2015-04-18,2937,1
7,2015-04-18,5534,1
8,2015-04-18,3834,1
9,2015-04-18,6685,1
10,2015-04-18,5807,1
11,2015-04-18,5331,1
12,2015-04-18,6901,1
13,2015-04-18,4748,1
14,2015-04-18,3421,1
15,2015-04-18,5209,1
16,2015-04-18,5654,1
17,2015-04-18,2591,1
18,2015-04-18,4842,1
19,2015-04-18,4456,1
20,2015-04-18,5634,1
21,2015-04-18,5325,1
22,2015-04-18,3486,1
23,2015-04-18,4546,1
24,2015-04-18,7919,1
25,2015-04-18,9045,1
26,2015-04-18,5608,1
27,2015-04-18,7758,1
28,2015-04-18,1821,1
29,2015-04-18,8007,1
30,2015-04-18,3362,1
31,2015-04-18,4593,1
32,2015-04-18,2770,1
33,2015-04-18,8661,1
34,2015-04-18,8074,1
35,2015-04-18,8649,1
36,2015-04-18,9248,1
37,2015-04-18,7166,1
38,2015-04-18,5840,1
39,2015-04-18,4894,1
40,2015-04-18,4940,1
41,2015-04-18,5675,1
42,2015-04-18,9631,1
43,2015-04-18,4725,1
44,2015-04-18,3936,1
45,2015-04-18,5540,1
46,2015-04-18,5071,1
47,2015-04-18,6523,1
48,2015-04-18,3164,1
49,2015-04-18,7891,1
50,2015-04-18,4173,1
1,2015-04-17,4718,1
2,2015-04-17,4948,1
3,2015-04-17,7735,1
4,2015-04-17,10025,1
5,2015-04-17,5098,1
6,2015-04-17,5862,1
7,2015-04-17,9300,1
8,2015-04-17,6049,1
9,2015-04-17,8346,1
10,2015-04-17,6521,1
11,2015-04-17,7262,1
12,2015-04-17,8576,1
13,2015-04-17,5889,1
14,2015-04-17,6947,1
15,2015-04-17,7646,1
16,2015-04-17,9012,1
17,2015-04-17,7218,1
18,2015-04-17,8572,1
19,2015-04-17,7433,1
20,2015-04-17,6919,1
21,2015-04-17,7703,1
22,2015-04-17,5159,1
23,2015-04-17,7215,1
24,2015-04-17,11058,1
25,2015-04-17,10806,1
26,2015-04-17,9116,1
27,2015-04-17,11018,1
28,2015-04-17,5489,1
29,2015-04-17,8867,1
30,2015-04-17,3749,1
31,2015-04-17,5900,1
32,2015-04-17,4389,1
33,2015-04-17,7791,1
34,2015-04-17,8770,1
35,2015-04-17,12809,1
36,2015-04-17,8950,1
37,2015-04-17,7890,1
38,2015-04-17,6728,1
39,2015-04-17,7751,1
40,2015-04-17,5063,1
41,2015-04-17,7104,1
42,2015-04-17,11879,1
43,2015-04-17,7387,1
44,2015-04-17,6383,1
45,2015-04-17,6877,1
46,2015-04-17,7301,1
47,2015-04-17,8809,1
48,2015-04-17,4486,1
49,2015-04-17,9139,1
50,2015-04-17,5952,1
1,2015-04-16,4116,1
2,2015-04-16,5371,1
3,2015-04-16,8336,1
4,2015-04-16,9818,1
5,2015-04-16,5404,1
6,2015-04-16,5734,1
7,2015-04-16,8168,1
8,2015-04-16,8516,1
9,2015-04-16,7644,1
10,2015-04-16,5915,1
11,2015-04-16,7523,1
12,2015-04-16,8602,1
13,2015-04-16,6301,1
14,2015-04-16,6360,1
15,2015-04-16,7123,1
16,2015-04-16,8743,1
17,2015-04-16,7080,1
18,2015-04-16,7655,1
19,2015-04-16,7730,1
20,2015-04-16,10360,1
21,2015-04-16,5672,1
22,2015-04-16,4815,1
23,2015-04-16,6315,1
24,2015-04-16,10016,1
25,2015-04-16,11610,1
26,2015-04-16,7684,1
27,2015-04-16,11264,1
28,2015-04-16,5353,1
29,2015-04-16,9215,1
30,2015-04-16,4684,1
31,2015-04-16,5192,1
32,2015-04-16,4846,1
33,2015-04-16,8076,1
34,2015-04-16,8415,1
35,2015-04-16,13925,1
36,2015-04-16,9527,1
37,2015-04-16,7769,1
38,2015-04-16,6391,1
39,2015-04-16,8158,1
40,2015-04-16,4750,1
41,2015-04-16,6304,1
42,2015-04-16,11671,1
43,2015-04-16,7365,1
44,2015-04-16,5551,1
45,2015-04-16,5685,1
46,2015-04-16,6353,1
47,2015-04-16,8106,1
48,2015-04-16,3798,1
49,2015-04-16,7095,1
50,2015-04-16,4624,1
1,2015-04-15,4110,1
2,2015-04-15,7132,1
3,2015-04-15,8651,1
4,2015-04-15,9130,1
5,2015-04-15,6071,1
6,2015-04-15,5364,1
7,2015-04-15,9020,1
8,2015-04-15,6489,1
9,2015-04-15,7444,1
10,2015-04-15,5948,1
11,2015-04-15,8632,1
12,2015-04-15,8764,1
13,2015-04-15,5239,1
14,2015-04-15,5422,1
15,2015-04-15,6142,1
16,2015-04-15,8955,1
17,2015-04-15,6910,1
18,2015-04-15,6847,1
19,2015-04-15,6673,1
20,2015-04-15,9505,1
21,2015-04-15,6633,1
22,2015-04-15,5481,1
23,2015-04-15,6140,1
24,2015-04-15,10084,1
25,2015-04-15,9793,1
26,2015-04-15,6555,1
27,2015-04-15,10834,1
28,2015-04-15,5305,1
29,2015-04-15,7847,1
30,2015-04-15,3728,1
31,2015-04-15,5746,1
32,2015-04-15,4537,1
33,2015-04-15,7665,1
34,2015-04-15,8536,1
35,2015-04-15,12256,1
36,2015-04-15,9897,1
37,2015-04-15,6436,1
38,2015-04-15,6029,1
39,2015-04-15,6474,1
40,2015-04-15,4628,1
41,2015-04-15,6025,1
42,2015-04-15,11371,1
43,2015-04-15,6472,1
44,2015-04-15,5494,1
45,2015-04-15,4948,1
46,2015-04-15,5643,1
47,2015-04-15,9332,1
48,2015-04-15,3939,1
49,2015-04-15,7112,1
50,2015-04-15,4262,1
1,2015-04-14,4648,1
2,2015-04-14,6569,1
3,2015-04-14,9274,1
4,2015-04-14,10050,1
5,2015-04-14,6132,1
6,2015-04-14,5235,1
7,2015-04-14,11185,1
8,2015-04-14,8357,1
9,2015-04-14,8416,1
10,2015-04-14,7002,1
11,2015-04-14,8499,1
12,2015-04-14,9775,1
13,2015-04-14,6119,1
14,2015-04-14,6872,1
15,2015-04-14,8304,1
16,2015-04-14,9429,1
17,2015-04-14,9397,1
18,2015-04-14,7903,1
19,2015-04-14,7616,1
20,2015-04-14,10032,1
21,2015-04-14,6007,1
22,2015-04-14,6109,1
23,2015-04-14,5793,1
24,2015-04-14,10892,1
25,2015-04-14,12359,1
26,2015-04-14,8215,1
27,2015-04-14,12703,1
28,2015-04-14,6448,1
29,2015-04-14,9309,1
30,2015-04-14,4830,1
31,2015-04-14,6382,1
32,2015-04-14,5292,1
33,2015-04-14,8791,1
34,2015-04-14,9764,1
35,2015-04-14,12920,1
36,2015-04-14,10712,1
37,2015-04-14,7345,1
38,2015-04-14,6732,1
39,2015-04-14,7051,1
40,2015-04-14,5314,1
41,2015-04-14,6241,1
42,2015-04-14,12510,1
43,2015-04-14,7710,1
44,2015-04-14,6804,1
45,2015-04-14,5613,1
46,2015-04-14,6623,1
47,2015-04-14,8904,1
48,2015-04-14,4354,1
49,2015-04-14,8070,1
50,2015-04-14,4860,1
1,2015-04-13,5377,1
2,2015-04-13,6947,1
3,2015-04-13,9563,1
4,2015-04-13,11303,1
5,2015-04-13,7213,1
6,2015-04-13,7624,1
7,2015-04-13,11693,1
8,2015-04-13,9881,1
9,2015-04-13,11968,1
10,2015-04-13,8442,1
11,2015-04-13,9625,1
12,2015-04-13,11377,1
13,2015-04-13,7761,1
14,2015-04-13,7946,1
15,2015-04-13,9486,1
16,2015-04-13,10511,1
17,2015-04-13,9693,1
18,2015-04-13,9449,1
19,2015-04-13,9801,1
20,2015-04-13,10726,1
21,2015-04-13,7859,1
22,2015-04-13,6206,1
23,2015-04-13,8739,1
24,2015-04-13,15163,1
25,2015-04-13,14376,1
26,2015-04-13,9829,1
27,2015-04-13,15122,1
28,2015-04-13,7265,1
29,2015-04-13,13269,1
30,2015-04-13,5325,1
31,2015-04-13,6979,1
32,2015-04-13,6549,1
33,2015-04-13,11473,1
34,2015-04-13,11005,1
35,2015-04-13,16891,1
36,2015-04-13,10785,1
37,2015-04-13,9296,1
38,2015-04-13,9936,1
39,2015-04-13,10487,1
40,2015-04-13,5203,1
41,2015-04-13,7503,1
42,2015-04-13,14783,1
43,2015-04-13,10424,1
44,2015-04-13,8232,1
45,2015-04-13,7947,1
46,2015-04-13,7864,1
47,2015-04-13,9288,1
48,2015-04-13,4559,1
49,2015-04-13,10083,1
50,2015-04-13,6463,1
1,2015-04-11,4173,1
2,2015-04-11,2662,1
3,2015-04-11,4008,1
4,2015-04-11,9494,1
5,2015-04-11,1945,1
6,2015-04-11,3138,1
7,2015-04-11,5479,1
8,2015-04-11,3546,1
9,2015-04-11,6837,1
10,2015-04-11,4586,1
11,2015-04-11,5550,1
12,2015-04-11,6235,1
13,2015-04-11,4411,1
14,2015-04-11,4214,1
15,2015-04-11,5315,1
16,2015-04-11,5121,1
17,2015-04-11,2770,1
18,2015-04-11,4318,1
19,2015-04-11,4719,1
20,2015-04-11,6030,1
21,2015-04-11,5236,1
22,2015-04-11,3355,1
23,2015-04-11,4925,1
24,2015-04-11,7657,1
25,2015-04-11,8721,1
26,2015-04-11,5737,1
27,2015-04-11,7149,1
28,2015-04-11,2352,1
29,2015-04-11,7669,1
30,2015-04-11,3965,1
31,2015-04-11,5524,1
32,2015-04-11,2287,1
33,2015-04-11,8304,1
34,2015-04-11,7608,1
35,2015-04-11,8480,1
36,2015-04-11,9072,1
37,2015-04-11,6390,1
38,2015-04-11,6778,1
39,2015-04-11,3231,1
40,2015-04-11,4982,1
41,2015-04-11,5768,1
42,2015-04-11,8820,1
43,2015-04-11,4518,1
44,2015-04-11,3386,1
45,2015-04-11,4729,1
46,2015-04-11,4926,1
47,2015-04-11,6204,1
48,2015-04-11,2683,1
49,2015-04-11,7352,1
50,2015-04-11,4208,1
1,2015-04-10,3549,1
2,2015-04-10,3824,1
3,2015-04-10,6343,1
4,2015-04-10,7944,1
5,2015-04-10,4064,1
6,2015-04-10,4247,1
7,2015-04-10,8028,1
8,2015-04-10,5271,1
9,2015-04-10,6089,1
10,2015-04-10,4792,1
11,2015-04-10,6594,1
12,2015-04-10,5737,1
13,2015-04-10,4181,1
14,2015-04-10,4597,1
15,2015-04-10,6309,1
16,2015-04-10,7371,1
17,2015-04-10,5391,1
18,2015-04-10,6172,1
19,2015-04-10,6094,1
20,2015-04-10,7413,1
21,2015-04-10,6392,1
22,2015-04-10,4110,1
23,2015-04-10,4612,1
24,2015-04-10,8072,1
25,2015-04-10,8905,1
26,2015-04-10,5879,1
27,2015-04-10,8092,1
28,2015-04-10,3944,1
29,2015-04-10,6691,1
30,2015-04-10,3491,1
31,2015-04-10,4684,1
32,2015-04-10,3663,1
33,2015-04-10,6758,1
34,2015-04-10,6052,1
35,2015-04-10,7654,1
36,2015-04-10,8667,1
37,2015-04-10,5770,1
38,2015-04-10,4290,1
39,2015-04-10,4098,1
40,2015-04-10,4284,1
41,2015-04-10,5453,1
42,2015-04-10,7647,1
43,2015-04-10,5215,1
44,2015-04-10,4456,1
45,2015-04-10,4412,1
46,2015-04-10,4560,1
47,2015-04-10,6643,1
48,2015-04-10,3496,1
49,2015-04-10,6542,1
50,2015-04-10,3590,1
1,2015-04-09,3467,1
2,2015-04-09,3793,1
3,2015-04-09,6185,1
4,2015-04-09,8556,1
5,2015-04-09,3704,1
6,2015-04-09,4380,1
7,2015-04-09,7985,1
8,2015-04-09,6309,1
9,2015-04-09,6462,1
10,2015-04-09,4723,1
11,2015-04-09,6523,1
12,2015-04-09,6647,1
13,2015-04-09,3327,1
14,2015-04-09,5314,1
15,2015-04-09,5662,1
16,2015-04-09,6744,1
17,2015-04-09,5448,1
18,2015-04-09,5698,1
19,2015-04-09,5253,1
20,2015-04-09,8811,1
21,2015-04-09,3902,1
22,2015-04-09,3894,1
23,2015-04-09,3894,1
24,2015-04-09,7693,1
25,2015-04-09,9368,1
26,2015-04-09,5749,1
27,2015-04-09,7524,1
28,2015-04-09,3919,1
29,2015-04-09,5779,1
30,2015-04-09,4324,1
31,2015-04-09,4721,1
32,2015-04-09,3033,1
33,2015-04-09,6596,1
34,2015-04-09,7110,1
35,2015-04-09,7105,1
36,2015-04-09,8540,1
37,2015-04-09,5319,1
38,2015-04-09,4268,1
39,2015-04-09,4051,1
40,2015-04-09,4842,1
41,2015-04-09,5478,1
42,2015-04-09,8347,1
43,2015-04-09,4756,1
44,2015-04-09,4315,1
45,2015-04-09,4021,1
46,2015-04-09,3571,1
47,2015-04-09,7201,1
48,2015-04-09,3399,1
49,2015-04-09,4695,1
50,2015-04-09,3218,1
1,2015-04-08,4194,1
2,2015-04-08,5304,1
3,2015-04-08,6253,1
4,2015-04-08,9174,1
5,2015-04-08,4191,1
6,2015-04-08,4461,1
7,2015-04-08,8449,1
8,2015-04-08,6183,1
9,2015-04-08,5985,1
10,2015-04-08,4971,1
11,2015-04-08,7965,1
12,2015-04-08,6618,1
13,2015-04-08,3414,1
14,2015-04-08,5022,1
15,2015-04-08,5031,1
16,2015-04-08,7436,1
17,2015-04-08,5672,1
18,2015-04-08,6374,1
19,2015-04-08,4930,1
20,2015-04-08,8433,1
21,2015-04-08,3948,1
22,2015-04-08,3556,1
23,2015-04-08,4118,1
24,2015-04-08,8842,1
25,2015-04-08,10201,1
26,2015-04-08,5290,1
27,2015-04-08,9471,1
28,2015-04-08,3776,1
29,2015-04-08,6792,1
30,2015-04-08,3591,1
31,2015-04-08,5368,1
32,2015-04-08,3576,1
33,2015-04-08,7238,1
34,2015-04-08,7196,1
35,2015-04-08,7828,1
36,2015-04-08,10205,1
37,2015-04-08,5155,1
38,2015-04-08,4247,1
39,2015-04-08,4771,1
40,2015-04-08,4054,1
41,2015-04-08,5409,1
42,2015-04-08,9606,1
43,2015-04-08,5569,1
44,2015-04-08,4679,1
45,2015-04-08,4053,1
46,2015-04-08,4005,1
47,2015-04-08,7431,1
48,2015-04-08,3057,1
49,2015-04-08,5761,1
50,2015-04-08,3032,1
1,2015-04-07,4163,1
2,2015-04-07,4588,1
3,2015-04-07,6830,1
4,2015-04-07,11354,1
5,2015-04-07,4713,1
6,2015-04-07,4770,1
7,2015-04-07,10208,1
8,2015-04-07,6784,1
9,2015-04-07,6987,1
10,2015-04-07,5767,1
11,2015-04-07,7567,1
12,2015-04-07,7631,1
13,2015-04-07,3818,1
14,2015-04-07,5895,1
15,2015-04-07,6425,1
16,2015-04-07,8407,1
17,2015-04-07,6784,1
18,2015-04-07,6855,1
19,2015-04-07,6383,1
20,2015-04-07,9536,1
21,2015-04-07,4741,1
22,2015-04-07,4350,1
23,2015-04-07,4580,1
24,2015-04-07,9321,1
25,2015-04-07,11946,1
26,2015-04-07,6562,1
27,2015-04-07,9576,1
28,2015-04-07,4269,1
29,2015-04-07,7458,1
30,2015-04-07,4117,1
31,2015-04-07,5105,1
32,2015-04-07,4639,1
33,2015-04-07,8103,1
34,2015-04-07,8478,1
35,2015-04-07,9337,1
36,2015-04-07,10316,1
37,2015-04-07,5621,1
38,2015-04-07,4800,1
39,2015-04-07,5024,1
40,2015-04-07,4842,1
41,2015-04-07,5988,1
42,2015-04-07,10566,1
43,2015-04-07,6174,1
44,2015-04-07,5120,1
45,2015-04-07,3995,1
46,2015-04-07,5105,1
47,2015-04-07,7899,1
48,2015-04-07,3878,1
49,2015-04-07,7135,1
50,2015-04-07,3449,1
1,2015-04-04,6709,1
2,2015-04-04,4446,1
3,2015-04-04,7123,1
4,2015-04-04,15018,1
5,2015-04-04,3248,1
6,2015-04-04,3941,1
7,2015-04-04,13089,1
8,2015-04-04,4838,1
9,2015-04-04,8664,1
10,2015-04-04,6243,1
11,2015-04-04,10685,1
12,2015-04-04,9639,1
13,2015-04-04,7807,1
14,2015-04-04,4124,1
15,2015-04-04,8207,1
16,2015-04-04,7428,1
17,2015-04-04,5597,1
18,2015-04-04,7351,1
19,2015-04-04,5920,1
20,2015-04-04,5787,1
21,2015-04-04,6425,1
22,2015-04-04,5125,1
23,2015-04-04,6825,1
24,2015-04-04,11749,1
25,2015-04-04,12187,1
26,2015-04-04,8814,1
27,2015-04-04,10122,1
28,2015-04-04,3723,1
29,2015-04-04,11457,1
30,2015-04-04,4723,1
31,2015-04-04,9081,1
32,2015-04-04,3019,1
33,2015-04-04,11830,1
34,2015-04-04,9388,1
35,2015-04-04,11885,1
36,2015-04-04,11943,1
37,2015-04-04,11106,1
38,2015-04-04,7334,1
39,2015-04-04,4451,1
40,2015-04-04,5144,1
41,2015-04-04,10181,1
42,2015-04-04,11960,1
43,2015-04-04,5937,1
44,2015-04-04,5489,1
45,2015-04-04,7943,1
46,2015-04-04,6864,1
47,2015-04-04,8628,1
48,2015-04-04,3739,1
49,2015-04-04,13293,1
50,2015-04-04,5628,1
1,2015-04-02,6574,1
2,2015-04-02,6168,1
3,2015-04-02,8716,1
4,2015-04-02,17311,1
5,2015-04-02,6321,1
6,2015-04-02,7520,1
7,2015-04-02,14335,1
8,2015-04-02,10532,1
9,2015-04-02,10330,1
10,2015-04-02,6725,1
11,2015-04-02,13140,1
12,2015-04-02,13170,1
13,2015-04-02,7140,1
14,2015-04-02,7748,1
15,2015-04-02,10309,1
16,2015-04-02,11412,1
17,2015-04-02,8703,1
18,2015-04-02,9566,1
19,2015-04-02,10103,1
20,2015-04-02,9987,1
21,2015-04-02,8015,1
22,2015-04-02,6140,1
23,2015-04-02,8588,1
24,2015-04-02,14578,1
25,2015-04-02,15696,1
26,2015-04-02,10779,1
27,2015-04-02,13001,1
28,2015-04-02,7393,1
29,2015-04-02,12047,1
30,2015-04-02,6429,1
31,2015-04-02,10193,1
32,2015-04-02,4658,1
33,2015-04-02,11090,1
34,2015-04-02,11914,1
35,2015-04-02,14131,1
36,2015-04-02,12926,1
37,2015-04-02,12324,1
38,2015-04-02,8260,1
39,2015-04-02,7090,1
40,2015-04-02,5024,1
41,2015-04-02,9061,1
42,2015-04-02,15457,1
43,2015-04-02,8445,1
44,2015-04-02,8780,1
45,2015-04-02,7770,1
46,2015-04-02,8256,1
47,2015-04-02,12242,1
48,2015-04-02,5573,1
49,2015-04-02,13148,1
50,2015-04-02,7013,1
1,2015-04-01,6816,1
2,2015-04-01,6473,1
3,2015-04-01,8546,1
4,2015-04-01,13731,1
5,2015-04-01,7720,1
6,2015-04-01,7705,1
7,2015-04-01,13381,1
8,2015-04-01,8872,1
9,2015-04-01,9440,1
10,2015-04-01,6542,1
11,2015-04-01,12243,1
12,2015-04-01,11864,1
13,2015-04-01,8207,1
14,2015-04-01,6218,1
15,2015-04-01,10155,1
16,2015-04-01,12058,1
17,2015-04-01,8835,1
18,2015-04-01,9596,1
19,2015-04-01,9522,1
20,2015-04-01,10146,1
21,2015-04-01,6428,1
22,2015-04-01,5990,1
23,2015-04-01,8965,1
24,2015-04-01,12142,1
25,2015-04-01,14803,1
26,2015-04-01,11279,1
27,2015-04-01,12058,1
28,2015-04-01,7145,1
29,2015-04-01,12415,1
30,2015-04-01,6726,1
31,2015-04-01,9089,1
32,2015-04-01,5716,1
33,2015-04-01,11520,1
34,2015-04-01,11876,1
35,2015-04-01,13111,1
36,2015-04-01,11049,1
37,2015-04-01,10351,1
38,2015-04-01,9239,1
39,2015-04-01,7612,1
40,2015-04-01,4689,1
41,2015-04-01,7399,1
42,2015-04-01,12886,1
43,2015-04-01,6708,1
44,2015-04-01,8490,1
45,2015-04-01,8087,1
46,2015-04-01,7431,1
47,2015-04-01,11776,1
48,2015-04-01,5176,1
49,2015-04-01,13524,1
50,2015-04-01,7441,1
1,2015-03-31,6206,1
2,2015-03-31,10107,1
3,2015-03-31,11299,1
4,2015-03-31,14451,1
5,2015-03-31,7692,1
6,2015-03-31,6803,1
7,2015-03-31,11956,1
8,2015-03-31,8752,1
9,2015-03-31,8927,1
10,2015-03-31,5848,1
11,2015-03-31,11345,1
12,2015-03-31,12875,1
13,2015-03-31,6939,1
14,2015-03-31,7759,1
15,2015-03-31,12039,1
16,2015-03-31,10548,1
17,2015-03-31,10878,1
18,2015-03-31,11338,1
19,2015-03-31,8555,1
20,2015-03-31,9856,1
21,2015-03-31,11371,1
22,2015-03-31,6283,1
23,2015-03-31,8060,1
24,2015-03-31,17059,1
25,2015-03-31,16250,1
26,2015-03-31,10647,1
27,2015-03-31,17777,1
28,2015-03-31,7510,1
29,2015-03-31,11551,1
30,2015-03-31,6010,1
31,2015-03-31,8588,1
32,2015-03-31,5151,1
33,2015-03-31,10772,1
34,2015-03-31,10490,1
35,2015-03-31,19633,1
36,2015-03-31,11976,1
37,2015-03-31,8150,1
38,2015-03-31,8766,1
39,2015-03-31,8468,1
40,2015-03-31,4827,1
41,2015-03-31,8112,1
42,2015-03-31,17743,1
43,2015-03-31,10468,1
44,2015-03-31,7556,1
45,2015-03-31,7108,1
46,2015-03-31,8894,1
47,2015-03-31,11962,1
48,2015-03-31,4242,1
49,2015-03-31,10016,1
50,2015-03-31,6324,1
1,2015-03-30,6714,1
2,2015-03-30,8733,1
3,2015-03-30,11282,1
4,2015-03-30,13117,1
5,2015-03-30,8847,1
6,2015-03-30,6759,1
7,2015-03-30,12595,1
8,2015-03-30,9514,1
9,2015-03-30,11578,1
10,2015-03-30,6774,1
11,2015-03-30,11442,1
12,2015-03-30,13860,1
13,2015-03-30,8488,1
14,2015-03-30,8927,1
15,2015-03-30,11975,1
16,2015-03-30,12377,1
17,2015-03-30,11400,1
18,2015-03-30,12473,1
19,2015-03-30,11552,1
20,2015-03-30,11005,1
21,2015-03-30,10653,1
22,2015-03-30,7270,1
23,2015-03-30,10324,1
24,2015-03-30,18297,1
25,2015-03-30,15391,1
26,2015-03-30,11121,1
27,2015-03-30,18299,1
28,2015-03-30,8842,1
29,2015-03-30,14829,1
30,2015-03-30,6654,1
31,2015-03-30,8284,1
32,2015-03-30,6510,1
33,2015-03-30,12249,1
34,2015-03-30,10685,1
35,2015-03-30,19727,1
36,2015-03-30,12017,1
37,2015-03-30,9576,1
38,2015-03-30,11610,1
39,2015-03-30,8608,1
40,2015-03-30,4614,1
41,2015-03-30,9086,1
42,2015-03-30,19897,1
43,2015-03-30,11623,1
44,2015-03-30,9479,1
45,2015-03-30,8210,1
46,2015-03-30,9558,1
47,2015-03-30,11039,1
48,2015-03-30,5316,1
49,2015-03-30,13000,1
50,2015-03-30,6775,1
1,2015-03-28,5208,1
2,2015-03-28,3011,1
3,2015-03-28,4247,1
4,2015-03-28,10540,1
5,2015-03-28,2038,1
6,2015-03-28,3134,1
7,2015-03-28,6041,1
8,2015-03-28,3502,1
9,2015-03-28,6970,1
10,2015-03-28,5332,1
11,2015-03-28,6622,1
12,2015-03-28,7872,1
13,2015-03-28,4671,1
14,2015-03-28,3353,1
15,2015-03-28,6067,1
16,2015-03-28,6005,1
17,2015-03-28,2971,1
18,2015-03-28,5200,1
19,2015-03-28,4125,1
20,2015-03-28,6608,1
21,2015-03-28,5507,1
22,2015-03-28,3665,1
23,2015-03-28,4575,1
24,2015-03-28,7926,1
25,2015-03-28,8927,1
26,2015-03-28,6104,1
27,2015-03-28,7979,1
28,2015-03-28,2058,1
29,2015-03-28,7896,1
30,2015-03-28,3955,1
31,2015-03-28,5408,1
32,2015-03-28,2333,1
33,2015-03-28,8056,1
34,2015-03-28,8390,1
35,2015-03-28,8123,1
36,2015-03-28,10044,1
37,2015-03-28,7236,1
38,2015-03-28,6578,1
39,2015-03-28,3296,1
40,2015-03-28,4969,1
41,2015-03-28,5992,1
42,2015-03-28,10073,1
43,2015-03-28,4848,1
44,2015-03-28,4168,1
45,2015-03-28,5678,1
46,2015-03-28,5844,1
47,2015-03-28,7261,1
48,2015-03-28,2983,1
49,2015-03-28,6634,1
50,2015-03-28,4036,1
1,2015-03-27,4005,1
2,2015-03-27,3800,1
3,2015-03-27,5216,1
4,2015-03-27,8210,1
5,2015-03-27,4181,1
6,2015-03-27,4101,1
7,2015-03-27,7534,1
8,2015-03-27,5172,1
9,2015-03-27,6346,1
10,2015-03-27,5114,1
11,2015-03-27,6943,1
12,2015-03-27,6858,1
13,2015-03-27,4871,1
14,2015-03-27,4831,1
15,2015-03-27,6747,1
16,2015-03-27,7721,1
17,2015-03-27,5092,1
18,2015-03-27,6699,1
19,2015-03-27,5875,1
20,2015-03-27,7932,1
21,2015-03-27,4563,1
22,2015-03-27,4941,1
23,2015-03-27,5021,1
24,2015-03-27,8837,1
25,2015-03-27,10015,1
26,2015-03-27,5983,1
27,2015-03-27,7241,1
28,2015-03-27,3648,1
29,2015-03-27,8013,1
30,2015-03-27,4190,1
31,2015-03-27,5472,1
32,2015-03-27,3479,1
33,2015-03-27,7682,1
34,2015-03-27,7372,1
35,2015-03-27,8251,1
36,2015-03-27,8579,1
37,2015-03-27,6041,1
38,2015-03-27,4692,1
39,2015-03-27,3336,1
40,2015-03-27,3213,1
41,2015-03-27,6219,1
42,2015-03-27,9185,1
43,2015-03-27,6200,1
44,2015-03-27,4550,1
45,2015-03-27,5068,1
46,2015-03-27,4836,1
47,2015-03-27,6860,1
48,2015-03-27,3583,1
49,2015-03-27,7475,1
50,2015-03-27,3597,1
1,2015-03-26,3932,1
2,2015-03-26,3912,1
3,2015-03-26,6105,1
4,2015-03-26,7369,1
5,2015-03-26,3711,1
6,2015-03-26,3930,1
7,2015-03-26,7158,1
8,2015-03-26,5508,1
9,2015-03-26,6414,1
10,2015-03-26,4778,1
11,2015-03-26,6211,1
12,2015-03-26,6334,1
13,2015-03-26,4057,1
14,2015-03-26,4942,1
15,2015-03-26,5642,1
16,2015-03-26,7498,1
17,2015-03-26,4725,1
18,2015-03-26,6083,1
19,2015-03-26,5711,1
20,2015-03-26,8876,1
21,2015-03-26,3807,1
22,2015-03-26,3585,1
23,2015-03-26,4266,1
24,2015-03-26,8524,1
25,2015-03-26,9629,1
26,2015-03-26,5713,1
27,2015-03-26,7207,1
28,2015-03-26,3775,1
29,2015-03-26,6352,1
30,2015-03-26,3622,1
31,2015-03-26,4917,1
32,2015-03-26,2507,1
33,2015-03-26,6274,1
34,2015-03-26,6541,1
35,2015-03-26,7444,1
36,2015-03-26,8052,1
37,2015-03-26,5174,1
38,2015-03-26,4097,1
39,2015-03-26,3183,1
40,2015-03-26,3651,1
41,2015-03-26,4841,1
42,2015-03-26,8307,1
43,2015-03-26,5374,1
44,2015-03-26,4282,1
45,2015-03-26,4183,1
46,2015-03-26,3890,1
47,2015-03-26,6989,1
48,2015-03-26,3649,1
49,2015-03-26,6084,1
50,2015-03-26,3218,1
1,2015-03-25,3531,1
2,2015-03-25,5150,1
3,2015-03-25,5538,1
4,2015-03-25,6681,1
5,2015-03-25,4325,1
6,2015-03-25,4198,1
7,2015-03-25,5977,1
8,2015-03-25,5136,1
9,2015-03-25,5594,1
10,2015-03-25,3506,1
11,2015-03-25,7329,1
12,2015-03-25,6985,1
13,2015-03-25,3228,1
14,2015-03-25,4917,1
15,2015-03-25,5579,1
16,2015-03-25,6934,1
17,2015-03-25,5235,1
18,2015-03-25,5474,1
19,2015-03-25,5697,1
20,2015-03-25,7921,1
21,2015-03-25,3477,1
22,2015-03-25,3620,1
23,2015-03-25,4513,1
24,2015-03-25,8019,1
25,2015-03-25,8268,1
26,2015-03-25,3928,1
27,2015-03-25,7704,1
28,2015-03-25,3695,1
29,2015-03-25,5532,1
30,2015-03-25,3148,1
31,2015-03-25,4192,1
32,2015-03-25,3336,1
33,2015-03-25,5811,1
34,2015-03-25,6158,1
35,2015-03-25,8013,1
36,2015-03-25,7694,1
37,2015-03-25,3903,1
38,2015-03-25,3884,1
39,2015-03-25,3364,1
40,2015-03-25,3212,1
41,2015-03-25,4349,1
42,2015-03-25,9127,1
43,2015-03-25,5308,1
44,2015-03-25,4412,1
45,2015-03-25,3812,1
46,2015-03-25,3775,1
47,2015-03-25,7172,1
48,2015-03-25,2750,1
49,2015-03-25,5943,1
50,2015-03-25,2385,1
1,2015-03-24,3547,1
2,2015-03-24,4436,1
3,2015-03-24,5256,1
4,2015-03-24,7470,1
5,2015-03-24,4073,1
6,2015-03-24,3989,1
7,2015-03-24,7353,1
8,2015-03-24,5581,1
9,2015-03-24,6497,1
10,2015-03-24,5059,1
11,2015-03-24,6661,1
12,2015-03-24,5808,1
13,2015-03-24,3256,1
14,2015-03-24,5188,1
15,2015-03-24,5108,1
16,2015-03-24,7215,1
17,2015-03-24,5350,1
18,2015-03-24,5894,1
19,2015-03-24,6182,1
20,2015-03-24,7851,1
21,2015-03-24,4048,1
22,2015-03-24,3620,1
23,2015-03-24,3623,1
24,2015-03-24,8362,1
25,2015-03-24,8608,1
26,2015-03-24,4930,1
27,2015-03-24,8037,1
28,2015-03-24,3968,1
29,2015-03-24,6374,1
30,2015-03-24,4250,1
31,2015-03-24,4073,1
32,2015-03-24,3572,1
33,2015-03-24,6217,1
34,2015-03-24,6998,1
35,2015-03-24,7087,1
36,2015-03-24,8221,1
37,2015-03-24,4500,1
38,2015-03-24,4231,1
39,2015-03-24,3560,1
40,2015-03-24,3533,1
41,2015-03-24,4261,1
42,2015-03-24,8707,1
43,2015-03-24,5266,1
44,2015-03-24,4223,1
45,2015-03-24,3721,1
46,2015-03-24,3545,1
47,2015-03-24,6180,1
48,2015-03-24,3527,1
49,2015-03-24,5341,1
50,2015-03-24,3023,1
1,2015-03-23,3565,1
2,2015-03-23,4183,1
3,2015-03-23,5400,1
4,2015-03-23,8823,1
5,2015-03-23,4028,1
6,2015-03-23,4241,1
7,2015-03-23,6907,1
8,2015-03-23,5613,1
9,2015-03-23,6882,1
10,2015-03-23,5790,1
11,2015-03-23,7149,1
12,2015-03-23,6118,1
13,2015-03-23,3873,1
14,2015-03-23,5558,1
15,2015-03-23,5871,1
16,2015-03-23,7542,1
17,2015-03-23,4649,1
18,2015-03-23,5924,1
19,2015-03-23,5268,1
20,2015-03-23,8591,1
21,2015-03-23,4856,1
22,2015-03-23,4501,1
23,2015-03-23,4199,1
24,2015-03-23,8293,1
25,2015-03-23,10923,1
26,2015-03-23,5183,1
27,2015-03-23,7934,1
28,2015-03-23,3606,1
29,2015-03-23,6487,1
30,2015-03-23,3536,1
31,2015-03-23,4383,1
32,2015-03-23,3759,1
33,2015-03-23,7277,1
34,2015-03-23,7391,1
35,2015-03-23,7371,1
36,2015-03-23,9349,1
37,2015-03-23,4794,1
38,2015-03-23,4040,1
39,2015-03-23,4105,1
40,2015-03-23,3690,1
41,2015-03-23,4867,1
42,2015-03-23,9333,1
43,2015-03-23,5348,1
44,2015-03-23,5066,1
45,2015-03-23,3772,1
46,2015-03-23,4397,1
47,2015-03-23,6784,1
48,2015-03-23,3704,1
49,2015-03-23,5935,1
50,2015-03-23,3453,1
1,2015-03-21,3909,1
2,2015-03-21,2922,1
3,2015-03-21,3494,1
4,2015-03-21,10012,1
5,2015-03-21,1783,1
6,2015-03-21,3121,1
7,2015-03-21,5085,1
8,2015-03-21,2993,1
9,2015-03-21,6622,1
10,2015-03-21,4508,1
11,2015-03-21,5026,1
12,2015-03-21,6266,1
13,2015-03-21,4811,1
14,2015-03-21,3182,1
15,2015-03-21,5350,1
16,2015-03-21,5203,1
17,2015-03-21,2829,1
18,2015-03-21,5024,1
19,2015-03-21,4454,1
20,2015-03-21,5876,1
21,2015-03-21,5493,1
22,2015-03-21,3113,1
23,2015-03-21,4661,1
24,2015-03-21,7115,1
25,2015-03-21,7725,1
26,2015-03-21,5762,1
27,2015-03-21,6841,1
28,2015-03-21,1991,1
29,2015-03-21,8165,1
30,2015-03-21,3774,1
31,2015-03-21,5427,1
32,2015-03-21,2491,1
33,2015-03-21,6984,1
34,2015-03-21,7592,1
35,2015-03-21,8222,1
36,2015-03-21,9100,1
37,2015-03-21,7334,1
38,2015-03-21,5933,1
39,2015-03-21,2691,1
40,2015-03-21,4725,1
41,2015-03-21,5962,1
42,2015-03-21,7419,1
43,2015-03-21,4603,1
44,2015-03-21,3449,1
45,2015-03-21,5363,1
46,2015-03-21,5413,1
47,2015-03-21,5754,1
48,2015-03-21,2433,1
49,2015-03-21,7636,1
50,2015-03-21,4254,1
1,2015-03-20,4057,1
2,2015-03-20,4759,1
3,2015-03-20,6971,1
4,2015-03-20,9421,1
5,2015-03-20,4709,1
6,2015-03-20,5120,1
7,2015-03-20,8293,1
8,2015-03-20,5853,1
9,2015-03-20,8419,1
10,2015-03-20,6836,1
11,2015-03-20,6970,1
12,2015-03-20,8440,1
13,2015-03-20,6039,1
14,2015-03-20,6195,1
15,2015-03-20,7804,1
16,2015-03-20,7850,1
17,2015-03-20,7290,1
18,2015-03-20,8279,1
19,2015-03-20,7400,1
20,2015-03-20,7596,1
21,2015-03-20,7897,1
22,2015-03-20,4635,1
23,2015-03-20,6076,1
24,2015-03-20,10726,1
25,2015-03-20,10868,1
26,2015-03-20,7465,1
27,2015-03-20,10274,1
28,2015-03-20,4294,1
29,2015-03-20,9663,1
30,2015-03-20,3732,1
31,2015-03-20,6240,1
32,2015-03-20,4371,1
33,2015-03-20,8912,1
34,2015-03-20,8353,1
35,2015-03-20,11469,1
36,2015-03-20,10292,1
37,2015-03-20,7461,1
38,2015-03-20,6790,1
39,2015-03-20,4753,1
40,2015-03-20,3775,1
41,2015-03-20,5810,1
42,2015-03-20,11471,1
43,2015-03-20,6638,1
44,2015-03-20,5593,1
45,2015-03-20,5071,1
46,2015-03-20,5785,1
47,2015-03-20,8129,1
48,2015-03-20,4150,1
49,2015-03-20,7536,1
50,2015-03-20,4126,1
1,2015-03-19,4748,1
2,2015-03-19,5737,1
3,2015-03-19,6947,1
4,2015-03-19,9107,1
5,2015-03-19,4720,1
6,2015-03-19,5053,1
7,2015-03-19,7834,1
8,2015-03-19,8233,1
9,2015-03-19,8188,1
10,2015-03-19,4909,1
11,2015-03-19,7358,1
12,2015-03-19,8594,1
13,2015-03-19,4526,1
14,2015-03-19,5623,1
15,2015-03-19,7418,1
16,2015-03-19,8769,1
17,2015-03-19,7047,1
18,2015-03-19,7591,1
19,2015-03-19,7280,1
20,2015-03-19,9437,1
21,2015-03-19,6295,1
22,2015-03-19,5347,1
23,2015-03-19,6122,1
24,2015-03-19,10579,1
25,2015-03-19,11650,1
26,2015-03-19,7693,1
27,2015-03-19,10064,1
28,2015-03-19,4865,1
29,2015-03-19,8978,1
30,2015-03-19,4796,1
31,2015-03-19,5044,1
32,2015-03-19,4222,1
33,2015-03-19,7648,1
34,2015-03-19,7821,1
35,2015-03-19,10641,1
36,2015-03-19,9764,1
37,2015-03-19,6595,1
38,2015-03-19,6240,1
39,2015-03-19,4835,1
40,2015-03-19,4812,1
41,2015-03-19,6485,1
42,2015-03-19,11168,1
43,2015-03-19,6477,1
44,2015-03-19,5994,1
45,2015-03-19,5935,1
46,2015-03-19,5632,1
47,2015-03-19,8320,1
48,2015-03-19,3279,1
49,2015-03-19,7436,1
50,2015-03-19,4508,1
1,2015-03-18,3858,1
2,2015-03-18,7034,1
3,2015-03-18,8626,1
4,2015-03-18,9074,1
5,2015-03-18,5261,1
6,2015-03-18,4766,1
7,2015-03-18,8236,1
8,2015-03-18,6737,1
9,2015-03-18,7457,1
10,2015-03-18,6448,1
11,2015-03-18,8833,1
12,2015-03-18,8958,1
13,2015-03-18,6420,1
14,2015-03-18,5974,1
15,2015-03-18,6769,1
16,2015-03-18,8250,1
17,2015-03-18,7280,1
18,2015-03-18,7957,1
19,2015-03-18,7596,1
20,2015-03-18,9257,1
21,2015-03-18,6217,1
22,2015-03-18,4983,1
23,2015-03-18,5758,1
24,2015-03-18,10250,1
25,2015-03-18,10753,1
26,2015-03-18,6600,1
27,2015-03-18,10005,1
28,2015-03-18,4923,1
29,2015-03-18,8151,1
30,2015-03-18,4779,1
31,2015-03-18,5454,1
32,2015-03-18,4636,1
33,2015-03-18,7935,1
34,2015-03-18,7147,1
35,2015-03-18,11077,1
36,2015-03-18,9753,1
37,2015-03-18,6546,1
38,2015-03-18,5903,1
39,2015-03-18,4961,1
40,2015-03-18,4132,1
41,2015-03-18,4770,1
42,2015-03-18,11575,1
43,2015-03-18,6719,1
44,2015-03-18,6339,1
45,2015-03-18,4377,1
46,2015-03-18,4938,1
47,2015-03-18,9420,1
48,2015-03-18,4170,1
49,2015-03-18,7303,1
50,2015-03-18,4585,1
1,2015-03-17,4806,1
2,2015-03-17,6457,1
3,2015-03-17,8154,1
4,2015-03-17,9733,1
5,2015-03-17,5555,1
6,2015-03-17,5711,1
7,2015-03-17,10180,1
8,2015-03-17,7635,1
9,2015-03-17,8692,1
10,2015-03-17,6951,1
11,2015-03-17,8490,1
12,2015-03-17,10234,1
13,2015-03-17,5639,1
14,2015-03-17,7013,1
15,2015-03-17,7262,1
16,2015-03-17,9395,1
17,2015-03-17,9114,1
18,2015-03-17,7714,1
19,2015-03-17,8341,1
20,2015-03-17,9433,1
21,2015-03-17,6037,1
22,2015-03-17,4924,1
23,2015-03-17,6588,1
24,2015-03-17,10985,1
25,2015-03-17,12425,1
26,2015-03-17,6739,1
27,2015-03-17,12289,1
28,2015-03-17,6320,1
29,2015-03-17,8997,1
30,2015-03-17,6199,1
31,2015-03-17,6123,1
32,2015-03-17,4985,1
33,2015-03-17,9098,1
34,2015-03-17,8512,1
35,2015-03-17,11077,1
36,2015-03-17,11228,1
37,2015-03-17,5854,1
38,2015-03-17,6805,1
39,2015-03-17,6051,1
40,2015-03-17,4872,1
41,2015-03-17,5685,1
42,2015-03-17,12601,1
43,2015-03-17,7595,1
44,2015-03-17,6364,1
45,2015-03-17,5249,1
46,2015-03-17,6451,1
47,2015-03-17,8957,1
48,2015-03-17,4018,1
49,2015-03-17,8021,1
50,2015-03-17,4352,1
1,2015-03-16,5695,1
2,2015-03-16,7209,1
3,2015-03-16,8998,1
4,2015-03-16,11977,1
5,2015-03-16,7237,1
6,2015-03-16,7358,1
7,2015-03-16,11551,1
8,2015-03-16,9339,1
9,2015-03-16,11397,1
10,2015-03-16,8298,1
11,2015-03-16,10156,1
12,2015-03-16,11828,1
13,2015-03-16,7514,1
14,2015-03-16,8346,1
15,2015-03-16,9465,1
16,2015-03-16,11447,1
17,2015-03-16,10474,1
18,2015-03-16,9960,1
19,2015-03-16,10057,1
20,2015-03-16,10957,1
21,2015-03-16,8561,1
22,2015-03-16,5993,1
23,2015-03-16,8124,1
24,2015-03-16,14590,1
25,2015-03-16,14401,1
26,2015-03-16,11043,1
27,2015-03-16,13891,1
28,2015-03-16,7382,1
29,2015-03-16,13741,1
30,2015-03-16,6694,1
31,2015-03-16,7002,1
32,2015-03-16,6137,1
33,2015-03-16,11533,1
34,2015-03-16,11108,1
35,2015-03-16,16398,1
36,2015-03-16,11349,1
37,2015-03-16,8298,1
38,2015-03-16,8618,1
39,2015-03-16,8126,1
40,2015-03-16,4447,1
41,2015-03-16,7961,1
42,2015-03-16,15802,1
43,2015-03-16,9565,1
44,2015-03-16,8557,1
45,2015-03-16,7183,1
46,2015-03-16,7831,1
47,2015-03-16,9163,1
48,2015-03-16,5360,1
49,2015-03-16,9254,1
50,2015-03-16,6303,1
1,2015-03-14,5225,1
2,2015-03-14,2803,1
3,2015-03-14,4189,1
4,2015-03-14,10105,1
5,2015-03-14,2042,1
6,2015-03-14,3164,1
7,2015-03-14,5549,1
8,2015-03-14,3414,1
9,2015-03-14,6976,1
10,2015-03-14,5187,1
11,2015-03-14,6096,1
12,2015-03-14,6980,1
13,2015-03-14,4820,1
14,2015-03-14,3433,1
15,2015-03-14,6488,1
16,2015-03-14,5400,1
17,2015-03-14,2645,1
18,2015-03-14,4597,1
19,2015-03-14,4333,1
20,2015-03-14,6485,1
21,2015-03-14,5563,1
22,2015-03-14,3309,1
23,2015-03-14,4791,1
24,2015-03-14,7765,1
25,2015-03-14,8750,1
26,2015-03-14,6360,1
27,2015-03-14,7166,1
28,2015-03-14,2231,1
29,2015-03-14,8069,1
30,2015-03-14,4200,1
31,2015-03-14,5720,1
32,2015-03-14,2458,1
33,2015-03-14,8354,1
34,2015-03-14,7900,1
35,2015-03-14,8345,1
36,2015-03-14,9593,1
37,2015-03-14,7989,1
38,2015-03-14,6478,1
39,2015-03-14,2683,1
40,2015-03-14,4421,1
41,2015-03-14,6546,1
42,2015-03-14,8807,1
43,2015-03-14,4076,1
44,2015-03-14,3704,1
45,2015-03-14,5897,1
46,2015-03-14,5017,1
47,2015-03-14,5260,1
48,2015-03-14,2489,1
49,2015-03-14,8227,1
50,2015-03-14,4302,1
1,2015-03-13,3725,1
2,2015-03-13,3430,1
3,2015-03-13,5831,1
4,2015-03-13,8271,1
5,2015-03-13,4146,1
6,2015-03-13,4149,1
7,2015-03-13,8025,1
8,2015-03-13,4712,1
9,2015-03-13,6214,1
10,2015-03-13,5755,1
11,2015-03-13,6908,1
12,2015-03-13,6540,1
13,2015-03-13,4156,1
14,2015-03-13,4982,1
15,2015-03-13,6823,1
16,2015-03-13,8013,1
17,2015-03-13,5581,1
18,2015-03-13,5880,1
19,2015-03-13,7023,1
20,2015-03-13,7157,1
21,2015-03-13,4189,1
22,2015-03-13,4270,1
23,2015-03-13,4635,1
24,2015-03-13,9331,1
25,2015-03-13,9458,1
26,2015-03-13,5542,1
27,2015-03-13,7733,1
28,2015-03-13,4192,1
29,2015-03-13,6477,1
30,2015-03-13,3302,1
31,2015-03-13,5722,1
32,2015-03-13,3568,1
33,2015-03-13,6972,1
34,2015-03-13,6370,1
35,2015-03-13,8004,1
36,2015-03-13,8715,1
37,2015-03-13,5348,1
38,2015-03-13,4809,1
39,2015-03-13,3745,1
40,2015-03-13,3595,1
41,2015-03-13,5095,1
42,2015-03-13,9501,1
43,2015-03-13,5275,1
44,2015-03-13,5703,1
45,2015-03-13,4865,1
46,2015-03-13,4822,1
47,2015-03-13,6709,1
48,2015-03-13,3209,1
49,2015-03-13,7060,1
50,2015-03-13,3435,1
1,2015-03-12,3141,1
2,2015-03-12,4065,1
3,2015-03-12,5725,1
4,2015-03-12,7046,1
5,2015-03-12,3580,1
6,2015-03-12,3635,1
7,2015-03-12,7113,1
8,2015-03-12,6036,1
9,2015-03-12,5456,1
10,2015-03-12,4595,1
11,2015-03-12,6538,1
12,2015-03-12,6688,1
13,2015-03-12,3546,1
14,2015-03-12,5433,1
15,2015-03-12,5645,1
16,2015-03-12,6887,1
17,2015-03-12,5141,1
18,2015-03-12,5940,1
19,2015-03-12,5550,1
20,2015-03-12,8302,1
21,2015-03-12,3497,1
22,2015-03-12,3474,1
23,2015-03-12,4471,1
24,2015-03-12,7686,1
25,2015-03-12,9562,1
26,2015-03-12,5385,1
27,2015-03-12,6775,1
28,2015-03-12,3926,1
29,2015-03-12,6998,1
30,2015-03-12,4006,1
31,2015-03-12,4620,1
32,2015-03-12,3077,1
33,2015-03-12,6132,1
34,2015-03-12,6675,1
35,2015-03-12,8406,1
36,2015-03-12,7987,1
37,2015-03-12,5278,1
38,2015-03-12,3911,1
39,2015-03-12,4086,1
40,2015-03-12,3724,1
41,2015-03-12,5141,1
42,2015-03-12,8607,1
43,2015-03-12,4767,1
44,2015-03-12,4675,1
45,2015-03-12,4188,1
46,2015-03-12,4080,1
47,2015-03-12,6526,1
48,2015-03-12,2755,1
49,2015-03-12,5959,1
50,2015-03-12,2697,1
1,2015-03-11,4170,1
2,2015-03-11,4949,1
3,2015-03-11,5302,1
4,2015-03-11,7612,1
5,2015-03-11,3985,1
6,2015-03-11,3904,1
7,2015-03-11,6497,1
8,2015-03-11,4972,1
9,2015-03-11,5868,1
10,2015-03-11,5043,1
11,2015-03-11,7523,1
12,2015-03-11,6858,1
13,2015-03-11,3699,1
14,2015-03-11,4645,1
15,2015-03-11,5126,1
16,2015-03-11,7644,1
17,2015-03-11,5423,1
18,2015-03-11,6120,1
19,2015-03-11,5760,1
20,2015-03-11,7099,1
21,2015-03-11,3524,1
22,2015-03-11,3953,1
23,2015-03-11,3755,1
24,2015-03-11,8681,1
25,2015-03-11,8933,1
26,2015-03-11,4894,1
27,2015-03-11,8189,1
28,2015-03-11,3194,1
29,2015-03-11,6553,1
30,2015-03-11,3152,1
31,2015-03-11,5092,1
32,2015-03-11,3420,1
33,2015-03-11,6528,1
34,2015-03-11,6454,1
35,2015-03-11,7776,1
36,2015-03-11,8362,1
37,2015-03-11,4044,1
38,2015-03-11,3781,1
39,2015-03-11,4132,1
40,2015-03-11,3647,1
41,2015-03-11,5436,1
42,2015-03-11,9452,1
43,2015-03-11,4949,1
44,2015-03-11,4156,1
45,2015-03-11,3208,1
46,2015-03-11,3682,1
47,2015-03-11,6354,1
48,2015-03-11,3282,1
49,2015-03-11,6002,1
50,2015-03-11,2773,1
1,2015-03-10,3805,1
2,2015-03-10,4095,1
3,2015-03-10,5223,1
4,2015-03-10,7637,1
5,2015-03-10,3935,1
6,2015-03-10,4356,1
7,2015-03-10,8002,1
8,2015-03-10,5538,1
9,2015-03-10,5538,1
10,2015-03-10,5511,1
11,2015-03-10,6690,1
12,2015-03-10,6615,1
13,2015-03-10,3174,1
14,2015-03-10,4886,1
15,2015-03-10,5393,1
16,2015-03-10,7243,1
17,2015-03-10,4657,1
18,2015-03-10,5977,1
19,2015-03-10,5905,1
20,2015-03-10,8359,1
21,2015-03-10,3711,1
22,2015-03-10,3101,1
23,2015-03-10,3930,1
24,2015-03-10,8597,1
25,2015-03-10,9544,1
26,2015-03-10,4926,1
27,2015-03-10,6935,1
28,2015-03-10,3938,1
29,2015-03-10,7000,1
30,2015-03-10,3849,1
31,2015-03-10,4747,1
32,2015-03-10,3478,1
33,2015-03-10,6877,1
34,2015-03-10,6460,1
35,2015-03-10,8381,1
36,2015-03-10,7593,1
37,2015-03-10,4093,1
38,2015-03-10,4404,1
39,2015-03-10,3506,1
40,2015-03-10,3534,1
41,2015-03-10,4637,1
42,2015-03-10,8913,1
43,2015-03-10,4558,1
44,2015-03-10,4407,1
45,2015-03-10,3593,1
46,2015-03-10,3719,1
47,2015-03-10,6242,1
48,2015-03-10,3046,1
49,2015-03-10,6362,1
50,2015-03-10,2976,1
1,2015-03-09,3701,1
2,2015-03-09,3967,1
3,2015-03-09,5430,1
4,2015-03-09,8284,1
5,2015-03-09,4264,1
6,2015-03-09,4113,1
7,2015-03-09,7840,1
8,2015-03-09,4841,1
9,2015-03-09,7172,1
10,2015-03-09,5821,1
11,2015-03-09,6831,1
12,2015-03-09,7376,1
13,2015-03-09,3296,1
14,2015-03-09,5335,1
15,2015-03-09,5824,1
16,2015-03-09,8101,1
17,2015-03-09,5518,1
18,2015-03-09,7003,1
19,2015-03-09,6630,1
20,2015-03-09,8576,1
21,2015-03-09,3533,1
22,2015-03-09,3296,1
23,2015-03-09,3702,1
24,2015-03-09,8760,1
25,2015-03-09,10477,1
26,2015-03-09,4516,1
27,2015-03-09,7264,1
28,2015-03-09,3722,1
29,2015-03-09,7482,1
30,2015-03-09,3576,1
31,2015-03-09,4946,1
32,2015-03-09,3818,1
33,2015-03-09,7493,1
34,2015-03-09,6718,1
35,2015-03-09,8914,1
36,2015-03-09,9961,1
37,2015-03-09,4212,1
38,2015-03-09,3951,1
39,2015-03-09,3828,1
40,2015-03-09,3265,1
41,2015-03-09,5684,1
42,2015-03-09,8964,1
43,2015-03-09,5195,1
44,2015-03-09,4615,1
45,2015-03-09,3988,1
46,2015-03-09,3837,1
47,2015-03-09,6526,1
48,2015-03-09,3718,1
49,2015-03-09,5964,1
50,2015-03-09,2895,1
1,2015-03-07,4592,1
2,2015-03-07,3211,1
3,2015-03-07,4525,1
4,2015-03-07,10213,1
5,2015-03-07,1689,1
6,2015-03-07,3036,1
7,2015-03-07,6173,1
8,2015-03-07,3589,1
9,2015-03-07,6224,1
10,2015-03-07,4710,1
11,2015-03-07,6060,1
12,2015-03-07,6456,1
13,2015-03-07,4773,1
14,2015-03-07,3555,1
15,2015-03-07,5870,1
16,2015-03-07,5143,1
17,2015-03-07,2589,1
18,2015-03-07,4684,1
19,2015-03-07,4531,1
20,2015-03-07,5686,1
21,2015-03-07,4920,1
22,2015-03-07,4105,1
23,2015-03-07,4427,1
24,2015-03-07,7511,1
25,2015-03-07,9138,1
26,2015-03-07,5313,1
27,2015-03-07,7419,1
28,2015-03-07,1916,1
29,2015-03-07,7719,1
30,2015-03-07,3908,1
31,2015-03-07,4807,1
32,2015-03-07,2442,1
33,2015-03-07,8406,1
34,2015-03-07,7860,1
35,2015-03-07,7331,1
36,2015-03-07,9302,1
37,2015-03-07,7322,1
38,2015-03-07,6155,1
39,2015-03-07,3445,1
40,2015-03-07,5643,1
41,2015-03-07,5639,1
42,2015-03-07,8598,1
43,2015-03-07,4424,1
44,2015-03-07,3719,1
45,2015-03-07,5845,1
46,2015-03-07,5281,1
47,2015-03-07,5918,1
48,2015-03-07,2485,1
49,2015-03-07,7280,1
50,2015-03-07,3763,1
1,2015-03-06,5397,1
2,2015-03-06,4823,1
3,2015-03-06,8057,1
4,2015-03-06,10130,1
5,2015-03-06,5221,1
6,2015-03-06,5392,1
7,2015-03-06,9785,1
8,2015-03-06,6260,1
9,2015-03-06,8287,1
10,2015-03-06,6374,1
11,2015-03-06,7655,1
12,2015-03-06,8191,1
13,2015-03-06,6279,1
14,2015-03-06,6317,1
15,2015-03-06,7738,1
16,2015-03-06,8512,1
17,2015-03-06,6729,1
18,2015-03-06,8334,1
19,2015-03-06,7947,1
20,2015-03-06,7751,1
21,2015-03-06,7525,1
22,2015-03-06,5041,1
23,2015-03-06,6259,1
24,2015-03-06,10998,1
25,2015-03-06,11506,1
26,2015-03-06,8184,1
27,2015-03-06,10417,1
28,2015-03-06,5657,1
29,2015-03-06,8426,1
30,2015-03-06,4527,1
31,2015-03-06,6714,1
32,2015-03-06,4903,1
33,2015-03-06,9070,1
34,2015-03-06,7969,1
35,2015-03-06,12649,1
36,2015-03-06,9288,1
37,2015-03-06,7395,1
38,2015-03-06,7010,1
39,2015-03-06,5131,1
40,2015-03-06,4478,1
41,2015-03-06,6015,1
42,2015-03-06,11367,1
43,2015-03-06,7831,1
44,2015-03-06,5942,1
45,2015-03-06,5225,1
46,2015-03-06,6132,1
47,2015-03-06,7517,1
48,2015-03-06,4046,1
49,2015-03-06,7709,1
50,2015-03-06,4528,1
1,2015-03-05,4419,1
2,2015-03-05,5532,1
3,2015-03-05,7784,1
4,2015-03-05,10428,1
5,2015-03-05,4692,1
6,2015-03-05,4500,1
7,2015-03-05,7927,1
8,2015-03-05,8282,1
9,2015-03-05,8004,1
10,2015-03-05,5823,1
11,2015-03-05,8051,1
12,2015-03-05,8772,1
13,2015-03-05,5480,1
14,2015-03-05,6547,1
15,2015-03-05,6950,1
16,2015-03-05,8418,1
17,2015-03-05,6485,1
18,2015-03-05,7526,1
19,2015-03-05,7552,1
20,2015-03-05,9199,1
21,2015-03-05,6309,1
22,2015-03-05,4378,1
23,2015-03-05,5920,1
24,2015-03-05,10463,1
25,2015-03-05,11941,1
26,2015-03-05,7552,1
27,2015-03-05,11196,1
28,2015-03-05,5006,1
29,2015-03-05,8676,1
30,2015-03-05,5491,1
31,2015-03-05,5834,1
32,2015-03-05,4061,1
33,2015-03-05,8345,1
34,2015-03-05,7909,1
35,2015-03-05,11731,1
36,2015-03-05,9558,1
37,2015-03-05,7153,1
38,2015-03-05,6882,1
39,2015-03-05,5862,1
40,2015-03-05,4545,1
41,2015-03-05,6074,1
42,2015-03-05,10878,1
43,2015-03-05,6962,1
44,2015-03-05,5806,1
45,2015-03-05,5779,1
46,2015-03-05,5195,1
47,2015-03-05,7608,1
48,2015-03-05,3966,1
49,2015-03-05,6917,1
50,2015-03-05,4898,1
1,2015-03-04,5568,1
2,2015-03-04,6478,1
3,2015-03-04,7651,1
4,2015-03-04,9881,1
5,2015-03-04,6407,1
6,2015-03-04,5714,1
7,2015-03-04,9155,1
8,2015-03-04,6805,1
9,2015-03-04,8367,1
10,2015-03-04,5959,1
11,2015-03-04,8625,1
12,2015-03-04,8499,1
13,2015-03-04,5066,1
14,2015-03-04,6707,1
15,2015-03-04,7096,1
16,2015-03-04,8908,1
17,2015-03-04,7929,1
18,2015-03-04,7524,1
19,2015-03-04,7671,1
20,2015-03-04,8187,1
21,2015-03-04,6303,1
22,2015-03-04,5032,1
23,2015-03-04,5468,1
24,2015-03-04,11233,1
25,2015-03-04,12670,1
26,2015-03-04,7339,1
27,2015-03-04,10835,1
28,2015-03-04,5484,1
29,2015-03-04,9136,1
30,2015-03-04,5547,1
31,2015-03-04,5848,1
32,2015-03-04,5203,1
33,2015-03-04,8165,1
34,2015-03-04,8578,1
35,2015-03-04,11089,1
36,2015-03-04,11359,1
37,2015-03-04,6356,1
38,2015-03-04,6947,1
39,2015-03-04,6905,1
40,2015-03-04,3982,1
41,2015-03-04,5656,1
42,2015-03-04,13482,1
43,2015-03-04,7117,1
44,2015-03-04,5640,1
45,2015-03-04,5661,1
46,2015-03-04,5999,1
47,2015-03-04,8701,1
48,2015-03-04,4060,1
49,2015-03-04,8496,1
50,2015-03-04,4225,1
1,2015-03-03,5451,1
2,2015-03-03,6610,1
3,2015-03-03,8615,1
4,2015-03-03,11093,1
5,2015-03-03,6036,1
6,2015-03-03,5872,1
7,2015-03-03,11404,1
8,2015-03-03,8163,1
9,2015-03-03,8222,1
10,2015-03-03,6313,1
11,2015-03-03,8883,1
12,2015-03-03,9210,1
13,2015-03-03,5826,1
14,2015-03-03,6503,1
15,2015-03-03,8688,1
16,2015-03-03,10653,1
17,2015-03-03,8764,1
18,2015-03-03,7713,1
19,2015-03-03,9066,1
20,2015-03-03,9973,1
21,2015-03-03,7710,1
22,2015-03-03,5377,1
23,2015-03-03,6178,1
24,2015-03-03,11418,1
25,2015-03-03,12937,1
26,2015-03-03,7450,1
27,2015-03-03,11644,1
28,2015-03-03,6113,1
29,2015-03-03,10887,1
30,2015-03-03,6301,1
31,2015-03-03,6554,1
32,2015-03-03,5213,1
33,2015-03-03,9631,1
34,2015-03-03,9526,1
35,2015-03-03,12640,1
36,2015-03-03,10741,1
37,2015-03-03,6189,1
38,2015-03-03,6619,1
39,2015-03-03,6700,1
40,2015-03-03,4590,1
41,2015-03-03,5945,1
42,2015-03-03,12009,1
43,2015-03-03,7475,1
44,2015-03-03,6615,1
45,2015-03-03,5730,1
46,2015-03-03,6398,1
47,2015-03-03,9039,1
48,2015-03-03,4015,1
49,2015-03-03,7539,1
50,2015-03-03,4231,1
1,2015-03-02,5942,1
2,2015-03-02,7161,1
3,2015-03-02,10970,1
4,2015-03-02,12899,1
5,2015-03-02,7524,1
6,2015-03-02,7519,1
7,2015-03-02,11387,1
8,2015-03-02,8923,1
9,2015-03-02,10551,1
10,2015-03-02,7600,1
11,2015-03-02,10112,1
12,2015-03-02,10743,1
13,2015-03-02,7748,1
14,2015-03-02,7605,1
15,2015-03-02,9608,1
16,2015-03-02,11456,1
17,2015-03-02,9986,1
18,2015-03-02,9841,1
19,2015-03-02,10525,1
20,2015-03-02,9878,1
21,2015-03-02,9880,1
22,2015-03-02,6376,1
23,2015-03-02,8448,1
24,2015-03-02,14767,1
25,2015-03-02,15311,1
26,2015-03-02,10414,1
27,2015-03-02,15516,1
28,2015-03-02,7618,1
29,2015-03-02,12763,1
30,2015-03-02,7216,1
31,2015-03-02,7667,1
32,2015-03-02,5696,1
33,2015-03-02,11515,1
34,2015-03-02,10825,1
35,2015-03-02,16297,1
36,2015-03-02,11445,1
37,2015-03-02,8501,1
38,2015-03-02,10284,1
39,2015-03-02,8468,1
40,2015-03-02,4450,1
41,2015-03-02,8321,1
42,2015-03-02,15574,1
43,2015-03-02,9575,1
44,2015-03-02,8481,1
45,2015-03-02,7653,1
46,2015-03-02,8264,1
47,2015-03-02,9142,1
48,2015-03-02,4976,1
49,2015-03-02,9536,1
50,2015-03-02,7378,1
1,2015-02-28,5289,1
2,2015-02-28,3032,1
3,2015-02-28,4574,1
4,2015-02-28,11487,1
5,2015-02-28,2274,1
6,2015-02-28,3320,1
7,2015-02-28,6933,1
8,2015-02-28,4103,1
9,2015-02-28,7321,1
10,2015-02-28,5127,1
11,2015-02-28,6955,1
12,2015-02-28,6731,1
13,2015-02-28,4830,1
14,2015-02-28,3892,1
15,2015-02-28,6640,1
16,2015-02-28,5727,1
17,2015-02-28,2820,1
18,2015-02-28,5389,1
19,2015-02-28,5246,1
20,2015-02-28,5804,1
21,2015-02-28,5551,1
22,2015-02-28,3707,1
23,2015-02-28,4922,1
24,2015-02-28,9519,1
25,2015-02-28,10259,1
26,2015-02-28,6627,1
27,2015-02-28,9239,1
28,2015-02-28,2666,1
29,2015-02-28,8746,1
30,2015-02-28,4900,1
31,2015-02-28,5782,1
32,2015-02-28,2603,1
33,2015-02-28,9855,1
34,2015-02-28,8799,1
35,2015-02-28,8547,1
36,2015-02-28,10901,1
37,2015-02-28,8251,1
38,2015-02-28,7386,1
39,2015-02-28,3846,1
40,2015-02-28,5541,1
41,2015-02-28,6950,1
42,2015-02-28,9462,1
43,2015-02-28,4745,1
44,2015-02-28,4357,1
45,2015-02-28,6519,1
46,2015-02-28,5198,1
47,2015-02-28,7005,1
48,2015-02-28,2705,1
49,2015-02-28,7697,1
50,2015-02-28,4367,1
1,2015-02-27,4708,1
2,2015-02-27,4022,1
3,2015-02-27,5640,1
4,2015-02-27,10243,1
5,2015-02-27,4548,1
6,2015-02-27,4887,1
7,2015-02-27,8929,1
8,2015-02-27,6145,1
9,2015-02-27,7042,1
10,2015-02-27,5562,1
11,2015-02-27,7947,1
12,2015-02-27,5570,1
13,2015-02-27,5924,1
14,2015-02-27,5561,1
15,2015-02-27,6916,1
16,2015-02-27,7113,1
17,2015-02-27,6135,1
18,2015-02-27,7976,1
19,2015-02-27,8704,1
20,2015-02-27,7262,1
21,2015-02-27,4380,1
22,2015-02-27,4779,1
23,2015-02-27,6218,1
24,2015-02-27,10596,1
25,2015-02-27,13149,1
26,2015-02-27,6433,1
27,2015-02-27,8979,1
28,2015-02-27,5668,1
29,2015-02-27,7935,1
30,2015-02-27,4162,1
31,2015-02-27,5882,1
32,2015-02-27,3392,1
33,2015-02-27,9309,1
34,2015-02-27,8023,1
35,2015-02-27,9579,1
36,2015-02-27,9367,1
37,2015-02-27,6896,1
38,2015-02-27,5581,1
39,2015-02-27,5133,1
40,2015-02-27,3316,1
41,2015-02-27,5619,1
42,2015-02-27,9776,1
43,2015-02-27,6163,1
44,2015-02-27,5452,1
45,2015-02-27,5433,1
46,2015-02-27,4536,1
47,2015-02-27,8187,1
48,2015-02-27,3518,1
49,2015-02-27,6666,1
50,2015-02-27,3946,1
1,2015-02-26,4042,1
2,2015-02-26,4035,1
3,2015-02-26,5978,1
4,2015-02-26,8080,1
5,2015-02-26,3560,1
6,2015-02-26,3948,1
7,2015-02-26,7817,1
8,2015-02-26,6350,1
9,2015-02-26,6278,1
10,2015-02-26,4792,1
11,2015-02-26,7169,1
12,2015-02-26,5928,1
13,2015-02-26,4009,1
14,2015-02-26,4925,1
15,2015-02-26,6279,1
16,2015-02-26,7392,1
17,2015-02-26,5247,1
18,2015-02-26,5717,1
19,2015-02-26,6325,1
20,2015-02-26,8712,1
21,2015-02-26,3318,1
22,2015-02-26,3702,1
23,2015-02-26,4696,1
24,2015-02-26,7562,1
25,2015-02-26,9839,1
26,2015-02-26,6197,1
27,2015-02-26,7526,1
28,2015-02-26,4878,1
29,2015-02-26,6035,1
30,2015-02-26,4683,1
31,2015-02-26,5225,1
32,2015-02-26,3159,1
33,2015-02-26,7810,1
34,2015-02-26,6484,1
35,2015-02-26,7978,1
36,2015-02-26,8448,1
37,2015-02-26,5203,1
38,2015-02-26,4505,1
39,2015-02-26,3579,1
40,2015-02-26,3874,1
41,2015-02-26,4707,1
42,2015-02-26,8784,1
43,2015-02-26,5411,1
44,2015-02-26,4360,1
45,2015-02-26,4204,1
46,2015-02-26,4164,1
47,2015-02-26,6225,1
48,2015-02-26,3208,1
49,2015-02-26,5770,1
50,2015-02-26,3516,1
1,2015-02-25,3875,1
2,2015-02-25,4666,1
3,2015-02-25,4650,1
4,2015-02-25,8051,1
5,2015-02-25,4179,1
6,2015-02-25,3936,1
7,2015-02-25,6084,1
8,2015-02-25,5473,1
9,2015-02-25,5991,1
10,2015-02-25,4347,1
11,2015-02-25,7072,1
12,2015-02-25,5883,1
13,2015-02-25,3251,1
14,2015-02-25,4663,1
15,2015-02-25,4595,1
16,2015-02-25,6930,1
17,2015-02-25,4813,1
18,2015-02-25,5960,1
19,2015-02-25,6058,1
20,2015-02-25,7550,1
21,2015-02-25,3208,1
22,2015-02-25,3385,1
23,2015-02-25,3796,1
24,2015-02-25,7086,1
25,2015-02-25,10359,1
26,2015-02-25,4403,1
27,2015-02-25,7201,1
28,2015-02-25,4568,1
29,2015-02-25,5990,1
30,2015-02-25,3327,1
31,2015-02-25,4542,1
32,2015-02-25,3012,1
33,2015-02-25,6359,1
34,2015-02-25,6424,1
35,2015-02-25,7118,1
36,2015-02-25,7399,1
37,2015-02-25,4332,1
38,2015-02-25,3998,1
39,2015-02-25,3784,1
40,2015-02-25,3185,1
41,2015-02-25,4357,1
42,2015-02-25,8843,1
43,2015-02-25,4598,1
44,2015-02-25,4811,1
45,2015-02-25,3638,1
46,2015-02-25,3654,1
47,2015-02-25,6774,1
48,2015-02-25,3136,1
49,2015-02-25,5512,1
50,2015-02-25,3073,1
1,2015-02-24,4054,1
2,2015-02-24,3755,1
3,2015-02-24,4982,1
4,2015-02-24,7611,1
5,2015-02-24,3848,1
6,2015-02-24,4044,1
7,2015-02-24,6904,1
8,2015-02-24,5368,1
9,2015-02-24,5991,1
10,2015-02-24,4842,1
11,2015-02-24,5830,1
12,2015-02-24,5002,1
13,2015-02-24,3008,1
14,2015-02-24,4078,1
15,2015-02-24,4862,1
16,2015-02-24,7053,1
17,2015-02-24,5523,1
18,2015-02-24,5706,1
19,2015-02-24,6234,1
20,2015-02-24,7123,1
21,2015-02-24,3820,1
22,2015-02-24,3533,1
23,2015-02-24,3938,1
24,2015-02-24,7333,1
25,2015-02-24,9183,1
26,2015-02-24,4320,1
27,2015-02-24,6735,1
28,2015-02-24,4080,1
29,2015-02-24,5660,1
30,2015-02-24,3518,1
31,2015-02-24,3917,1
32,2015-02-24,3544,1
33,2015-02-24,6228,1
34,2015-02-24,6108,1
35,2015-02-24,6264,1
36,2015-02-24,8715,1
37,2015-02-24,3669,1
38,2015-02-24,3778,1
39,2015-02-24,3700,1
40,2015-02-24,3378,1
41,2015-02-24,4386,1
42,2015-02-24,8030,1
43,2015-02-24,5514,1
44,2015-02-24,4394,1
45,2015-02-24,3552,1
46,2015-02-24,3457,1
47,2015-02-24,5314,1
48,2015-02-24,3981,1
49,2015-02-24,5505,1
50,2015-02-24,2589,1
1,2015-02-23,3598,1
2,2015-02-23,3633,1
3,2015-02-23,5354,1
4,2015-02-23,8328,1
5,2015-02-23,3742,1
6,2015-02-23,3783,1
7,2015-02-23,7055,1
8,2015-02-23,4977,1
9,2015-02-23,6713,1
10,2015-02-23,5348,1
11,2015-02-23,6199,1
12,2015-02-23,5892,1
13,2015-02-23,3224,1
14,2015-02-23,5190,1
15,2015-02-23,5021,1
16,2015-02-23,6352,1
17,2015-02-23,3995,1
18,2015-02-23,5622,1
19,2015-02-23,5746,1
20,2015-02-23,7796,1
21,2015-02-23,3701,1
22,2015-02-23,3732,1
23,2015-02-23,2915,1
24,2015-02-23,6800,1
25,2015-02-23,9692,1
26,2015-02-23,4377,1
27,2015-02-23,6301,1
28,2015-02-23,3156,1
29,2015-02-23,6403,1
30,2015-02-23,3143,1
31,2015-02-23,4137,1
32,2015-02-23,3596,1
33,2015-02-23,7093,1
34,2015-02-23,6770,1
35,2015-02-23,7385,1
36,2015-02-23,9453,1
37,2015-02-23,4109,1
38,2015-02-23,3690,1
39,2015-02-23,3604,1
40,2015-02-23,3319,1
41,2015-02-23,5205,1
42,2015-02-23,7629,1
43,2015-02-23,4725,1
44,2015-02-23,4177,1
45,2015-02-23,3258,1
46,2015-02-23,3813,1
47,2015-02-23,6266,1
48,2015-02-23,3265,1
49,2015-02-23,5314,1
50,2015-02-23,2518,1
1,2015-02-21,4475,1
2,2015-02-21,3005,1
3,2015-02-21,3419,1
4,2015-02-21,9847,1
5,2015-02-21,1752,1
6,2015-02-21,3086,1
7,2015-02-21,4775,1
8,2015-02-21,3402,1
9,2015-02-21,7470,1
10,2015-02-21,5302,1
11,2015-02-21,5432,1
12,2015-02-21,6343,1
13,2015-02-21,4472,1
14,2015-02-21,3420,1
15,2015-02-21,5174,1
16,2015-02-21,4660,1
17,2015-02-21,2795,1
18,2015-02-21,4362,1
19,2015-02-21,4363,1
20,2015-02-21,5589,1
21,2015-02-21,4890,1
22,2015-02-21,3192,1
23,2015-02-21,4729,1
24,2015-02-21,7131,1
25,2015-02-21,8640,1
26,2015-02-21,5567,1
27,2015-02-21,6658,1
28,2015-02-21,2471,1
29,2015-02-21,7351,1
30,2015-02-21,3972,1
31,2015-02-21,5073,1
32,2015-02-21,2188,1
33,2015-02-21,9311,1
34,2015-02-21,7156,1
35,2015-02-21,7395,1
36,2015-02-21,7978,1
37,2015-02-21,7594,1
38,2015-02-21,6588,1
39,2015-02-21,2768,1
40,2015-02-21,4912,1
41,2015-02-21,5577,1
42,2015-02-21,8001,1
43,2015-02-21,4308,1
44,2015-02-21,3548,1
45,2015-02-21,5753,1
46,2015-02-21,4360,1
47,2015-02-21,5282,1
48,2015-02-21,2342,1
49,2015-02-21,7220,1
50,2015-02-21,3523,1
1,2015-02-20,4651,1
2,2015-02-20,4727,1
3,2015-02-20,7204,1
4,2015-02-20,10421,1
5,2015-02-20,4658,1
6,2015-02-20,5314,1
7,2015-02-20,9063,1
8,2015-02-20,6002,1
9,2015-02-20,7490,1
10,2015-02-20,5743,1
11,2015-02-20,6544,1
12,2015-02-20,6996,1
13,2015-02-20,5360,1
14,2015-02-20,5966,1
15,2015-02-20,7151,1
16,2015-02-20,8058,1
17,2015-02-20,6852,1
18,2015-02-20,7791,1
19,2015-02-20,7540,1
20,2015-02-20,7706,1
21,2015-02-20,5906,1
22,2015-02-20,5451,1
23,2015-02-20,5829,1
24,2015-02-20,10532,1
25,2015-02-20,12195,1
26,2015-02-20,7686,1
27,2015-02-20,9467,1
28,2015-02-20,5016,1
29,2015-02-20,8789,1
30,2015-02-20,5019,1
31,2015-02-20,6489,1
32,2015-02-20,3989,1
33,2015-02-20,9234,1
34,2015-02-20,8054,1
35,2015-02-20,10083,1
36,2015-02-20,9424,1
37,2015-02-20,7288,1
38,2015-02-20,5944,1
39,2015-02-20,4363,1
40,2015-02-20,3929,1
41,2015-02-20,6029,1
42,2015-02-20,10957,1
43,2015-02-20,7954,1
44,2015-02-20,6062,1
45,2015-02-20,5438,1
46,2015-02-20,6524,1
47,2015-02-20,7496,1
48,2015-02-20,4353,1
49,2015-02-20,6836,1
50,2015-02-20,4093,1
1,2015-02-19,4460,1
2,2015-02-19,5842,1
3,2015-02-19,7248,1
4,2015-02-19,9114,1
5,2015-02-19,4839,1
6,2015-02-19,4911,1
7,2015-02-19,8565,1
8,2015-02-19,7768,1
9,2015-02-19,7615,1
10,2015-02-19,5858,1
11,2015-02-19,7609,1
12,2015-02-19,7904,1
13,2015-02-19,6370,1
14,2015-02-19,5427,1
15,2015-02-19,6781,1
16,2015-02-19,7491,1
17,2015-02-19,7610,1
18,2015-02-19,7300,1
19,2015-02-19,7883,1
20,2015-02-19,9156,1
21,2015-02-19,6057,1
22,2015-02-19,4604,1
23,2015-02-19,6039,1
24,2015-02-19,9608,1
25,2015-02-19,13588,1
26,2015-02-19,7948,1
27,2015-02-19,10085,1
28,2015-02-19,5371,1
29,2015-02-19,7922,1
30,2015-02-19,6573,1
31,2015-02-19,5761,1
32,2015-02-19,4386,1
33,2015-02-19,8630,1
34,2015-02-19,7738,1
35,2015-02-19,11171,1
36,2015-02-19,9334,1
37,2015-02-19,7055,1
38,2015-02-19,6256,1
39,2015-02-19,4961,1
40,2015-02-19,6018,1
41,2015-02-19,5973,1
42,2015-02-19,11692,1
43,2015-02-19,8402,1
44,2015-02-19,5761,1
45,2015-02-19,5658,1
46,2015-02-19,5231,1
47,2015-02-19,6939,1
48,2015-02-19,3536,1
49,2015-02-19,6160,1
50,2015-02-19,4542,1
1,2015-02-18,4180,1
2,2015-02-18,6178,1
3,2015-02-18,7862,1
4,2015-02-18,8794,1
5,2015-02-18,5389,1
6,2015-02-18,4618,1
7,2015-02-18,8775,1
8,2015-02-18,7449,1
9,2015-02-18,7417,1
10,2015-02-18,6502,1
11,2015-02-18,7896,1
12,2015-02-18,7863,1
13,2015-02-18,5558,1
14,2015-02-18,6106,1
15,2015-02-18,6313,1
16,2015-02-18,7789,1
17,2015-02-18,7592,1
18,2015-02-18,7303,1
19,2015-02-18,6799,1
20,2015-02-18,7368,1
21,2015-02-18,5824,1
22,2015-02-18,4237,1
23,2015-02-18,5927,1
24,2015-02-18,10583,1
25,2015-02-18,14726,1
26,2015-02-18,6521,1
27,2015-02-18,10858,1
28,2015-02-18,4881,1
29,2015-02-18,8743,1
30,2015-02-18,4989,1
31,2015-02-18,5957,1
32,2015-02-18,3960,1
33,2015-02-18,9373,1
34,2015-02-18,7269,1
35,2015-02-18,9435,1
36,2015-02-18,9937,1
37,2015-02-18,6072,1
38,2015-02-18,5831,1
39,2015-02-18,5728,1
40,2015-02-18,4052,1
41,2015-02-18,5221,1
42,2015-02-18,11864,1
43,2015-02-18,7607,1
44,2015-02-18,6094,1
45,2015-02-18,5577,1
46,2015-02-18,5427,1
47,2015-02-18,8820,1
48,2015-02-18,4154,1
49,2015-02-18,7123,1
50,2015-02-18,4470,1
1,2015-02-17,4833,1
2,2015-02-17,6113,1
3,2015-02-17,7895,1
4,2015-02-17,9657,1
5,2015-02-17,5433,1
6,2015-02-17,5586,1
7,2015-02-17,10521,1
8,2015-02-17,7938,1
9,2015-02-17,9308,1
10,2015-02-17,6615,1
11,2015-02-17,7372,1
12,2015-02-17,9273,1
13,2015-02-17,5719,1
14,2015-02-17,7074,1
15,2015-02-17,7454,1
16,2015-02-17,7747,1
17,2015-02-17,8611,1
18,2015-02-17,6927,1
19,2015-02-17,7608,1
20,2015-02-17,6550,1
21,2015-02-17,6624,1
22,2015-02-17,3692,1
23,2015-02-17,5133,1
24,2015-02-17,10534,1
25,2015-02-17,6338,1
26,2015-02-17,7044,1
27,2015-02-17,11602,1
28,2015-02-17,6485,1
29,2015-02-17,9250,1
30,2015-02-17,7178,1
31,2015-02-17,5554,1
32,2015-02-17,4034,1
33,2015-02-17,8459,1
34,2015-02-17,8118,1
35,2015-02-17,11596,1
36,2015-02-17,8450,1
37,2015-02-17,6218,1
38,2015-02-17,7229,1
39,2015-02-17,6153,1
40,2015-02-17,4299,1
41,2015-02-17,5149,1
42,2015-02-17,12459,1
43,2015-02-17,8323,1
44,2015-02-17,6890,1
45,2015-02-17,6244,1
46,2015-02-17,5572,1
47,2015-02-17,8562,1
48,2015-02-17,4183,1
49,2015-02-17,6999,1
50,2015-02-17,5149,1
1,2015-02-16,4303,1
2,2015-02-16,7478,1
3,2015-02-16,9914,1
4,2015-02-16,11092,1
5,2015-02-16,7566,1
6,2015-02-16,6506,1
7,2015-02-16,11966,1
8,2015-02-16,9169,1
9,2015-02-16,9403,1
10,2015-02-16,7738,1
11,2015-02-16,9773,1
12,2015-02-16,10936,1
13,2015-02-16,7264,1
14,2015-02-16,4590,1
15,2015-02-16,8900,1
16,2015-02-16,11291,1
17,2015-02-16,9780,1
18,2015-02-16,10110,1
19,2015-02-16,9698,1
20,2015-02-16,10303,1
21,2015-02-16,8507,1
22,2015-02-16,6863,1
23,2015-02-16,7827,1
24,2015-02-16,13704,1
26,2015-02-16,10364,1
27,2015-02-16,14487,1
28,2015-02-16,8265,1
29,2015-02-16,12280,1
31,2015-02-16,6784,1
32,2015-02-16,5341,1
33,2015-02-16,7274,1
34,2015-02-16,9966,1
35,2015-02-16,14788,1
36,2015-02-16,9834,1
37,2015-02-16,8132,1
38,2015-02-16,8670,1
39,2015-02-16,6537,1
41,2015-02-16,8441,1
42,2015-02-16,12999,1
43,2015-02-16,2876,1
44,2015-02-16,7577,1
45,2015-02-16,4358,1
46,2015-02-16,8112,1
47,2015-02-16,8662,1
48,2015-02-16,4865,1
49,2015-02-16,9209,1
50,2015-02-16,6261,1
1,2015-02-14,5015,1
2,2015-02-14,2809,1
3,2015-02-14,4221,1
4,2015-02-14,10274,1
5,2015-02-14,2162,1
6,2015-02-14,2905,1
7,2015-02-14,6312,1
8,2015-02-14,3765,1
9,2015-02-14,7377,1
10,2015-02-14,4610,1
11,2015-02-14,6579,1
12,2015-02-14,6580,1
13,2015-02-14,5132,1
14,2015-02-14,3394,1
15,2015-02-14,5828,1
16,2015-02-14,6015,1
17,2015-02-14,2957,1
18,2015-02-14,5032,1
19,2015-02-14,4671,1
20,2015-02-14,5379,1
21,2015-02-14,5309,1
22,2015-02-14,3523,1
23,2015-02-14,4877,1
24,2015-02-14,8150,1
25,2015-02-14,9222,1
26,2015-02-14,5806,1
27,2015-02-14,7193,1
28,2015-02-14,2035,1
29,2015-02-14,8214,1
30,2015-02-14,4044,1
31,2015-02-14,5546,1
32,2015-02-14,2609,1
33,2015-02-14,8879,1
34,2015-02-14,7626,1
35,2015-02-14,7694,1
36,2015-02-14,9351,1
37,2015-02-14,7106,1
38,2015-02-14,6246,1
39,2015-02-14,3096,1
40,2015-02-14,4410,1
41,2015-02-14,6056,1
42,2015-02-14,8333,1
43,2015-02-14,4726,1
44,2015-02-14,3678,1
45,2015-02-14,5593,1
46,2015-02-14,5106,1
47,2015-02-14,6377,1
48,2015-02-14,2639,1
49,2015-02-14,7997,1
50,2015-02-14,4519,1
1,2015-02-13,4726,1
2,2015-02-13,3647,1
3,2015-02-13,6018,1
4,2015-02-13,8628,1
5,2015-02-13,4617,1
6,2015-02-13,4083,1
7,2015-02-13,8623,1
8,2015-02-13,5296,1
9,2015-02-13,6309,1
10,2015-02-13,5285,1
11,2015-02-13,7571,1
12,2015-02-13,5996,1
13,2015-02-13,4127,1
14,2015-02-13,4736,1
15,2015-02-13,7157,1
16,2015-02-13,7215,1
17,2015-02-13,5843,1
18,2015-02-13,7493,1
19,2015-02-13,6314,1
20,2015-02-13,7469,1
21,2015-02-13,4095,1
22,2015-02-13,5083,1
23,2015-02-13,4843,1
24,2015-02-13,8821,1
25,2015-02-13,10971,1
26,2015-02-13,6007,1
27,2015-02-13,7675,1
28,2015-02-13,5101,1
29,2015-02-13,6222,1
30,2015-02-13,3784,1
31,2015-02-13,6046,1
32,2015-02-13,3296,1
33,2015-02-13,7804,1
34,2015-02-13,7784,1
35,2015-02-13,8999,1
36,2015-02-13,9311,1
37,2015-02-13,6591,1
38,2015-02-13,4997,1
39,2015-02-13,3483,1
40,2015-02-13,3028,1
41,2015-02-13,5942,1
42,2015-02-13,8775,1
43,2015-02-13,5263,1
44,2015-02-13,4979,1
45,2015-02-13,4892,1
46,2015-02-13,4946,1
47,2015-02-13,6369,1
48,2015-02-13,2909,1
49,2015-02-13,7180,1
50,2015-02-13,4003,1
1,2015-02-12,3900,1
2,2015-02-12,3765,1
3,2015-02-12,5179,1
4,2015-02-12,8239,1
5,2015-02-12,3852,1
6,2015-02-12,3679,1
7,2015-02-12,7296,1
8,2015-02-12,5694,1
9,2015-02-12,5883,1
10,2015-02-12,4602,1
11,2015-02-12,6753,1
12,2015-02-12,6176,1
13,2015-02-12,2852,1
14,2015-02-12,4566,1
15,2015-02-12,5234,1
16,2015-02-12,6526,1
17,2015-02-12,5411,1
18,2015-02-12,5576,1
19,2015-02-12,5953,1
20,2015-02-12,8577,1
21,2015-02-12,3287,1
23,2015-02-12,3758,1
24,2015-02-12,8540,1
25,2015-02-12,3515,1
26,2015-02-12,5316,1
27,2015-02-12,6903,1
28,2015-02-12,4164,1
29,2015-02-12,6611,1
30,2015-02-12,1601,1
31,2015-02-12,4712,1
32,2015-02-12,2672,1
33,2015-02-12,6118,1
34,2015-02-12,6731,1
35,2015-02-12,7218,1
36,2015-02-12,7379,1
37,2015-02-12,5125,1
38,2015-02-12,3836,1
39,2015-02-12,3840,1
40,2015-02-12,1052,1
41,2015-02-12,4597,1
42,2015-02-12,8521,1
43,2015-02-12,3347,1
44,2015-02-12,4034,1
45,2015-02-12,4020,1
46,2015-02-12,3697,1
47,2015-02-12,5647,1
48,2015-02-12,3061,1
49,2015-02-12,6530,1
50,2015-02-12,3021,1
1,2015-02-11,3735,1
2,2015-02-11,4773,1
3,2015-02-11,6116,1
4,2015-02-11,7317,1
5,2015-02-11,3862,1
6,2015-02-11,3843,1
7,2015-02-11,7346,1
8,2015-02-11,5051,1
9,2015-02-11,5880,1
10,2015-02-11,5530,1
11,2015-02-11,6984,1
12,2015-02-11,5689,1
13,2015-02-11,3277,1
14,2015-02-11,5105,1
15,2015-02-11,5171,1
16,2015-02-11,7014,1
17,2015-02-11,4716,1
18,2015-02-11,6272,1
19,2015-02-11,5631,1
20,2015-02-11,7093,1
21,2015-02-11,3587,1
22,2015-02-11,4272,1
23,2015-02-11,3991,1
24,2015-02-11,7837,1
25,2015-02-11,11707,1
26,2015-02-11,4796,1
27,2015-02-11,7047,1
28,2015-02-11,3198,1
29,2015-02-11,6156,1
30,2015-02-11,4030,1
31,2015-02-11,4507,1
32,2015-02-11,3189,1
33,2015-02-11,8068,1
34,2015-02-11,6393,1
35,2015-02-11,6808,1
36,2015-02-11,8441,1
37,2015-02-11,4513,1
38,2015-02-11,4794,1
39,2015-02-11,4194,1
40,2015-02-11,3953,1
41,2015-02-11,5652,1
42,2015-02-11,9143,1
43,2015-02-11,6483,1
44,2015-02-11,3947,1
45,2015-02-11,3555,1
46,2015-02-11,3841,1
47,2015-02-11,6314,1
48,2015-02-11,2921,1
49,2015-02-11,5634,1
50,2015-02-11,3233,1
1,2015-02-10,3136,1
2,2015-02-10,4653,1
3,2015-02-10,5333,1
4,2015-02-10,7914,1
5,2015-02-10,3912,1
6,2015-02-10,4076,1
7,2015-02-10,7397,1
8,2015-02-10,5070,1
9,2015-02-10,6075,1
10,2015-02-10,5094,1
11,2015-02-10,6833,1
12,2015-02-10,5361,1
13,2015-02-10,4157,1
14,2015-02-10,5164,1
15,2015-02-10,5368,1
16,2015-02-10,7013,1
17,2015-02-10,5414,1
18,2015-02-10,5250,1
19,2015-02-10,5730,1
20,2015-02-10,7604,1
21,2015-02-10,3248,1
22,2015-02-10,3734,1
23,2015-02-10,4238,1
24,2015-02-10,8442,1
25,2015-02-10,10341,1
26,2015-02-10,4607,1
27,2015-02-10,7106,1
28,2015-02-10,3954,1
29,2015-02-10,6029,1
30,2015-02-10,4182,1
31,2015-02-10,4446,1
32,2015-02-10,3522,1
33,2015-02-10,7120,1
34,2015-02-10,6607,1
35,2015-02-10,6763,1
36,2015-02-10,8121,1
37,2015-02-10,4617,1
38,2015-02-10,3798,1
39,2015-02-10,3953,1
40,2015-02-10,3248,1
41,2015-02-10,4750,1
42,2015-02-10,7924,1
43,2015-02-10,5472,1
44,2015-02-10,4233,1
45,2015-02-10,3815,1
46,2015-02-10,4072,1
47,2015-02-10,6164,1
48,2015-02-10,3432,1
49,2015-02-10,5968,1
50,2015-02-10,2662,1
1,2015-02-09,3965,1
2,2015-02-09,3678,1
3,2015-02-09,5027,1
4,2015-02-09,8940,1
5,2015-02-09,3294,1
6,2015-02-09,3834,1
7,2015-02-09,8215,1
8,2015-02-09,5787,1
9,2015-02-09,6314,1
10,2015-02-09,4795,1
11,2015-02-09,6514,1
12,2015-02-09,5763,1
13,2015-02-09,3445,1
14,2015-02-09,5013,1
15,2015-02-09,5719,1
16,2015-02-09,7698,1
17,2015-02-09,4310,1
18,2015-02-09,5769,1
19,2015-02-09,6039,1
20,2015-02-09,7275,1
21,2015-02-09,4127,1
22,2015-02-09,3556,1
23,2015-02-09,4452,1
24,2015-02-09,7863,1
25,2015-02-09,10954,1
26,2015-02-09,4361,1
27,2015-02-09,6990,1
28,2015-02-09,3594,1
29,2015-02-09,6011,1
30,2015-02-09,3453,1
31,2015-02-09,4285,1
32,2015-02-09,3859,1
33,2015-02-09,7395,1
34,2015-02-09,6991,1
35,2015-02-09,7799,1
36,2015-02-09,10611,1
37,2015-02-09,5201,1
38,2015-02-09,4558,1
39,2015-02-09,3870,1
40,2015-02-09,3110,1
41,2015-02-09,3378,1
42,2015-02-09,8708,1
43,2015-02-09,5779,1
44,2015-02-09,4374,1
45,2015-02-09,4603,1
46,2015-02-09,3730,1
47,2015-02-09,6654,1
48,2015-02-09,3814,1
49,2015-02-09,5860,1
50,2015-02-09,3028,1
1,2015-02-07,4663,1
2,2015-02-07,2335,1
3,2015-02-07,4781,1
4,2015-02-07,10042,1
5,2015-02-07,2064,1
6,2015-02-07,3320,1
7,2015-02-07,6172,1
8,2015-02-07,3603,1
9,2015-02-07,7299,1
10,2015-02-07,4770,1
11,2015-02-07,5931,1
12,2015-02-07,6244,1
13,2015-02-07,4668,1
14,2015-02-07,3368,1
15,2015-02-07,6093,1
16,2015-02-07,6292,1
17,2015-02-07,2533,1
18,2015-02-07,4720,1
19,2015-02-07,4806,1
20,2015-02-07,4989,1
21,2015-02-07,6288,1
22,2015-02-07,3341,1
23,2015-02-07,5326,1
24,2015-02-07,7905,1
25,2015-02-07,9263,1
26,2015-02-07,5635,1
27,2015-02-07,8410,1
28,2015-02-07,2239,1
29,2015-02-07,7849,1
30,2015-02-07,3631,1
31,2015-02-07,6226,1
32,2015-02-07,2258,1
33,2015-02-07,8875,1
34,2015-02-07,7465,1
35,2015-02-07,7872,1
36,2015-02-07,9997,1
37,2015-02-07,7167,1
38,2015-02-07,6155,1
39,2015-02-07,2939,1
40,2015-02-07,4561,1
41,2015-02-07,6027,1
42,2015-02-07,8710,1
43,2015-02-07,4408,1
44,2015-02-07,3470,1
45,2015-02-07,5383,1
46,2015-02-07,4935,1
47,2015-02-07,6244,1
48,2015-02-07,2854,1
49,2015-02-07,7653,1
50,2015-02-07,4338,1
1,2015-02-06,5022,1
2,2015-02-06,5260,1
3,2015-02-06,7920,1
4,2015-02-06,10985,1
5,2015-02-06,5209,1
6,2015-02-06,5268,1
7,2015-02-06,9570,1
8,2015-02-06,6205,1
9,2015-02-06,7955,1
10,2015-02-06,5772,1
11,2015-02-06,8175,1
12,2015-02-06,7409,1
13,2015-02-06,5652,1
14,2015-02-06,6245,1
15,2015-02-06,7710,1
16,2015-02-06,8575,1
17,2015-02-06,6643,1
18,2015-02-06,8507,1
19,2015-02-06,7629,1
20,2015-02-06,7285,1
21,2015-02-06,6870,1
22,2015-02-06,5451,1
23,2015-02-06,6785,1
24,2015-02-06,10509,1
25,2015-02-06,11838,1
26,2015-02-06,7620,1
27,2015-02-06,10469,1
28,2015-02-06,5795,1
29,2015-02-06,8306,1
30,2015-02-06,4185,1
31,2015-02-06,6819,1
32,2015-02-06,3928,1
33,2015-02-06,9291,1
34,2015-02-06,7063,1
35,2015-02-06,11680,1
36,2015-02-06,9451,1
37,2015-02-06,7847,1
38,2015-02-06,6465,1
39,2015-02-06,5376,1
40,2015-02-06,3628,1
41,2015-02-06,6579,1
42,2015-02-06,11426,1
43,2015-02-06,7461,1
44,2015-02-06,5395,1
45,2015-02-06,5627,1
46,2015-02-06,7618,1
47,2015-02-06,7705,1
48,2015-02-06,4631,1
49,2015-02-06,8480,1
50,2015-02-06,4933,1
1,2015-02-05,4394,1
2,2015-02-05,5275,1
3,2015-02-05,7195,1
4,2015-02-05,9882,1
5,2015-02-05,5011,1
6,2015-02-05,5265,1
7,2015-02-05,8692,1
8,2015-02-05,7002,1
9,2015-02-05,6611,1
10,2015-02-05,5416,1
11,2015-02-05,7785,1
12,2015-02-05,7778,1
13,2015-02-05,5019,1
14,2015-02-05,6011,1
15,2015-02-05,7164,1
16,2015-02-05,8887,1
17,2015-02-05,6301,1
18,2015-02-05,7216,1
19,2015-02-05,7334,1
20,2015-02-05,8547,1
21,2015-02-05,5928,1
22,2015-02-05,4137,1
23,2015-02-05,6493,1
24,2015-02-05,9672,1
25,2015-02-05,11794,1
26,2015-02-05,7580,1
27,2015-02-05,11066,1
28,2015-02-05,6290,1
29,2015-02-05,8038,1
30,2015-02-05,5010,1
31,2015-02-05,5913,1
32,2015-02-05,3796,1
33,2015-02-05,9118,1
34,2015-02-05,7580,1
35,2015-02-05,10741,1
36,2015-02-05,9460,1
37,2015-02-05,6823,1
38,2015-02-05,6913,1
39,2015-02-05,5829,1
40,2015-02-05,4169,1
41,2015-02-05,6509,1
42,2015-02-05,11352,1
43,2015-02-05,6573,1
44,2015-02-05,5979,1
45,2015-02-05,5288,1
46,2015-02-05,5426,1
47,2015-02-05,8097,1
48,2015-02-05,3804,1
49,2015-02-05,6885,1
50,2015-02-05,4246,1
1,2015-02-04,4672,1
2,2015-02-04,6405,1
3,2015-02-04,8155,1
4,2015-02-04,9571,1
5,2015-02-04,5656,1
6,2015-02-04,5034,1
7,2015-02-04,9566,1
8,2015-02-04,6877,1
9,2015-02-04,6956,1
10,2015-02-04,6052,1
11,2015-02-04,9131,1
12,2015-02-04,8772,1
13,2015-02-04,5163,1
14,2015-02-04,6134,1
15,2015-02-04,6984,1
16,2015-02-04,8779,1
17,2015-02-04,7313,1
18,2015-02-04,7144,1
19,2015-02-04,7400,1
20,2015-02-04,8275,1
21,2015-02-04,5376,1
22,2015-02-04,4402,1
23,2015-02-04,6016,1
24,2015-02-04,10621,1
25,2015-02-04,11565,1
26,2015-02-04,7023,1
27,2015-02-04,12162,1
28,2015-02-04,4880,1
29,2015-02-04,8560,1
30,2015-02-04,4333,1
31,2015-02-04,6402,1
32,2015-02-04,4566,1
33,2015-02-04,8110,1
34,2015-02-04,7456,1
35,2015-02-04,11549,1
36,2015-02-04,10635,1
37,2015-02-04,6176,1
38,2015-02-04,5281,1
39,2015-02-04,6351,1
40,2015-02-04,3947,1
41,2015-02-04,6713,1
42,2015-02-04,12436,1
43,2015-02-04,6365,1
44,2015-02-04,5636,1
45,2015-02-04,4944,1
46,2015-02-04,6003,1
47,2015-02-04,8604,1
48,2015-02-04,3872,1
49,2015-02-04,7864,1
50,2015-02-04,3859,1
1,2015-02-03,4901,1
2,2015-02-03,6837,1
3,2015-02-03,8950,1
4,2015-02-03,11230,1
5,2015-02-03,6231,1
6,2015-02-03,6055,1
7,2015-02-03,10481,1
8,2015-02-03,8146,1
9,2015-02-03,8929,1
10,2015-02-03,5982,1
11,2015-02-03,8927,1
12,2015-02-03,8646,1
13,2015-02-03,5156,1
14,2015-02-03,7069,1
15,2015-02-03,7220,1
16,2015-02-03,10357,1
17,2015-02-03,9070,1
18,2015-02-03,6606,1
19,2015-02-03,8213,1
20,2015-02-03,8610,1
21,2015-02-03,7958,1
22,2015-02-03,5303,1
23,2015-02-03,6797,1
24,2015-02-03,11866,1
25,2015-02-03,12976,1
26,2015-02-03,7244,1
27,2015-02-03,12036,1
28,2015-02-03,7124,1
29,2015-02-03,9566,1
30,2015-02-03,6609,1
31,2015-02-03,6502,1
32,2015-02-03,4857,1
33,2015-02-03,8622,1
34,2015-02-03,8675,1
35,2015-02-03,12008,1
36,2015-02-03,11213,1
37,2015-02-03,6918,1
38,2015-02-03,6730,1
39,2015-02-03,5986,1
40,2015-02-03,4475,1
41,2015-02-03,6526,1
42,2015-02-03,12795,1
43,2015-02-03,7519,1
44,2015-02-03,5752,1
45,2015-02-03,4920,1
46,2015-02-03,6374,1
47,2015-02-03,8256,1
48,2015-02-03,4075,1
49,2015-02-03,7191,1
50,2015-02-03,4517,1
1,2015-02-02,6038,1
2,2015-02-02,8155,1
3,2015-02-02,9922,1
4,2015-02-02,13120,1
5,2015-02-02,7407,1
6,2015-02-02,7413,1
7,2015-02-02,11970,1
8,2015-02-02,8679,1
9,2015-02-02,10858,1
10,2015-02-02,7275,1
11,2015-02-02,10595,1
12,2015-02-02,10737,1
13,2015-02-02,5859,1
14,2015-02-02,7450,1
15,2015-02-02,9076,1
16,2015-02-02,10009,1
17,2015-02-02,11029,1
18,2015-02-02,9224,1
19,2015-02-02,8991,1
20,2015-02-02,8343,1
21,2015-02-02,7865,1
22,2015-02-02,6257,1
23,2015-02-02,4891,1
24,2015-02-02,13502,1
25,2015-02-02,14202,1
26,2015-02-02,10977,1
27,2015-02-02,15133,1
28,2015-02-02,9295,1
29,2015-02-02,12040,1
30,2015-02-02,6585,1
31,2015-02-02,7462,1
32,2015-02-02,5441,1
33,2015-02-02,10419,1
34,2015-02-02,10422,1
35,2015-02-02,17019,1
36,2015-02-02,10637,1
37,2015-02-02,8683,1
38,2015-02-02,7990,1
39,2015-02-02,7594,1
40,2015-02-02,4725,1
41,2015-02-02,6625,1
42,2015-02-02,14220,1
43,2015-02-02,8403,1
44,2015-02-02,7764,1
45,2015-02-02,6448,1
46,2015-02-02,7425,1
47,2015-02-02,9205,1
48,2015-02-02,4850,1
49,2015-02-02,9369,1
50,2015-02-02,6572,1
1,2015-01-31,5363,1
2,2015-01-31,3067,1
3,2015-01-31,4382,1
4,2015-01-31,11904,1
5,2015-01-31,2110,1
6,2015-01-31,3352,1
7,2015-01-31,6240,1
8,2015-01-31,4063,1
9,2015-01-31,7563,1
10,2015-01-31,4806,1
11,2015-01-31,7626,1
12,2015-01-31,7104,1
13,2015-01-31,6805,1
14,2015-01-31,4068,1
15,2015-01-31,6541,1
16,2015-01-31,5818,1
17,2015-01-31,2903,1
18,2015-01-31,5714,1
19,2015-01-31,5229,1
20,2015-01-31,5355,1
21,2015-01-31,5408,1
22,2015-01-31,4358,1
23,2015-01-31,4873,1
24,2015-01-31,9317,1
25,2015-01-31,10810,1
26,2015-01-31,6214,1
27,2015-01-31,8691,1
28,2015-01-31,2462,1
29,2015-01-31,8879,1
30,2015-01-31,4736,1
31,2015-01-31,6142,1
32,2015-01-31,2924,1
33,2015-01-31,8939,1
34,2015-01-31,8464,1
35,2015-01-31,9311,1
36,2015-01-31,10044,1
37,2015-01-31,8444,1
38,2015-01-31,7423,1
39,2015-01-31,3955,1
40,2015-01-31,5559,1
41,2015-01-31,6457,1
42,2015-01-31,9088,1
43,2015-01-31,5327,1
44,2015-01-31,3909,1
45,2015-01-31,6824,1
46,2015-01-31,5593,1
47,2015-01-31,6967,1
48,2015-01-31,2842,1
49,2015-01-31,8620,1
50,2015-01-31,4270,1
1,2015-01-30,5577,1
2,2015-01-30,5919,1
3,2015-01-30,6911,1
4,2015-01-30,13307,1
5,2015-01-30,5640,1
6,2015-01-30,6555,1
7,2015-01-30,11430,1
8,2015-01-30,6401,1
9,2015-01-30,8072,1
10,2015-01-30,6350,1
11,2015-01-30,10031,1
12,2015-01-30,9156,1
13,2015-01-30,7004,1
14,2015-01-30,6491,1
15,2015-01-30,8898,1
16,2015-01-30,9546,1
17,2015-01-30,7929,1
18,2015-01-30,9941,1
19,2015-01-30,7121,1
20,2015-01-30,7458,1
21,2015-01-30,7815,1
22,2015-01-30,4977,1
23,2015-01-30,7025,1
24,2015-01-30,12859,1
25,2015-01-30,14289,1
26,2015-01-30,8361,1
27,2015-01-30,11252,1
28,2015-01-30,5184,1
29,2015-01-30,9088,1
30,2015-01-30,5818,1
31,2015-01-30,8141,1
32,2015-01-30,5652,1
33,2015-01-30,11483,1
34,2015-01-30,9436,1
35,2015-01-30,11347,1
36,2015-01-30,9087,1
37,2015-01-30,8084,1
38,2015-01-30,7477,1
39,2015-01-30,7328,1
40,2015-01-30,5301,1
41,2015-01-30,6736,1
42,2015-01-30,12295,1
43,2015-01-30,8542,1
44,2015-01-30,6150,1
45,2015-01-30,5882,1
46,2015-01-30,6686,1
47,2015-01-30,9931,1
48,2015-01-30,4650,1
49,2015-01-30,8693,1
50,2015-01-30,5587,1
1,2015-01-29,5171,1
2,2015-01-29,4775,1
3,2015-01-29,7485,1
4,2015-01-29,9614,1
5,2015-01-29,4932,1
6,2015-01-29,5395,1
7,2015-01-29,9163,1
8,2015-01-29,8403,1
9,2015-01-29,7253,1
10,2015-01-29,6203,1
11,2015-01-29,6470,1
12,2015-01-29,7641,1
13,2015-01-29,5963,1
14,2015-01-29,6235,1
15,2015-01-29,4982,1
16,2015-01-29,8451,1
17,2015-01-29,6448,1
18,2015-01-29,7021,1
19,2015-01-29,7748,1
20,2015-01-29,9484,1
21,2015-01-29,6682,1
22,2015-01-29,4950,1
23,2015-01-29,4934,1
24,2015-01-29,8953,1
25,2015-01-29,12718,1
26,2015-01-29,6676,1
27,2015-01-29,9635,1
28,2015-01-29,4967,1
29,2015-01-29,8570,1
30,2015-01-29,6020,1
31,2015-01-29,5771,1
32,2015-01-29,5104,1
33,2015-01-29,8651,1
34,2015-01-29,7746,1
35,2015-01-29,9823,1
36,2015-01-29,9813,1
37,2015-01-29,7560,1
38,2015-01-29,6531,1
39,2015-01-29,5450,1
40,2015-01-29,4871,1
41,2015-01-29,4828,1
42,2015-01-29,11389,1
43,2015-01-29,6838,1
44,2015-01-29,6156,1
45,2015-01-29,5755,1
46,2015-01-29,6152,1
47,2015-01-29,8166,1
48,2015-01-29,3944,1
49,2015-01-29,7378,1
50,2015-01-29,4440,1
1,2015-01-28,4310,1
2,2015-01-28,6032,1
3,2015-01-28,6883,1
4,2015-01-28,8520,1
5,2015-01-28,5372,1
6,2015-01-28,6077,1
7,2015-01-28,7992,1
8,2015-01-28,6071,1
9,2015-01-28,7038,1
10,2015-01-28,5173,1
11,2015-01-28,7331,1
12,2015-01-28,8412,1
13,2015-01-28,5847,1
14,2015-01-28,5895,1
15,2015-01-28,6278,1
16,2015-01-28,8998,1
17,2015-01-28,7323,1
18,2015-01-28,7775,1
19,2015-01-28,7879,1
20,2015-01-28,8824,1
21,2015-01-28,5989,1
22,2015-01-28,5027,1
23,2015-01-28,5338,1
24,2015-01-28,10605,1
25,2015-01-28,11906,1
26,2015-01-28,7012,1
27,2015-01-28,9794,1
28,2015-01-28,4326,1
29,2015-01-28,8507,1
30,2015-01-28,4831,1
31,2015-01-28,5979,1
32,2015-01-28,5015,1
33,2015-01-28,7854,1
34,2015-01-28,8328,1
35,2015-01-28,11437,1
36,2015-01-28,9057,1
37,2015-01-28,6898,1
38,2015-01-28,6124,1
39,2015-01-28,4912,1
40,2015-01-28,3647,1
41,2015-01-28,5598,1
42,2015-01-28,11860,1
43,2015-01-28,7100,1
44,2015-01-28,6031,1
45,2015-01-28,5007,1
46,2015-01-28,6158,1
47,2015-01-28,7421,1
48,2015-01-28,3713,1
49,2015-01-28,7675,1
50,2015-01-28,4382,1
1,2015-01-27,4806,1
2,2015-01-27,5258,1
3,2015-01-27,8292,1
4,2015-01-27,9088,1
5,2015-01-27,5505,1
6,2015-01-27,5079,1
7,2015-01-27,9877,1
8,2015-01-27,7804,1
9,2015-01-27,7619,1
10,2015-01-27,6137,1
11,2015-01-27,8383,1
12,2015-01-27,9885,1
13,2015-01-27,5285,1
14,2015-01-27,6329,1
15,2015-01-27,7939,1
16,2015-01-27,9110,1
17,2015-01-27,8235,1
18,2015-01-27,6742,1
19,2015-01-27,7725,1
20,2015-01-27,7684,1
21,2015-01-27,6058,1
22,2015-01-27,4943,1
23,2015-01-27,5880,1
24,2015-01-27,10147,1
25,2015-01-27,11614,1
26,2015-01-27,6979,1
27,2015-01-27,12339,1
28,2015-01-27,5534,1
29,2015-01-27,8491,1
30,2015-01-27,6566,1
31,2015-01-27,5800,1
32,2015-01-27,4504,1
33,2015-01-27,9344,1
34,2015-01-27,7727,1
35,2015-01-27,12558,1
36,2015-01-27,7276,1
37,2015-01-27,6777,1
38,2015-01-27,6123,1
39,2015-01-27,6265,1
40,2015-01-27,5244,1
41,2015-01-27,4581,1
42,2015-01-27,12152,1
43,2015-01-27,7346,1
44,2015-01-27,5276,1
45,2015-01-27,4792,1
46,2015-01-27,5744,1
47,2015-01-27,8503,1
48,2015-01-27,4313,1
49,2015-01-27,7324,1
50,2015-01-27,4763,1
1,2015-01-26,4781,1
2,2015-01-26,5931,1
3,2015-01-26,8055,1
4,2015-01-26,10174,1
5,2015-01-26,6277,1
6,2015-01-26,6360,1
7,2015-01-26,9418,1
8,2015-01-26,7502,1
9,2015-01-26,9209,1
10,2015-01-26,6088,1
11,2015-01-26,7481,1
12,2015-01-26,9447,1
13,2015-01-26,6208,1
14,2015-01-26,6346,1
15,2015-01-26,7808,1
16,2015-01-26,9314,1
17,2015-01-26,9183,1
18,2015-01-26,9066,1
19,2015-01-26,9087,1
20,2015-01-26,10288,1
21,2015-01-26,7335,1
22,2015-01-26,6018,1
23,2015-01-26,7430,1
24,2015-01-26,12139,1
25,2015-01-26,12118,1
26,2015-01-26,8363,1
27,2015-01-26,11224,1
28,2015-01-26,7135,1
29,2015-01-26,11471,1
30,2015-01-26,5369,1
31,2015-01-26,6669,1
32,2015-01-26,6431,1
33,2015-01-26,9680,1
34,2015-01-26,9234,1
35,2015-01-26,13585,1
36,2015-01-26,9251,1
37,2015-01-26,7483,1
38,2015-01-26,7879,1
39,2015-01-26,6492,1
40,2015-01-26,4173,1
41,2015-01-26,6734,1
42,2015-01-26,12491,1
43,2015-01-26,8377,1
44,2015-01-26,7321,1
45,2015-01-26,6531,1
46,2015-01-26,7274,1
47,2015-01-26,6948,1
48,2015-01-26,4463,1
49,2015-01-26,8206,1
50,2015-01-26,5731,1
1,2015-01-24,4840,1
2,2015-01-24,2575,1
3,2015-01-24,3452,1
4,2015-01-24,9401,1
5,2015-01-24,1911,1
6,2015-01-24,3022,1
7,2015-01-24,5218,1
8,2015-01-24,2803,1
9,2015-01-24,5410,1
10,2015-01-24,4192,1
11,2015-01-24,4735,1
12,2015-01-24,5627,1
13,2015-01-24,4585,1
14,2015-01-24,3183,1
15,2015-01-24,4536,1
16,2015-01-24,5188,1
17,2015-01-24,2947,1
18,2015-01-24,4562,1
19,2015-01-24,2350,1
20,2015-01-24,4757,1
21,2015-01-24,4481,1
22,2015-01-24,3284,1
23,2015-01-24,3881,1
24,2015-01-24,5156,1
25,2015-01-24,6974,1
26,2015-01-24,6351,1
27,2015-01-24,6159,1
28,2015-01-24,1744,1
29,2015-01-24,6461,1
30,2015-01-24,2724,1
31,2015-01-24,4744,1
32,2015-01-24,1958,1
33,2015-01-24,7039,1
34,2015-01-24,7345,1
35,2015-01-24,6362,1
36,2015-01-24,8493,1
37,2015-01-24,8383,1
38,2015-01-24,4279,1
39,2015-01-24,1898,1
40,2015-01-24,3118,1
41,2015-01-24,6654,1
42,2015-01-24,6564,1
43,2015-01-24,3179,1
44,2015-01-24,3528,1
45,2015-01-24,5444,1
46,2015-01-24,5097,1
47,2015-01-24,5080,1
48,2015-01-24,2483,1
49,2015-01-24,7636,1
50,2015-01-24,3715,1
1,2015-01-23,3586,1
2,2015-01-23,3206,1
3,2015-01-23,5701,1
4,2015-01-23,7638,1
5,2015-01-23,3962,1
6,2015-01-23,3711,1
7,2015-01-23,7167,1
8,2015-01-23,4517,1
9,2015-01-23,6601,1
10,2015-01-23,5131,1
11,2015-01-23,5857,1
12,2015-01-23,6035,1
13,2015-01-23,5044,1
14,2015-01-23,4967,1
15,2015-01-23,5385,1
16,2015-01-23,6162,1
17,2015-01-23,4677,1
18,2015-01-23,6201,1
19,2015-01-23,5708,1
20,2015-01-23,6253,1
21,2015-01-23,3934,1
22,2015-01-23,4214,1
23,2015-01-23,4642,1
24,2015-01-23,7517,1
25,2015-01-23,8063,1
26,2015-01-23,5518,1
27,2015-01-23,6294,1
28,2015-01-23,3557,1
29,2015-01-23,5997,1
30,2015-01-23,2963,1
31,2015-01-23,5602,1
32,2015-01-23,3216,1
33,2015-01-23,6797,1
34,2015-01-23,6372,1
35,2015-01-23,7894,1
36,2015-01-23,7727,1
37,2015-01-23,5431,1
38,2015-01-23,4530,1
39,2015-01-23,3241,1
40,2015-01-23,3197,1
41,2015-01-23,5289,1
42,2015-01-23,8729,1
43,2015-01-23,5051,1
44,2015-01-23,4423,1
45,2015-01-23,4581,1
46,2015-01-23,4036,1
47,2015-01-23,5853,1
48,2015-01-23,4135,1
49,2015-01-23,6512,1
50,2015-01-23,3638,1
1,2015-01-22,3492,1
2,2015-01-22,3728,1
3,2015-01-22,4677,1
4,2015-01-22,7239,1
5,2015-01-22,3570,1
6,2015-01-22,3670,1
7,2015-01-22,6125,1
8,2015-01-22,5447,1
9,2015-01-22,5905,1
10,2015-01-22,4203,1
11,2015-01-22,6309,1
12,2015-01-22,5717,1
13,2015-01-22,3695,1
14,2015-01-22,4668,1
15,2015-01-22,5636,1
16,2015-01-22,6191,1
17,2015-01-22,4526,1
18,2015-01-22,5107,1
19,2015-01-22,4998,1
20,2015-01-22,6950,1
21,2015-01-22,3611,1
22,2015-01-22,3647,1
23,2015-01-22,3783,1
24,2015-01-22,6679,1
25,2015-01-22,9207,1
26,2015-01-22,4436,1
27,2015-01-22,6360,1
28,2015-01-22,3582,1
29,2015-01-22,5626,1
30,2015-01-22,3474,1
31,2015-01-22,4639,1
32,2015-01-22,2983,1
33,2015-01-22,6413,1
34,2015-01-22,6380,1
35,2015-01-22,6914,1
36,2015-01-22,8183,1
37,2015-01-22,5107,1
38,2015-01-22,3564,1
39,2015-01-22,3309,1
40,2015-01-22,3020,1
41,2015-01-22,4765,1
42,2015-01-22,8655,1
43,2015-01-22,4335,1
44,2015-01-22,4007,1
45,2015-01-22,3762,1
46,2015-01-22,3827,1
47,2015-01-22,5455,1
48,2015-01-22,2851,1
49,2015-01-22,5108,1
50,2015-01-22,3000,1
1,2015-01-21,3299,1
2,2015-01-21,4524,1
3,2015-01-21,5024,1
4,2015-01-21,7456,1
5,2015-01-21,4025,1
6,2015-01-21,4126,1
7,2015-01-21,6292,1
8,2015-01-21,4670,1
9,2015-01-21,5651,1
10,2015-01-21,3792,1
11,2015-01-21,7274,1
12,2015-01-21,5463,1
13,2015-01-21,3204,1
14,2015-01-21,4663,1
15,2015-01-21,5175,1
16,2015-01-21,6998,1
17,2015-01-21,4701,1
18,2015-01-21,5019,1
19,2015-01-21,4801,1
20,2015-01-21,7002,1
21,2015-01-21,3674,1
22,2015-01-21,3264,1
23,2015-01-21,4042,1
24,2015-01-21,7661,1
25,2015-01-21,8924,1
26,2015-01-21,4236,1
27,2015-01-21,7521,1
28,2015-01-21,3448,1
29,2015-01-21,5470,1
30,2015-01-21,3025,1
31,2015-01-21,4386,1
32,2015-01-21,3305,1
33,2015-01-21,6004,1
34,2015-01-21,6247,1
35,2015-01-21,6784,1
36,2015-01-21,7669,1
37,2015-01-21,4175,1
38,2015-01-21,3425,1
39,2015-01-21,3826,1
40,2015-01-21,2993,1
41,2015-01-21,4010,1
42,2015-01-21,8638,1
43,2015-01-21,4626,1
44,2015-01-21,4237,1
45,2015-01-21,3513,1
46,2015-01-21,3410,1
47,2015-01-21,6223,1
48,2015-01-21,2758,1
49,2015-01-21,4507,1
50,2015-01-21,2769,1
1,2015-01-20,3680,1
2,2015-01-20,3955,1
3,2015-01-20,4848,1
4,2015-01-20,7308,1
5,2015-01-20,3701,1
6,2015-01-20,3620,1
7,2015-01-20,6604,1
8,2015-01-20,5540,1
9,2015-01-20,5778,1
10,2015-01-20,4681,1
11,2015-01-20,5971,1
12,2015-01-20,5631,1
13,2015-01-20,3208,1
14,2015-01-20,4525,1
15,2015-01-20,4353,1
16,2015-01-20,5824,1
17,2015-01-20,4634,1
18,2015-01-20,4675,1
19,2015-01-20,5441,1
20,2015-01-20,6576,1
21,2015-01-20,3257,1
22,2015-01-20,3464,1
23,2015-01-20,3927,1
24,2015-01-20,7342,1
25,2015-01-20,9003,1
26,2015-01-20,3895,1
27,2015-01-20,7123,1
28,2015-01-20,3170,1
29,2015-01-20,5466,1
30,2015-01-20,3229,1
31,2015-01-20,4631,1
32,2015-01-20,3087,1
33,2015-01-20,5741,1
34,2015-01-20,6182,1
35,2015-01-20,6995,1
36,2015-01-20,8180,1
37,2015-01-20,3899,1
38,2015-01-20,3299,1
39,2015-01-20,3644,1
40,2015-01-20,2778,1
41,2015-01-20,4106,1
42,2015-01-20,8465,1
43,2015-01-20,4589,1
44,2015-01-20,4353,1
45,2015-01-20,3113,1
46,2015-01-20,3514,1
47,2015-01-20,5681,1
48,2015-01-20,2641,1
49,2015-01-20,5528,1
50,2015-01-20,2675,1
1,2015-01-19,3721,1
2,2015-01-19,4082,1
3,2015-01-19,5420,1
4,2015-01-19,8825,1
5,2015-01-19,4195,1
6,2015-01-19,4025,1
7,2015-01-19,7072,1
8,2015-01-19,6083,1
9,2015-01-19,6086,1
10,2015-01-19,5302,1
11,2015-01-19,5695,1
12,2015-01-19,6211,1
13,2015-01-19,3989,1
14,2015-01-19,4962,1
15,2015-01-19,5125,1
16,2015-01-19,7195,1
17,2015-01-19,5176,1
18,2015-01-19,5545,1
19,2015-01-19,6000,1
20,2015-01-19,8228,1
21,2015-01-19,3836,1
22,2015-01-19,3922,1
23,2015-01-19,4319,1
24,2015-01-19,7775,1
25,2015-01-19,9832,1
26,2015-01-19,4702,1
27,2015-01-19,7962,1
28,2015-01-19,3447,1
29,2015-01-19,5617,1
30,2015-01-19,3254,1
31,2015-01-19,4422,1
32,2015-01-19,4004,1
33,2015-01-19,6974,1
34,2015-01-19,7011,1
35,2015-01-19,7387,1
36,2015-01-19,8630,1
37,2015-01-19,3957,1
38,2015-01-19,4383,1
39,2015-01-19,3778,1
40,2015-01-19,2866,1
41,2015-01-19,4749,1
42,2015-01-19,9230,1
43,2015-01-19,5942,1
44,2015-01-19,4582,1
45,2015-01-19,3513,1
46,2015-01-19,4074,1
47,2015-01-19,6398,1
48,2015-01-19,3205,1
49,2015-01-19,5659,1
50,2015-01-19,2864,1
1,2015-01-17,5255,1
2,2015-01-17,2883,1
3,2015-01-17,4610,1
4,2015-01-17,9655,1
5,2015-01-17,1743,1
6,2015-01-17,2941,1
7,2015-01-17,5307,1
8,2015-01-17,3571,1
9,2015-01-17,7334,1
10,2015-01-17,4867,1
11,2015-01-17,6183,1
12,2015-01-17,6780,1
13,2015-01-17,4540,1
14,2015-01-17,3417,1
15,2015-01-17,5393,1
16,2015-01-17,5171,1
17,2015-01-17,3132,1
18,2015-01-17,5177,1
19,2015-01-17,3943,1
20,2015-01-17,4489,1
21,2015-01-17,5172,1
22,2015-01-17,3261,1
23,2015-01-17,4486,1
24,2015-01-17,8165,1
25,2015-01-17,8729,1
26,2015-01-17,5968,1
27,2015-01-17,8348,1
28,2015-01-17,2051,1
29,2015-01-17,7736,1
30,2015-01-17,4375,1
31,2015-01-17,5048,1
32,2015-01-17,2379,1
33,2015-01-17,8405,1
34,2015-01-17,7954,1
35,2015-01-17,7771,1
36,2015-01-17,8674,1
37,2015-01-17,8506,1
38,2015-01-17,5719,1
39,2015-01-17,3061,1
40,2015-01-17,5234,1
41,2015-01-17,6558,1
42,2015-01-17,9462,1
43,2015-01-17,4429,1
44,2015-01-17,3747,1
45,2015-01-17,5817,1
46,2015-01-17,4812,1
47,2015-01-17,5516,1
48,2015-01-17,2919,1
49,2015-01-17,8429,1
50,2015-01-17,4285,1
1,2015-01-16,4161,1
2,2015-01-16,5456,1
3,2015-01-16,8497,1
4,2015-01-16,9008,1
5,2015-01-16,5177,1
6,2015-01-16,5532,1
7,2015-01-16,9627,1
8,2015-01-16,6558,1
9,2015-01-16,7773,1
10,2015-01-16,7036,1
11,2015-01-16,8487,1
12,2015-01-16,9845,1
13,2015-01-16,5391,1
14,2015-01-16,6741,1
15,2015-01-16,8071,1
16,2015-01-16,8338,1
17,2015-01-16,7372,1
18,2015-01-16,7698,1
19,2015-01-16,7958,1
20,2015-01-16,8547,1
21,2015-01-16,6042,1
22,2015-01-16,5415,1
23,2015-01-16,5956,1
24,2015-01-16,11594,1
25,2015-01-16,10659,1
26,2015-01-16,7956,1
27,2015-01-16,11688,1
28,2015-01-16,4739,1
29,2015-01-16,8744,1
30,2015-01-16,4517,1
31,2015-01-16,6671,1
32,2015-01-16,4626,1
33,2015-01-16,8101,1
34,2015-01-16,8680,1
35,2015-01-16,10918,1
36,2015-01-16,8798,1
37,2015-01-16,8168,1
38,2015-01-16,6949,1
39,2015-01-16,5299,1
40,2015-01-16,3642,1
41,2015-01-16,7131,1
42,2015-01-16,12265,1
43,2015-01-16,6875,1
44,2015-01-16,5702,1
45,2015-01-16,5397,1
46,2015-01-16,6538,1
47,2015-01-16,7952,1
48,2015-01-16,5737,1
49,2015-01-16,7923,1
50,2015-01-16,4280,1
1,2015-01-15,4295,1
2,2015-01-15,5810,1
3,2015-01-15,6578,1
4,2015-01-15,9584,1
5,2015-01-15,5101,1
6,2015-01-15,5151,1
7,2015-01-15,7721,1
8,2015-01-15,7242,1
9,2015-01-15,7003,1
10,2015-01-15,5656,1
11,2015-01-15,6771,1
12,2015-01-15,8162,1
13,2015-01-15,5243,1
14,2015-01-15,6148,1
15,2015-01-15,6655,1
16,2015-01-15,8652,1
17,2015-01-15,7481,1
18,2015-01-15,8261,1
19,2015-01-15,6938,1
20,2015-01-15,9566,1
21,2015-01-15,6778,1
22,2015-01-15,4940,1
23,2015-01-15,5792,1
24,2015-01-15,10156,1
25,2015-01-15,11004,1
26,2015-01-15,7995,1
27,2015-01-15,9081,1
28,2015-01-15,4970,1
29,2015-01-15,7553,1
30,2015-01-15,5266,1
31,2015-01-15,4996,1
32,2015-01-15,4357,1
33,2015-01-15,8023,1
34,2015-01-15,6702,1
35,2015-01-15,11489,1
36,2015-01-15,8882,1
37,2015-01-15,7228,1
38,2015-01-15,5524,1
39,2015-01-15,4719,1
40,2015-01-15,3904,1
41,2015-01-15,6228,1
42,2015-01-15,9835,1
43,2015-01-15,6093,1
44,2015-01-15,5115,1
45,2015-01-15,5286,1
46,2015-01-15,6237,1
47,2015-01-15,7273,1
48,2015-01-15,3928,1
49,2015-01-15,7309,1
50,2015-01-15,4299,1
1,2015-01-14,4541,1
2,2015-01-14,6366,1
3,2015-01-14,7417,1
4,2015-01-14,9284,1
5,2015-01-14,5219,1
6,2015-01-14,5709,1
7,2015-01-14,9051,1
8,2015-01-14,6731,1
9,2015-01-14,6748,1
10,2015-01-14,5049,1
11,2015-01-14,8430,1
12,2015-01-14,9485,1
13,2015-01-14,5621,1
14,2015-01-14,5411,1
15,2015-01-14,7060,1
16,2015-01-14,7860,1
17,2015-01-14,6679,1
18,2015-01-14,7952,1
19,2015-01-14,6674,1
20,2015-01-14,7527,1
21,2015-01-14,5275,1
22,2015-01-14,4596,1
23,2015-01-14,4934,1
24,2015-01-14,10510,1
25,2015-01-14,11329,1
26,2015-01-14,6917,1
27,2015-01-14,10167,1
28,2015-01-14,4591,1
29,2015-01-14,8407,1
30,2015-01-14,4039,1
31,2015-01-14,6226,1
32,2015-01-14,4329,1
33,2015-01-14,8629,1
34,2015-01-14,7615,1
35,2015-01-14,10691,1
36,2015-01-14,8410,1
37,2015-01-14,6649,1
38,2015-01-14,5898,1
39,2015-01-14,5131,1
40,2015-01-14,3665,1
41,2015-01-14,5587,1
42,2015-01-14,12323,1
43,2015-01-14,7014,1
44,2015-01-14,5736,1
45,2015-01-14,4636,1
46,2015-01-14,5427,1
47,2015-01-14,8491,1
48,2015-01-14,4131,1
49,2015-01-14,6547,1
50,2015-01-14,3621,1
1,2015-01-13,4924,1
2,2015-01-13,6444,1
3,2015-01-13,7464,1
4,2015-01-13,8851,1
5,2015-01-13,5748,1
6,2015-01-13,5510,1
7,2015-01-13,9066,1
8,2015-01-13,6463,1
9,2015-01-13,6985,1
10,2015-01-13,5802,1
11,2015-01-13,7232,1
12,2015-01-13,8225,1
13,2015-01-13,6182,1
14,2015-01-13,6091,1
15,2015-01-13,7196,1
16,2015-01-13,9432,1
17,2015-01-13,9384,1
18,2015-01-13,8316,1
19,2015-01-13,7437,1
20,2015-01-13,9502,1
21,2015-01-13,6919,1
22,2015-01-13,5286,1
23,2015-01-13,6267,1
24,2015-01-13,10181,1
25,2015-01-13,11813,1
26,2015-01-13,7047,1
27,2015-01-13,10871,1
28,2015-01-13,6042,1
29,2015-01-13,8196,1
30,2015-01-13,6306,1
31,2015-01-13,5976,1
32,2015-01-13,4779,1
33,2015-01-13,8946,1
34,2015-01-13,9027,1
35,2015-01-13,10270,1
36,2015-01-13,9481,1
37,2015-01-13,6488,1
38,2015-01-13,5644,1
39,2015-01-13,5430,1
40,2015-01-13,4225,1
41,2015-01-13,6140,1
42,2015-01-13,11171,1
43,2015-01-13,7100,1
44,2015-01-13,6990,1
45,2015-01-13,5472,1
46,2015-01-13,6605,1
47,2015-01-13,7308,1
48,2015-01-13,3304,1
49,2015-01-13,7062,1
50,2015-01-13,4084,1
1,2015-01-12,5346,1
2,2015-01-12,7237,1
3,2015-01-12,8209,1
4,2015-01-12,11124,1
5,2015-01-12,7523,1
6,2015-01-12,6272,1
7,2015-01-12,11019,1
8,2015-01-12,8425,1
9,2015-01-12,9529,1
10,2015-01-12,6460,1
11,2015-01-12,7778,1
12,2015-01-12,11046,1
13,2015-01-12,7307,1
14,2015-01-12,7935,1
15,2015-01-12,7361,1
16,2015-01-12,10453,1
17,2015-01-12,9684,1
18,2015-01-12,9481,1
19,2015-01-12,8648,1
20,2015-01-12,10525,1
21,2015-01-12,7965,1
22,2015-01-12,6044,1
23,2015-01-12,7688,1
24,2015-01-12,12146,1
25,2015-01-12,12841,1
26,2015-01-12,9734,1
27,2015-01-12,13697,1
28,2015-01-12,6778,1
29,2015-01-12,10949,1
30,2015-01-12,6317,1
31,2015-01-12,6674,1
32,2015-01-12,5808,1
33,2015-01-12,9373,1
34,2015-01-12,8927,1
35,2015-01-12,13355,1
36,2015-01-12,9958,1
37,2015-01-12,8037,1
38,2015-01-12,7964,1
39,2015-01-12,7534,1
40,2015-01-12,4346,1
41,2015-01-12,7345,1
42,2015-01-12,14580,1
43,2015-01-12,7485,1
44,2015-01-12,7035,1
45,2015-01-12,7856,1
46,2015-01-12,7748,1
47,2015-01-12,8429,1
48,2015-01-12,4379,1
49,2015-01-12,8882,1
50,2015-01-12,5675,1
1,2015-01-10,4599,1
2,2015-01-10,3024,1
3,2015-01-10,3373,1
4,2015-01-10,10693,1
5,2015-01-10,2169,1
6,2015-01-10,3168,1
7,2015-01-10,4761,1
8,2015-01-10,2763,1
9,2015-01-10,5544,1
10,2015-01-10,4289,1
11,2015-01-10,4056,1
12,2015-01-10,5284,1
13,2015-01-10,4315,1
14,2015-01-10,3655,1
15,2015-01-10,4802,1
16,2015-01-10,5339,1
17,2015-01-10,2636,1
18,2015-01-10,4369,1
19,2015-01-10,4159,1
20,2015-01-10,5512,1
21,2015-01-10,5222,1
22,2015-01-10,3461,1
23,2015-01-10,4421,1
24,2015-01-10,7556,1
25,2015-01-10,8066,1
26,2015-01-10,5799,1
27,2015-01-10,6562,1
28,2015-01-10,2083,1
29,2015-01-10,7422,1
30,2015-01-10,3563,1
31,2015-01-10,5316,1
32,2015-01-10,1942,1
33,2015-01-10,8073,1
34,2015-01-10,8267,1
35,2015-01-10,7901,1
36,2015-01-10,9410,1
37,2015-01-10,7521,1
38,2015-01-10,6459,1
39,2015-01-10,2572,1
40,2015-01-10,3985,1
41,2015-01-10,5701,1
42,2015-01-10,7864,1
43,2015-01-10,3871,1
44,2015-01-10,3785,1
45,2015-01-10,5079,1
46,2015-01-10,5349,1
47,2015-01-10,5517,1
48,2015-01-10,2712,1
49,2015-01-10,8124,1
50,2015-01-10,4259,1
1,2015-01-09,3998,1
2,2015-01-09,4762,1
3,2015-01-09,7719,1
4,2015-01-09,8658,1
5,2015-01-09,4780,1
6,2015-01-09,5246,1
7,2015-01-09,7623,1
8,2015-01-09,4593,1
9,2015-01-09,6744,1
10,2015-01-09,5746,1
11,2015-01-09,5405,1
12,2015-01-09,6644,1
13,2015-01-09,6241,1
14,2015-01-09,5885,1
15,2015-01-09,7615,1
16,2015-01-09,8444,1
17,2015-01-09,6101,1
18,2015-01-09,8034,1
19,2015-01-09,7001,1
20,2015-01-09,7423,1
21,2015-01-09,6342,1
22,2015-01-09,5492,1
23,2015-01-09,6159,1
24,2015-01-09,10465,1
25,2015-01-09,10233,1
26,2015-01-09,7279,1
27,2015-01-09,8331,1
28,2015-01-09,5068,1
29,2015-01-09,8021,1
30,2015-01-09,3934,1
31,2015-01-09,6186,1
32,2015-01-09,4842,1
33,2015-01-09,8238,1
34,2015-01-09,6899,1
35,2015-01-09,11199,1
36,2015-01-09,9628,1
37,2015-01-09,6855,1
38,2015-01-09,6733,1
39,2015-01-09,4751,1
40,2015-01-09,3507,1
41,2015-01-09,7110,1
42,2015-01-09,10507,1
43,2015-01-09,7929,1
44,2015-01-09,5200,1
45,2015-01-09,6430,1
46,2015-01-09,6255,1
47,2015-01-09,5923,1
48,2015-01-09,2733,1
49,2015-01-09,7744,1
50,2015-01-09,4774,1
1,2015-01-08,3716,1
2,2015-01-08,5246,1
3,2015-01-08,6300,1
4,2015-01-08,8257,1
5,2015-01-08,4800,1
6,2015-01-08,5043,1
7,2015-01-08,7352,1
8,2015-01-08,6089,1
9,2015-01-08,6548,1
10,2015-01-08,4534,1
11,2015-01-08,7177,1
12,2015-01-08,7485,1
13,2015-01-08,6405,1
14,2015-01-08,5556,1
15,2015-01-08,7415,1
16,2015-01-08,8847,1
17,2015-01-08,6506,1
18,2015-01-08,7514,1
19,2015-01-08,5623,1
20,2015-01-08,9227,1
21,2015-01-08,6460,1
22,2015-01-08,5640,1
23,2015-01-08,5775,1
24,2015-01-08,8602,1
25,2015-01-08,9746,1
26,2015-01-08,7670,1
27,2015-01-08,7953,1
28,2015-01-08,5885,1
29,2015-01-08,7141,1
30,2015-01-08,4374,1
31,2015-01-08,6364,1
32,2015-01-08,5212,1
33,2015-01-08,6771,1
34,2015-01-08,6840,1
35,2015-01-08,10195,1
36,2015-01-08,9441,1
37,2015-01-08,7205,1
38,2015-01-08,4351,1
39,2015-01-08,3759,1
40,2015-01-08,3164,1
41,2015-01-08,7168,1
42,2015-01-08,9369,1
43,2015-01-08,6974,1
44,2015-01-08,4955,1
45,2015-01-08,5087,1
46,2015-01-08,5376,1
47,2015-01-08,6984,1
48,2015-01-08,3417,1
49,2015-01-08,7428,1
50,2015-01-08,3548,1
1,2015-01-07,4796,1
2,2015-01-07,5945,1
3,2015-01-07,7253,1
4,2015-01-07,9024,1
5,2015-01-07,5264,1
6,2015-01-07,5206,1
7,2015-01-07,9377,1
8,2015-01-07,7262,1
9,2015-01-07,7149,1
10,2015-01-07,5200,1
11,2015-01-07,9587,1
12,2015-01-07,9332,1
13,2015-01-07,6988,1
14,2015-01-07,6483,1
15,2015-01-07,7294,1
16,2015-01-07,10686,1
17,2015-01-07,7707,1
18,2015-01-07,7008,1
19,2015-01-07,7637,1
20,2015-01-07,9189,1
21,2015-01-07,6085,1
22,2015-01-07,5811,1
23,2015-01-07,6345,1
24,2015-01-07,11702,1
25,2015-01-07,11711,1
26,2015-01-07,6541,1
27,2015-01-07,10519,1
28,2015-01-07,6812,1
29,2015-01-07,8377,1
30,2015-01-07,5043,1
31,2015-01-07,6480,1
32,2015-01-07,5986,1
33,2015-01-07,8552,1
34,2015-01-07,8490,1
35,2015-01-07,10904,1
36,2015-01-07,10630,1
37,2015-01-07,7797,1
38,2015-01-07,6736,1
39,2015-01-07,5493,1
40,2015-01-07,3987,1
41,2015-01-07,8123,1
42,2015-01-07,12823,1
43,2015-01-07,6990,1
44,2015-01-07,6565,1
45,2015-01-07,5110,1
46,2015-01-07,6619,1
47,2015-01-07,8802,1
48,2015-01-07,3614,1
49,2015-01-07,9091,1
50,2015-01-07,4417,1
1,2015-01-06,4574,1
2,2015-01-06,6696,1
3,2015-01-06,8739,1
4,2015-01-06,10509,1
5,2015-01-06,6123,1
6,2015-01-06,5857,1
7,2015-01-06,11736,1
8,2015-01-06,7182,1
9,2015-01-06,8505,1
10,2015-01-06,6192,1
11,2015-01-06,9340,1
12,2015-01-06,10081,1
14,2015-01-06,6439,1
15,2015-01-06,8111,1
17,2015-01-06,8561,1
18,2015-01-06,9491,1
19,2015-01-06,7823,1
23,2015-01-06,5440,1
24,2015-01-06,10871,1
25,2015-01-06,13533,1
26,2015-01-06,7487,1
27,2015-01-06,11659,1
29,2015-01-06,8498,1
30,2015-01-06,6398,1
31,2015-01-06,7014,1
33,2015-01-06,9807,1
34,2015-01-06,9608,1
35,2015-01-06,13524,1
38,2015-01-06,6973,1
39,2015-01-06,6252,1
40,2015-01-06,4700,1
42,2015-01-06,12302,1
43,2015-01-06,8959,1
44,2015-01-06,6241,1
45,2015-01-06,4933,1
47,2015-01-06,9191,1
48,2015-01-06,5396,1
50,2015-01-06,4959,1
1,2015-01-05,6239,1
2,2015-01-05,7308,1
3,2015-01-05,10684,1
4,2015-01-05,11177,1
5,2015-01-05,7314,1
6,2015-01-05,6459,1
7,2015-01-05,13086,1
8,2015-01-05,9390,1
9,2015-01-05,10602,1
10,2015-01-05,7581,1
11,2015-01-05,9720,1
12,2015-01-05,12449,1
13,2015-01-05,10460,1
14,2015-01-05,7241,1
15,2015-01-05,9310,1
16,2015-01-05,12331,1
17,2015-01-05,10298,1
18,2015-01-05,9200,1
19,2015-01-05,10012,1
20,2015-01-05,11203,1
21,2015-01-05,6462,1
22,2015-01-05,7736,1
23,2015-01-05,7641,1
24,2015-01-05,11315,1
25,2015-01-05,15030,1
26,2015-01-05,9975,1
27,2015-01-05,12923,1
28,2015-01-05,8290,1
29,2015-01-05,12814,1
30,2015-01-05,6620,1
31,2015-01-05,8491,1
32,2015-01-05,6656,1
33,2015-01-05,11803,1
34,2015-01-05,9426,1
35,2015-01-05,17736,1
36,2015-01-05,12422,1
37,2015-01-05,13248,1
38,2015-01-05,9040,1
39,2015-01-05,8094,1
40,2015-01-05,5603,1
41,2015-01-05,10607,1
42,2015-01-05,12569,1
43,2015-01-05,10141,1
44,2015-01-05,7868,1
45,2015-01-05,8208,1
46,2015-01-05,7600,1
47,2015-01-05,9117,1
48,2015-01-05,4855,1
49,2015-01-05,12465,1
50,2015-01-05,5987,1
1,2015-01-03,5023,1
2,2015-01-03,3132,1
3,2015-01-03,4299,1
4,2015-01-03,9751,1
5,2015-01-03,2109,1
6,2015-01-03,3477,1
7,2015-01-03,4960,1
8,2015-01-03,3250,1
9,2015-01-03,6043,1
10,2015-01-03,4956,1
11,2015-01-03,4916,1
12,2015-01-03,6068,1
13,2015-01-03,4066,1
14,2015-01-03,2943,1
15,2015-01-03,4865,1
16,2015-01-03,5183,1
17,2015-01-03,2987,1
18,2015-01-03,5181,1
19,2015-01-03,3946,1
20,2015-01-03,4602,1
21,2015-01-03,4009,1
22,2015-01-03,3007,1
23,2015-01-03,4221,1
24,2015-01-03,6227,1
25,2015-01-03,9124,1
26,2015-01-03,5900,1
27,2015-01-03,6164,1
28,2015-01-03,2067,1
29,2015-01-03,7627,1
30,2015-01-03,3701,1
31,2015-01-03,5834,1
32,2015-01-03,2251,1
33,2015-01-03,7388,1
34,2015-01-03,8007,1
35,2015-01-03,7456,1
36,2015-01-03,8912,1
37,2015-01-03,8226,1
38,2015-01-03,6149,1
39,2015-01-03,2521,1
40,2015-01-03,4219,1
41,2015-01-03,6511,1
42,2015-01-03,7006,1
43,2015-01-03,4313,1
44,2015-01-03,3773,1
45,2015-01-03,5202,1
46,2015-01-03,4758,1
47,2015-01-03,5729,1
48,2015-01-03,2364,1
49,2015-01-03,6941,1
50,2015-01-03,3927,1
1,2015-01-02,5509,1
2,2015-01-02,4137,1
3,2015-01-02,5523,1
4,2015-01-02,10737,1
5,2015-01-02,4773,1
6,2015-01-02,4273,1
7,2015-01-02,9434,1
8,2015-01-02,5028,1
9,2015-01-02,7073,1
10,2015-01-02,4902,1
11,2015-01-02,7915,1
12,2015-01-02,5866,1
13,2015-01-02,4348,1
14,2015-01-02,4555,1
15,2015-01-02,5848,1
16,2015-01-02,6389,1
17,2015-01-02,5977,1
18,2015-01-02,6793,1
19,2015-01-02,5603,1
20,2015-01-02,6078,1
21,2015-01-02,3297,1
22,2015-01-02,4311,1
23,2015-01-02,5344,1
24,2015-01-02,8516,1
25,2015-01-02,11100,1
26,2015-01-02,8079,1
27,2015-01-02,8288,1
28,2015-01-02,4290,1
29,2015-01-02,7949,1
30,2015-01-02,4020,1
31,2015-01-02,5807,1
32,2015-01-02,3155,1
33,2015-01-02,8468,1
34,2015-01-02,7978,1
35,2015-01-02,8088,1
36,2015-01-02,8734,1
37,2015-01-02,8501,1
38,2015-01-02,5474,1
39,2015-01-02,4452,1
40,2015-01-02,4712,1
41,2015-01-02,6960,1
42,2015-01-02,8226,1
43,2015-01-02,5565,1
44,2015-01-02,5101,1
45,2015-01-02,4780,1
46,2015-01-02,4147,1
47,2015-01-02,6165,1
48,2015-01-02,3282,1
49,2015-01-02,7731,1
50,2015-01-02,3670,1
1,2014-12-31,2605,1
2,2014-12-31,2269,1
3,2014-12-31,3804,1
4,2014-12-31,10152,1
5,2014-12-31,1830,1
6,2014-12-31,2604,1
7,2014-12-31,5219,1
8,2014-12-31,3025,1
9,2014-12-31,5063,1
10,2014-12-31,4216,1
11,2014-12-31,3838,1
12,2014-12-31,4871,1
14,2014-12-31,3939,1
15,2014-12-31,4291,1
16,2014-12-31,4720,1
17,2014-12-31,2639,1
18,2014-12-31,4286,1
19,2014-12-31,3772,1
21,2014-12-31,3043,1
23,2014-12-31,3489,1
24,2014-12-31,7503,1
25,2014-12-31,7771,1
26,2014-12-31,2891,1
27,2014-12-31,5385,1
28,2014-12-31,1713,1
29,2014-12-31,4890,1
30,2014-12-31,2257,1
31,2014-12-31,3150,1
33,2014-12-31,6969,1
34,2014-12-31,5096,1
35,2014-12-31,5187,1
37,2014-12-31,2920,1
38,2014-12-31,3534,1
39,2014-12-31,2916,1
40,2014-12-31,1675,1
42,2014-12-31,7395,1
43,2014-12-31,3760,1
44,2014-12-31,3028,1
45,2014-12-31,3550,1
47,2014-12-31,4894,1
48,2014-12-31,2552,1
49,2014-12-31,4244,1
50,2014-12-31,2107,1
1,2014-12-30,6466,1
2,2014-12-30,5513,1
3,2014-12-30,8376,1
4,2014-12-30,16860,1
5,2014-12-30,5056,1
6,2014-12-30,5044,1
7,2014-12-30,10690,1
8,2014-12-30,6463,1
9,2014-12-30,7903,1
10,2014-12-30,6862,1
11,2014-12-30,10609,1
12,2014-12-30,9426,1
14,2014-12-30,6821,1
15,2014-12-30,8670,1
16,2014-12-30,7762,1
17,2014-12-30,7055,1
18,2014-12-30,7617,1
19,2014-12-30,7462,1
21,2014-12-30,7048,1
23,2014-12-30,5486,1
24,2014-12-30,13547,1
25,2014-12-30,14354,1
26,2014-12-30,5096,1
27,2014-12-30,12922,1
28,2014-12-30,3924,1
29,2014-12-30,9478,1
30,2014-12-30,5317,1
31,2014-12-30,7851,1
33,2014-12-30,10902,1
34,2014-12-30,9573,1
35,2014-12-30,11361,1
37,2014-12-30,6897,1
38,2014-12-30,7432,1
39,2014-12-30,5803,1
40,2014-12-30,5427,1
42,2014-12-30,13334,1
43,2014-12-30,7161,1
44,2014-12-30,6256,1
45,2014-12-30,5703,1
47,2014-12-30,10067,1
48,2014-12-30,4141,1
49,2014-12-30,6997,1
50,2014-12-30,4468,1
1,2014-12-29,6463,1
2,2014-12-29,5999,1
3,2014-12-29,8788,1
4,2014-12-29,13543,1
5,2014-12-29,4646,1
6,2014-12-29,5223,1
7,2014-12-29,11145,1
8,2014-12-29,7086,1
9,2014-12-29,7684,1
10,2014-12-29,6157,1
11,2014-12-29,10084,1
12,2014-12-29,9917,1
14,2014-12-29,6750,1
15,2014-12-29,9377,1
16,2014-12-29,7783,1
17,2014-12-29,7067,1
18,2014-12-29,6868,1
19,2014-12-29,7479,1
21,2014-12-29,5374,1
23,2014-12-29,4858,1
24,2014-12-29,11639,1
25,2014-12-29,12261,1
26,2014-12-29,7462,1
27,2014-12-29,11946,1
28,2014-12-29,5145,1
29,2014-12-29,7742,1
30,2014-12-29,4693,1
31,2014-12-29,6853,1
33,2014-12-29,9228,1
34,2014-12-29,9680,1
35,2014-12-29,11138,1
37,2014-12-29,8256,1
38,2014-12-29,5434,1
39,2014-12-29,4965,1
40,2014-12-29,4809,1
42,2014-12-29,11385,1
43,2014-12-29,6286,1
44,2014-12-29,5331,1
45,2014-12-29,5228,1
47,2014-12-29,9906,1
48,2014-12-29,4075,1
49,2014-12-29,6794,1
50,2014-12-29,4332,1
1,2014-12-27,6057,1
2,2014-12-27,3934,1
3,2014-12-27,4825,1
4,2014-12-27,12724,1
5,2014-12-27,2847,1
6,2014-12-27,3990,1
7,2014-12-27,8882,1
8,2014-12-27,3806,1
9,2014-12-27,6096,1
10,2014-12-27,4787,1
11,2014-12-27,9120,1
12,2014-12-27,7159,1
14,2014-12-27,3083,1
15,2014-12-27,6734,1
16,2014-12-27,5340,1
17,2014-12-27,3521,1
18,2014-12-27,6497,1
19,2014-12-27,3954,1
21,2014-12-27,6123,1
23,2014-12-27,3478,1
24,2014-12-27,6918,1
25,2014-12-27,10386,1
26,2014-12-27,7658,1
27,2014-12-27,8294,1
28,2014-12-27,2625,1
29,2014-12-27,7162,1
30,2014-12-27,3789,1
31,2014-12-27,6474,1
33,2014-12-27,7985,1
34,2014-12-27,8151,1
35,2014-12-27,8616,1
37,2014-12-27,10054,1
38,2014-12-27,5909,1
39,2014-12-27,2261,1
40,2014-12-27,4035,1
42,2014-12-27,7072,1
43,2014-12-27,4397,1
44,2014-12-27,3991,1
45,2014-12-27,4680,1
47,2014-12-27,6664,1
48,2014-12-27,2930,1
49,2014-12-27,6044,1
50,2014-12-27,3116,1
1,2014-12-24,3659,1
2,2014-12-24,2437,1
3,2014-12-24,4310,1
4,2014-12-24,6551,1
5,2014-12-24,2850,1
6,2014-12-24,3357,1
7,2014-12-24,5458,1
8,2014-12-24,3738,1
9,2014-12-24,4885,1
10,2014-12-24,5239,1
11,2014-12-24,6363,1
12,2014-12-24,4984,1
14,2014-12-24,3585,1
15,2014-12-24,4908,1
16,2014-12-24,7373,1
17,2014-12-24,3123,1
18,2014-12-24,4606,1
19,2014-12-24,4819,1
21,2014-12-24,3809,1
23,2014-12-24,4332,1
24,2014-12-24,8193,1
25,2014-12-24,7858,1
26,2014-12-24,4094,1
27,2014-12-24,4583,1
28,2014-12-24,2644,1
29,2014-12-24,5861,1
30,2014-12-24,2966,1
31,2014-12-24,4250,1
33,2014-12-24,7613,1
34,2014-12-24,5290,1
35,2014-12-24,6167,1
37,2014-12-24,3833,1
38,2014-12-24,3933,1
39,2014-12-24,3753,1
40,2014-12-24,1701,1
42,2014-12-24,7297,1
43,2014-12-24,4766,1
44,2014-12-24,3656,1
45,2014-12-24,5271,1
47,2014-12-24,4460,1
48,2014-12-24,2236,1
49,2014-12-24,7207,1
50,2014-12-24,2686,1
1,2014-12-23,7959,1
2,2014-12-23,7557,1
3,2014-12-23,12121,1
4,2014-12-23,15839,1
5,2014-12-23,9164,1
6,2014-12-23,7982,1
7,2014-12-23,14590,1
8,2014-12-23,7962,1
9,2014-12-23,10636,1
10,2014-12-23,8406,1
11,2014-12-23,17111,1
12,2014-12-23,11122,1
14,2014-12-23,8947,1
15,2014-12-23,10465,1
16,2014-12-23,12757,1
17,2014-12-23,10494,1
18,2014-12-23,12169,1
19,2014-12-23,10283,1
21,2014-12-23,6527,1
23,2014-12-23,10075,1
24,2014-12-23,18596,1
25,2014-12-23,15300,1
26,2014-12-23,12019,1
27,2014-12-23,14266,1
28,2014-12-23,7944,1
29,2014-12-23,13202,1
30,2014-12-23,6038,1
31,2014-12-23,11487,1
33,2014-12-23,14351,1
34,2014-12-23,12383,1
35,2014-12-23,14023,1
37,2014-12-23,12445,1
38,2014-12-23,8532,1
39,2014-12-23,6787,1
40,2014-12-23,6571,1
42,2014-12-23,15568,1
43,2014-12-23,10124,1
44,2014-12-23,8995,1
45,2014-12-23,10150,1
47,2014-12-23,11262,1
48,2014-12-23,6183,1
49,2014-12-23,17743,1
50,2014-12-23,6846,1
1,2014-12-22,9331,1
2,2014-12-22,9027,1
3,2014-12-22,11282,1
4,2014-12-22,14572,1
5,2014-12-22,8765,1
6,2014-12-22,9297,1
7,2014-12-22,12528,1
8,2014-12-22,7248,1
9,2014-12-22,11569,1
10,2014-12-22,8597,1
11,2014-12-22,16610,1
12,2014-12-22,9775,1
14,2014-12-22,9341,1
15,2014-12-22,11166,1
16,2014-12-22,13372,1
17,2014-12-22,13241,1
18,2014-12-22,12407,1
19,2014-12-22,10076,1
21,2014-12-22,7930,1
23,2014-12-22,10428,1
24,2014-12-22,18178,1
25,2014-12-22,16255,1
26,2014-12-22,14428,1
27,2014-12-22,15062,1
28,2014-12-22,8789,1
29,2014-12-22,13589,1
30,2014-12-22,6196,1
31,2014-12-22,10877,1
33,2014-12-22,13486,1
34,2014-12-22,11601,1
35,2014-12-22,14808,1
37,2014-12-22,13931,1
38,2014-12-22,7969,1
39,2014-12-22,7307,1
40,2014-12-22,6636,1
42,2014-12-22,16927,1
43,2014-12-22,10807,1
44,2014-12-22,7418,1
45,2014-12-22,9750,1
47,2014-12-22,10870,1
48,2014-12-22,5896,1
49,2014-12-22,15331,1
50,2014-12-22,7693,1
1,2014-12-20,8367,1
2,2014-12-20,4553,1
3,2014-12-20,8094,1
4,2014-12-20,13884,1
5,2014-12-20,3912,1
6,2014-12-20,5142,1
7,2014-12-20,7921,1
8,2014-12-20,4339,1
9,2014-12-20,9540,1
10,2014-12-20,6482,1
11,2014-12-20,12715,1
12,2014-12-20,8285,1
14,2014-12-20,5474,1
15,2014-12-20,8403,1
16,2014-12-20,8670,1
17,2014-12-20,6150,1
18,2014-12-20,7418,1
19,2014-12-20,6338,1
21,2014-12-20,6417,1
23,2014-12-20,7406,1
24,2014-12-20,11443,1
25,2014-12-20,11146,1
26,2014-12-20,9672,1
27,2014-12-20,12211,1
28,2014-12-20,3745,1
29,2014-12-20,11284,1
30,2014-12-20,5913,1
31,2014-12-20,8739,1
33,2014-12-20,11583,1
34,2014-12-20,10387,1
35,2014-12-20,11229,1
37,2014-12-20,10853,1
38,2014-12-20,8026,1
39,2014-12-20,4105,1
40,2014-12-20,7937,1
42,2014-12-20,12305,1
43,2014-12-20,6778,1
44,2014-12-20,5323,1
45,2014-12-20,8201,1
47,2014-12-20,7915,1
48,2014-12-20,4066,1
49,2014-12-20,11508,1
50,2014-12-20,6922,1
1,2014-12-19,7558,1
2,2014-12-19,7574,1
3,2014-12-19,9598,1
4,2014-12-19,13591,1
5,2014-12-19,7085,1
6,2014-12-19,7554,1
7,2014-12-19,11603,1
8,2014-12-19,7381,1
9,2014-12-19,8996,1
10,2014-12-19,6922,1
11,2014-12-19,15026,1
12,2014-12-19,11494,1
14,2014-12-19,7767,1
15,2014-12-19,9640,1
16,2014-12-19,11377,1
17,2014-12-19,10295,1
18,2014-12-19,11512,1
19,2014-12-19,8942,1
21,2014-12-19,8624,1
23,2014-12-19,8545,1
24,2014-12-19,14344,1
25,2014-12-19,12900,1
26,2014-12-19,11181,1
27,2014-12-19,13457,1
28,2014-12-19,7524,1
29,2014-12-19,11650,1
30,2014-12-19,4842,1
31,2014-12-19,10610,1
33,2014-12-19,10008,1
34,2014-12-19,10514,1
35,2014-12-19,14584,1
37,2014-12-19,11788,1
38,2014-12-19,7808,1
39,2014-12-19,6515,1
40,2014-12-19,5984,1
42,2014-12-19,15256,1
43,2014-12-19,10455,1
44,2014-12-19,7804,1
45,2014-12-19,7721,1
47,2014-12-19,10826,1
48,2014-12-19,5395,1
49,2014-12-19,11541,1
50,2014-12-19,5902,1
1,2014-12-18,7785,1
2,2014-12-18,8117,1
3,2014-12-18,11617,1
4,2014-12-18,13183,1
5,2014-12-18,7726,1
6,2014-12-18,7131,1
7,2014-12-18,12483,1
8,2014-12-18,9008,1
9,2014-12-18,9787,1
10,2014-12-18,6569,1
11,2014-12-18,15466,1
12,2014-12-18,12106,1
14,2014-12-18,7800,1
15,2014-12-18,9636,1
16,2014-12-18,11976,1
17,2014-12-18,11674,1
18,2014-12-18,10691,1
19,2014-12-18,9915,1
21,2014-12-18,9000,1
23,2014-12-18,9906,1
24,2014-12-18,14912,1
25,2014-12-18,14811,1
26,2014-12-18,11202,1
27,2014-12-18,15063,1
28,2014-12-18,8531,1
29,2014-12-18,12069,1
30,2014-12-18,6833,1
31,2014-12-18,9128,1
33,2014-12-18,10544,1
34,2014-12-18,10770,1
35,2014-12-18,14636,1
37,2014-12-18,11161,1
38,2014-12-18,8110,1
39,2014-12-18,6729,1
40,2014-12-18,6265,1
42,2014-12-18,16635,1
43,2014-12-18,9764,1
44,2014-12-18,7142,1
45,2014-12-18,9169,1
47,2014-12-18,11199,1
48,2014-12-18,5652,1
49,2014-12-18,13286,1
50,2014-12-18,6919,1
1,2014-12-17,7523,1
2,2014-12-17,9365,1
3,2014-12-17,10510,1
4,2014-12-17,13087,1
5,2014-12-17,8758,1
6,2014-12-17,7493,1
7,2014-12-17,11707,1
8,2014-12-17,8282,1
9,2014-12-17,9415,1
10,2014-12-17,7015,1
11,2014-12-17,15835,1
12,2014-12-17,12161,1
14,2014-12-17,7641,1
15,2014-12-17,10087,1
16,2014-12-17,11836,1
17,2014-12-17,10556,1
18,2014-12-17,10647,1
19,2014-12-17,10467,1
21,2014-12-17,8185,1
23,2014-12-17,9021,1
24,2014-12-17,15194,1
25,2014-12-17,12414,1
26,2014-12-17,10426,1
27,2014-12-17,14158,1
28,2014-12-17,7453,1
29,2014-12-17,10811,1
30,2014-12-17,6960,1
31,2014-12-17,9211,1
33,2014-12-17,9397,1
34,2014-12-17,11056,1
35,2014-12-17,14445,1
37,2014-12-17,10513,1
38,2014-12-17,7614,1
39,2014-12-17,6825,1
40,2014-12-17,5796,1
42,2014-12-17,16764,1
43,2014-12-17,9674,1
44,2014-12-17,8126,1
45,2014-12-17,7256,1
47,2014-12-17,10558,1
48,2014-12-17,5051,1
49,2014-12-17,12613,1
50,2014-12-17,6412,1
1,2014-12-16,7739,1
2,2014-12-16,9499,1
3,2014-12-16,13072,1
4,2014-12-16,12776,1
5,2014-12-16,8665,1
6,2014-12-16,7723,1
7,2014-12-16,14580,1
8,2014-12-16,9550,1
9,2014-12-16,10291,1
10,2014-12-16,7707,1
11,2014-12-16,16462,1
12,2014-12-16,12667,1
14,2014-12-16,9648,1
15,2014-12-16,9733,1
16,2014-12-16,13556,1
17,2014-12-16,14160,1
18,2014-12-16,11602,1
19,2014-12-16,12102,1
21,2014-12-16,9478,1
23,2014-12-16,8899,1
24,2014-12-16,16729,1
25,2014-12-16,15206,1
26,2014-12-16,11632,1
27,2014-12-16,18751,1
28,2014-12-16,8559,1
29,2014-12-16,12376,1
30,2014-12-16,8590,1
31,2014-12-16,9714,1
33,2014-12-16,11302,1
34,2014-12-16,12143,1
35,2014-12-16,15730,1
37,2014-12-16,10815,1
38,2014-12-16,9793,1
39,2014-12-16,7990,1
40,2014-12-16,6889,1
42,2014-12-16,17479,1
43,2014-12-16,10338,1
44,2014-12-16,8544,1
45,2014-12-16,7316,1
47,2014-12-16,12484,1
48,2014-12-16,5175,1
49,2014-12-16,11217,1
50,2014-12-16,6880,1
1,2014-12-15,8069,1
2,2014-12-15,10419,1
3,2014-12-15,13472,1
4,2014-12-15,15110,1
5,2014-12-15,10870,1
6,2014-12-15,9437,1
7,2014-12-15,16763,1
8,2014-12-15,10956,1
9,2014-12-15,12767,1
10,2014-12-15,8833,1
11,2014-12-15,17724,1
12,2014-12-15,14805,1
14,2014-12-15,9442,1
15,2014-12-15,13256,1
16,2014-12-15,13682,1
17,2014-12-15,16251,1
18,2014-12-15,12403,1
19,2014-12-15,12432,1
21,2014-12-15,12123,1
23,2014-12-15,12466,1
24,2014-12-15,19168,1
25,2014-12-15,16649,1
26,2014-12-15,13695,1
27,2014-12-15,19460,1
28,2014-12-15,10788,1
29,2014-12-15,15530,1
30,2014-12-15,8661,1
31,2014-12-15,10090,1
33,2014-12-15,12058,1
34,2014-12-15,12452,1
35,2014-12-15,20558,1
37,2014-12-15,12912,1
38,2014-12-15,10572,1
39,2014-12-15,10360,1
40,2014-12-15,6894,1
42,2014-12-15,19774,1
43,2014-12-15,12353,1
44,2014-12-15,9997,1
45,2014-12-15,9228,1
47,2014-12-15,12747,1
48,2014-12-15,6132,1
49,2014-12-15,13306,1
50,2014-12-15,9205,1
1,2014-12-13,7263,1
2,2014-12-13,3375,1
3,2014-12-13,6621,1
4,2014-12-13,11953,1
5,2014-12-13,2572,1
6,2014-12-13,4082,1
7,2014-12-13,7776,1
8,2014-12-13,4457,1
9,2014-12-13,7674,1
10,2014-12-13,6041,1
11,2014-12-13,12380,1
12,2014-12-13,9062,1
14,2014-12-13,4369,1
15,2014-12-13,7534,1
16,2014-12-13,7106,1
17,2014-12-13,4270,1
18,2014-12-13,5848,1
19,2014-12-13,5425,1
21,2014-12-13,6560,1
23,2014-12-13,4789,1
24,2014-12-13,10356,1
25,2014-12-13,9542,1
26,2014-12-13,7863,1
27,2014-12-13,11481,1
28,2014-12-13,2439,1
29,2014-12-13,8954,1
30,2014-12-13,5015,1
31,2014-12-13,7046,1
33,2014-12-13,8562,1
34,2014-12-13,8926,1
35,2014-12-13,10221,1
37,2014-12-13,9217,1
38,2014-12-13,6868,1
39,2014-12-13,3014,1
40,2014-12-13,7344,1
42,2014-12-13,11384,1
43,2014-12-13,4866,1
44,2014-12-13,4671,1
45,2014-12-13,6596,1
47,2014-12-13,7670,1
48,2014-12-13,3672,1
49,2014-12-13,8885,1
50,2014-12-13,5177,1
1,2014-12-12,5269,1
2,2014-12-12,4407,1
3,2014-12-12,5481,1
4,2014-12-12,8403,1
5,2014-12-12,5355,1
6,2014-12-12,5079,1
7,2014-12-12,8593,1
8,2014-12-12,5008,1
9,2014-12-12,6177,1
10,2014-12-12,5211,1
11,2014-12-12,8834,1
12,2014-12-12,6015,1
14,2014-12-12,4764,1
15,2014-12-12,6624,1
16,2014-12-12,8662,1
17,2014-12-12,6415,1
18,2014-12-12,8421,1
19,2014-12-12,6375,1
21,2014-12-12,4858,1
23,2014-12-12,5529,1
24,2014-12-12,9009,1
25,2014-12-12,10232,1
26,2014-12-12,7034,1
27,2014-12-12,8024,1
28,2014-12-12,4769,1
29,2014-12-12,6822,1
30,2014-12-12,3697,1
31,2014-12-12,6067,1
33,2014-12-12,7500,1
34,2014-12-12,8037,1
35,2014-12-12,8856,1
37,2014-12-12,7283,1
38,2014-12-12,5255,1
39,2014-12-12,3496,1
40,2014-12-12,4756,1
42,2014-12-12,9268,1
43,2014-12-12,6513,1
44,2014-12-12,5439,1
45,2014-12-12,5488,1
47,2014-12-12,6812,1
48,2014-12-12,4247,1
49,2014-12-12,8185,1
50,2014-12-12,4624,1
1,2014-12-11,5060,1
2,2014-12-11,4629,1
3,2014-12-11,6363,1
4,2014-12-11,8522,1
5,2014-12-11,4929,1
6,2014-12-11,4394,1
7,2014-12-11,7826,1
8,2014-12-11,6076,1
9,2014-12-11,6451,1
10,2014-12-11,4621,1
11,2014-12-11,8876,1
12,2014-12-11,7026,1
14,2014-12-11,4743,1
15,2014-12-11,5870,1
16,2014-12-11,7718,1
17,2014-12-11,5581,1
18,2014-12-11,6985,1
19,2014-12-11,5637,1
21,2014-12-11,4106,1
23,2014-12-11,5287,1
24,2014-12-11,8234,1
25,2014-12-11,10342,1
26,2014-12-11,7525,1
27,2014-12-11,7029,1
28,2014-12-11,5164,1
29,2014-12-11,6899,1
30,2014-12-11,3963,1
31,2014-12-11,5866,1
33,2014-12-11,7508,1
34,2014-12-11,7144,1
35,2014-12-11,8280,1
37,2014-12-11,6227,1
38,2014-12-11,4175,1
39,2014-12-11,3351,1
40,2014-12-11,4448,1
42,2014-12-11,9940,1
43,2014-12-11,5899,1
44,2014-12-11,4732,1
45,2014-12-11,4609,1
47,2014-12-11,7150,1
48,2014-12-11,3525,1
49,2014-12-11,6539,1
50,2014-12-11,3455,1
1,2014-12-10,4915,1
2,2014-12-10,5830,1
3,2014-12-10,5256,1
4,2014-12-10,8042,1
5,2014-12-10,5345,1
6,2014-12-10,4735,1
7,2014-12-10,7521,1
8,2014-12-10,5649,1
9,2014-12-10,6259,1
10,2014-12-10,5268,1
11,2014-12-10,9313,1
12,2014-12-10,6561,1
14,2014-12-10,5354,1
15,2014-12-10,5940,1
16,2014-12-10,7575,1
17,2014-12-10,5738,1
18,2014-12-10,7802,1
19,2014-12-10,5801,1
21,2014-12-10,4559,1
23,2014-12-10,3962,1
24,2014-12-10,9368,1
25,2014-12-10,9472,1
26,2014-12-10,5628,1
27,2014-12-10,7606,1
28,2014-12-10,3710,1
29,2014-12-10,6598,1
30,2014-12-10,4054,1
31,2014-12-10,6022,1
33,2014-12-10,7310,1
34,2014-12-10,6968,1
35,2014-12-10,8187,1
37,2014-12-10,5105,1
38,2014-12-10,4058,1
39,2014-12-10,4373,1
40,2014-12-10,4789,1
42,2014-12-10,9358,1
43,2014-12-10,6207,1
44,2014-12-10,4202,1
45,2014-12-10,4119,1
47,2014-12-10,7349,1
48,2014-12-10,3698,1
49,2014-12-10,7087,1
50,2014-12-10,3147,1
1,2014-12-09,4345,1
2,2014-12-09,5264,1
3,2014-12-09,6446,1
4,2014-12-09,8426,1
5,2014-12-09,5183,1
6,2014-12-09,4930,1
7,2014-12-09,8891,1
8,2014-12-09,6751,1
9,2014-12-09,5380,1
10,2014-12-09,5636,1
11,2014-12-09,10423,1
12,2014-12-09,8191,1
14,2014-12-09,5514,1
15,2014-12-09,6171,1
16,2014-12-09,8673,1
17,2014-12-09,7386,1
18,2014-12-09,6787,1
19,2014-12-09,6358,1
21,2014-12-09,5345,1
23,2014-12-09,4327,1
24,2014-12-09,10023,1
25,2014-12-09,9659,1
26,2014-12-09,6149,1
27,2014-12-09,9646,1
28,2014-12-09,4765,1
29,2014-12-09,6150,1
30,2014-12-09,4787,1
31,2014-12-09,5576,1
33,2014-12-09,7477,1
34,2014-12-09,7702,1
35,2014-12-09,8898,1
37,2014-12-09,5668,1
38,2014-12-09,4386,1
39,2014-12-09,4818,1
40,2014-12-09,4802,1
42,2014-12-09,10180,1
43,2014-12-09,6661,1
44,2014-12-09,5194,1
45,2014-12-09,4366,1
47,2014-12-09,8650,1
48,2014-12-09,3629,1
49,2014-12-09,6522,1
50,2014-12-09,2889,1
1,2014-12-08,4884,1
2,2014-12-08,4821,1
3,2014-12-08,5792,1
4,2014-12-08,9556,1
5,2014-12-08,4989,1
6,2014-12-08,5859,1
7,2014-12-08,9558,1
8,2014-12-08,6852,1
9,2014-12-08,7026,1
10,2014-12-08,5202,1
11,2014-12-08,9152,1
12,2014-12-08,7696,1
14,2014-12-08,5891,1
15,2014-12-08,6200,1
16,2014-12-08,8488,1
17,2014-12-08,6574,1
18,2014-12-08,7287,1
19,2014-12-08,7169,1
21,2014-12-08,4367,1
23,2014-12-08,4453,1
24,2014-12-08,8435,1
25,2014-12-08,11056,1
26,2014-12-08,5791,1
27,2014-12-08,9451,1
28,2014-12-08,4969,1
29,2014-12-08,6698,1
30,2014-12-08,4315,1
31,2014-12-08,5369,1
33,2014-12-08,7445,1
34,2014-12-08,7505,1
35,2014-12-08,8907,1
37,2014-12-08,5508,1
38,2014-12-08,3676,1
39,2014-12-08,4532,1
40,2014-12-08,5431,1
42,2014-12-08,10072,1
43,2014-12-08,6439,1
44,2014-12-08,4897,1
45,2014-12-08,5278,1
47,2014-12-08,7847,1
48,2014-12-08,3785,1
49,2014-12-08,7187,1
50,2014-12-08,3600,1
1,2014-12-06,6185,1
2,2014-12-06,2914,1
3,2014-12-06,7669,1
4,2014-12-06,11624,1
5,2014-12-06,3054,1
6,2014-12-06,4530,1
7,2014-12-06,7000,1
8,2014-12-06,5486,1
9,2014-12-06,7545,1
10,2014-12-06,5292,1
11,2014-12-06,10957,1
12,2014-12-06,8269,1
14,2014-12-06,3911,1
15,2014-12-06,5960,1
16,2014-12-06,6990,1
17,2014-12-06,4174,1
18,2014-12-06,5236,1
19,2014-12-06,5010,1
21,2014-12-06,5392,1
23,2014-12-06,5141,1
24,2014-12-06,8707,1
25,2014-12-06,9766,1
26,2014-12-06,6495,1
27,2014-12-06,9474,1
28,2014-12-06,2947,1
29,2014-12-06,8829,1
30,2014-12-06,5740,1
31,2014-12-06,5963,1
33,2014-12-06,9553,1
34,2014-12-06,7954,1
35,2014-12-06,8345,1
37,2014-12-06,8363,1
38,2014-12-06,6560,1
39,2014-12-06,3523,1
40,2014-12-06,7048,1
42,2014-12-06,11073,1
43,2014-12-06,4773,1
44,2014-12-06,4467,1
45,2014-12-06,6388,1
47,2014-12-06,6503,1
48,2014-12-06,3636,1
49,2014-12-06,8701,1
50,2014-12-06,5179,1
1,2014-12-05,6207,1
2,2014-12-05,6385,1
3,2014-12-05,10190,1
4,2014-12-05,11831,1
5,2014-12-05,7606,1
6,2014-12-05,8320,1
7,2014-12-05,15268,1
8,2014-12-05,8258,1
9,2014-12-05,8834,1
10,2014-12-05,7349,1
11,2014-12-05,15072,1
12,2014-12-05,13388,1
14,2014-12-05,7591,1
15,2014-12-05,11490,1
16,2014-12-05,13029,1
17,2014-12-05,9285,1
18,2014-12-05,11416,1
19,2014-12-05,9969,1
21,2014-12-05,7279,1
23,2014-12-05,8048,1
24,2014-12-05,14169,1
25,2014-12-05,13342,1
26,2014-12-05,10850,1
27,2014-12-05,14100,1
28,2014-12-05,6956,1
29,2014-12-05,10098,1
30,2014-12-05,6573,1
31,2014-12-05,10725,1
33,2014-12-05,11029,1
34,2014-12-05,10936,1
35,2014-12-05,13768,1
37,2014-12-05,12521,1
38,2014-12-05,7104,1
39,2014-12-05,6061,1
40,2014-12-05,6491,1
42,2014-12-05,15361,1
43,2014-12-05,8772,1
44,2014-12-05,7927,1
45,2014-12-05,8451,1
47,2014-12-05,12401,1
48,2014-12-05,6155,1
49,2014-12-05,13817,1
50,2014-12-05,5624,1
1,2014-12-04,7016,1
2,2014-12-04,6661,1
3,2014-12-04,8766,1
4,2014-12-04,10657,1
5,2014-12-04,5792,1
6,2014-12-04,6371,1
7,2014-12-04,11994,1
8,2014-12-04,8417,1
9,2014-12-04,7665,1
10,2014-12-04,6665,1
11,2014-12-04,13585,1
12,2014-12-04,11438,1
14,2014-12-04,6552,1
15,2014-12-04,9976,1
16,2014-12-04,10622,1
17,2014-12-04,8093,1
18,2014-12-04,9155,1
19,2014-12-04,9274,1
21,2014-12-04,7640,1
23,2014-12-04,7056,1
24,2014-12-04,11925,1
25,2014-12-04,13458,1
26,2014-12-04,8249,1
27,2014-12-04,12038,1
28,2014-12-04,6471,1
29,2014-12-04,10000,1
30,2014-12-04,6570,1
31,2014-12-04,8325,1
33,2014-12-04,9017,1
34,2014-12-04,9280,1
35,2014-12-04,12190,1
37,2014-12-04,9495,1
38,2014-12-04,6010,1
39,2014-12-04,5859,1
40,2014-12-04,6797,1
42,2014-12-04,14454,1
43,2014-12-04,8458,1
44,2014-12-04,8052,1
45,2014-12-04,6446,1
47,2014-12-04,10402,1
48,2014-12-04,4533,1
49,2014-12-04,10680,1
50,2014-12-04,4615,1
1,2014-12-03,6454,1
2,2014-12-03,7533,1
3,2014-12-03,9694,1
4,2014-12-03,11716,1
5,2014-12-03,6096,1
6,2014-12-03,6906,1
7,2014-12-03,10229,1
8,2014-12-03,7504,1
9,2014-12-03,7785,1
10,2014-12-03,6532,1
11,2014-12-03,12964,1
12,2014-12-03,10471,1
14,2014-12-03,6691,1
15,2014-12-03,8359,1
16,2014-12-03,11031,1
17,2014-12-03,9056,1
18,2014-12-03,8285,1
19,2014-12-03,7906,1
21,2014-12-03,6181,1
23,2014-12-03,5813,1
24,2014-12-03,12594,1
25,2014-12-03,12497,1
26,2014-12-03,7201,1
27,2014-12-03,11932,1
28,2014-12-03,5850,1
29,2014-12-03,8698,1
30,2014-12-03,5562,1
31,2014-12-03,8496,1
33,2014-12-03,9601,1
34,2014-12-03,9753,1
35,2014-12-03,11840,1
37,2014-12-03,9103,1
38,2014-12-03,6513,1
39,2014-12-03,6777,1
40,2014-12-03,5330,1
42,2014-12-03,13965,1
43,2014-12-03,7696,1
44,2014-12-03,6848,1
45,2014-12-03,6460,1
47,2014-12-03,10468,1
48,2014-12-03,4930,1
49,2014-12-03,9286,1
50,2014-12-03,4829,1
1,2014-12-02,6467,1
2,2014-12-02,7664,1
3,2014-12-02,9044,1
4,2014-12-02,11114,1
5,2014-12-02,7180,1
6,2014-12-02,7092,1
7,2014-12-02,13115,1
8,2014-12-02,8470,1
9,2014-12-02,8378,1
10,2014-12-02,7432,1
11,2014-12-02,12880,1
12,2014-12-02,11623,1
14,2014-12-02,8022,1
15,2014-12-02,9850,1
16,2014-12-02,11217,1
17,2014-12-02,11924,1
18,2014-12-02,9319,1
19,2014-12-02,9471,1
21,2014-12-02,6445,1
23,2014-12-02,7109,1
24,2014-12-02,12584,1
25,2014-12-02,14952,1
26,2014-12-02,9218,1
27,2014-12-02,13580,1
28,2014-12-02,7880,1
29,2014-12-02,9756,1
30,2014-12-02,6416,1
31,2014-12-02,7852,1
33,2014-12-02,10434,1
34,2014-12-02,10174,1
35,2014-12-02,13271,1
37,2014-12-02,8923,1
38,2014-12-02,7290,1
39,2014-12-02,7688,1
40,2014-12-02,6130,1
42,2014-12-02,14064,1
43,2014-12-02,8611,1
44,2014-12-02,6809,1
45,2014-12-02,6358,1
47,2014-12-02,10650,1
48,2014-12-02,4724,1
49,2014-12-02,9377,1
50,2014-12-02,6145,1
1,2014-12-01,7380,1
2,2014-12-01,8674,1
3,2014-12-01,10369,1
4,2014-12-01,12359,1
5,2014-12-01,8580,1
6,2014-12-01,7638,1
7,2014-12-01,14130,1
8,2014-12-01,10924,1
9,2014-12-01,10854,1
10,2014-12-01,7440,1
11,2014-12-01,14087,1
12,2014-12-01,13479,1
14,2014-12-01,9141,1
15,2014-12-01,11669,1
16,2014-12-01,12640,1
17,2014-12-01,13042,1
18,2014-12-01,11242,1
19,2014-12-01,8547,1
21,2014-12-01,7730,1
23,2014-12-01,9415,1
24,2014-12-01,15046,1
25,2014-12-01,16037,1
26,2014-12-01,10182,1
27,2014-12-01,15651,1
28,2014-12-01,8636,1
29,2014-12-01,13855,1
30,2014-12-01,7647,1
31,2014-12-01,8638,1
33,2014-12-01,12137,1
34,2014-12-01,11991,1
35,2014-12-01,16528,1
37,2014-12-01,10616,1
38,2014-12-01,9177,1
39,2014-12-01,9484,1
40,2014-12-01,6805,1
42,2014-12-01,16433,1
43,2014-12-01,9834,1
44,2014-12-01,8962,1
45,2014-12-01,7606,1
47,2014-12-01,11204,1
48,2014-12-01,6573,1
49,2014-12-01,11580,1
50,2014-12-01,7103,1
1,2014-11-29,7066,1
2,2014-11-29,3424,1
3,2014-11-29,6702,1
4,2014-11-29,14052,1
5,2014-11-29,2435,1
6,2014-11-29,5105,1
7,2014-11-29,8884,1
8,2014-11-29,5052,1
9,2014-11-29,9096,1
10,2014-11-29,6517,1
11,2014-11-29,14461,1
12,2014-11-29,9862,1
14,2014-11-29,4524,1
15,2014-11-29,8189,1
16,2014-11-29,8057,1
17,2014-11-29,3902,1
18,2014-11-29,5953,1
19,2014-11-29,6595,1
21,2014-11-29,7140,1
23,2014-11-29,5504,1
24,2014-11-29,10618,1
25,2014-11-29,10517,1
26,2014-11-29,7349,1
27,2014-11-29,10891,1
28,2014-11-29,2997,1
29,2014-11-29,10257,1
30,2014-11-29,5700,1
31,2014-11-29,7871,1
33,2014-11-29,10524,1
34,2014-11-29,9592,1
35,2014-11-29,9351,1
37,2014-11-29,8898,1
38,2014-11-29,7590,1
39,2014-11-29,3958,1
40,2014-11-29,8032,1
42,2014-11-29,11255,1
43,2014-11-29,4754,1
44,2014-11-29,4512,1
45,2014-11-29,7075,1
47,2014-11-29,8746,1
48,2014-11-29,4058,1
49,2014-11-29,9602,1
50,2014-11-29,6272,1
1,2014-11-28,7195,1
2,2014-11-28,6062,1
3,2014-11-28,9700,1
4,2014-11-28,13832,1
5,2014-11-28,6875,1
6,2014-11-28,7168,1
7,2014-11-28,13668,1
8,2014-11-28,8094,1
9,2014-11-28,9248,1
10,2014-11-28,7421,1
11,2014-11-28,12956,1
12,2014-11-28,10553,1
14,2014-11-28,7641,1
15,2014-11-28,9917,1
16,2014-11-28,11005,1
17,2014-11-28,9801,1
18,2014-11-28,10318,1
19,2014-11-28,11021,1
21,2014-11-28,7195,1
23,2014-11-28,7707,1
24,2014-11-28,13463,1
25,2014-11-28,14961,1
26,2014-11-28,9668,1
27,2014-11-28,14092,1
28,2014-11-28,6604,1
29,2014-11-28,10399,1
30,2014-11-28,5903,1
31,2014-11-28,8825,1
33,2014-11-28,11412,1
34,2014-11-28,10558,1
35,2014-11-28,12625,1
37,2014-11-28,9758,1
38,2014-11-28,8181,1
39,2014-11-28,6450,1
40,2014-11-28,6845,1
42,2014-11-28,15700,1
43,2014-11-28,8828,1
44,2014-11-28,6260,1
45,2014-11-28,7078,1
47,2014-11-28,11284,1
48,2014-11-28,5105,1
49,2014-11-28,11126,1
50,2014-11-28,6050,1
1,2014-11-27,6144,1
2,2014-11-27,6119,1
3,2014-11-27,8508,1
4,2014-11-27,10512,1
5,2014-11-27,5670,1
6,2014-11-27,6392,1
7,2014-11-27,10409,1
8,2014-11-27,9182,1
9,2014-11-27,7656,1
10,2014-11-27,7212,1
11,2014-11-27,11347,1
12,2014-11-27,9680,1
14,2014-11-27,6613,1
15,2014-11-27,9128,1
16,2014-11-27,10042,1
17,2014-11-27,8058,1
18,2014-11-27,7734,1
19,2014-11-27,9844,1
21,2014-11-27,7069,1
23,2014-11-27,7316,1
24,2014-11-27,10690,1
25,2014-11-27,12323,1
26,2014-11-27,9326,1
27,2014-11-27,10983,1
28,2014-11-27,5743,1
29,2014-11-27,8524,1
30,2014-11-27,6374,1
31,2014-11-27,7748,1
33,2014-11-27,9729,1
34,2014-11-27,9048,1
35,2014-11-27,11604,1
37,2014-11-27,8170,1
38,2014-11-27,6440,1
39,2014-11-27,6106,1
40,2014-11-27,5088,1
42,2014-11-27,12096,1
43,2014-11-27,7162,1
44,2014-11-27,5982,1
45,2014-11-27,6556,1
47,2014-11-27,9978,1
48,2014-11-27,4349,1
49,2014-11-27,8450,1
50,2014-11-27,4411,1
1,2014-11-26,5328,1
2,2014-11-26,7588,1
3,2014-11-26,8397,1
4,2014-11-26,10083,1
5,2014-11-26,6187,1
6,2014-11-26,5855,1
7,2014-11-26,10756,1
8,2014-11-26,8065,1
9,2014-11-26,7164,1
10,2014-11-26,6882,1
11,2014-11-26,11103,1
12,2014-11-26,10070,1
14,2014-11-26,6416,1
15,2014-11-26,7828,1
16,2014-11-26,9246,1
17,2014-11-26,7646,1
18,2014-11-26,8298,1
19,2014-11-26,8502,1
21,2014-11-26,6293,1
23,2014-11-26,6210,1
24,2014-11-26,10490,1
25,2014-11-26,11513,1
26,2014-11-26,8322,1
27,2014-11-26,10936,1
28,2014-11-26,4794,1
29,2014-11-26,8117,1
30,2014-11-26,5219,1
31,2014-11-26,8377,1
33,2014-11-26,8678,1
34,2014-11-26,9218,1
35,2014-11-26,10470,1
37,2014-11-26,6820,1
38,2014-11-26,6362,1
39,2014-11-26,5051,1
40,2014-11-26,5471,1
42,2014-11-26,12310,1
43,2014-11-26,7036,1
44,2014-11-26,6624,1
45,2014-11-26,6658,1
47,2014-11-26,10679,1
48,2014-11-26,4987,1
49,2014-11-26,8237,1
50,2014-11-26,4947,1
1,2014-11-25,5815,1
2,2014-11-25,6511,1
3,2014-11-25,8577,1
4,2014-11-25,11402,1
5,2014-11-25,6338,1
6,2014-11-25,6974,1
7,2014-11-25,11391,1
8,2014-11-25,7840,1
9,2014-11-25,7689,1
10,2014-11-25,6454,1
11,2014-11-25,10568,1
12,2014-11-25,10692,1
14,2014-11-25,6732,1
15,2014-11-25,7760,1
16,2014-11-25,9932,1
17,2014-11-25,9463,1
18,2014-11-25,7934,1
19,2014-11-25,8324,1
21,2014-11-25,7095,1
23,2014-11-25,6550,1
24,2014-11-25,10142,1
25,2014-11-25,12547,1
26,2014-11-25,8343,1
27,2014-11-25,12049,1
28,2014-11-25,5577,1
29,2014-11-25,8597,1
30,2014-11-25,6575,1
31,2014-11-25,7652,1
33,2014-11-25,8439,1
34,2014-11-25,9397,1
35,2014-11-25,10448,1
37,2014-11-25,6998,1
38,2014-11-25,6309,1
39,2014-11-25,6189,1
40,2014-11-25,5340,1
42,2014-11-25,12723,1
43,2014-11-25,7160,1
44,2014-11-25,7898,1
45,2014-11-25,5671,1
47,2014-11-25,9119,1
48,2014-11-25,5209,1
49,2014-11-25,8270,1
50,2014-11-25,4767,1
1,2014-11-24,6527,1
2,2014-11-24,7038,1
3,2014-11-24,8886,1
4,2014-11-24,12053,1
5,2014-11-24,7528,1
6,2014-11-24,7877,1
7,2014-11-24,11482,1
8,2014-11-24,9339,1
9,2014-11-24,9911,1
10,2014-11-24,7774,1
11,2014-11-24,11548,1
12,2014-11-24,10882,1
14,2014-11-24,8407,1
15,2014-11-24,9015,1
16,2014-11-24,9855,1
17,2014-11-24,10899,1
18,2014-11-24,9177,1
19,2014-11-24,10304,1
21,2014-11-24,7987,1
23,2014-11-24,7809,1
24,2014-11-24,12540,1
25,2014-11-24,12472,1
26,2014-11-24,10253,1
27,2014-11-24,13600,1
28,2014-11-24,6907,1
29,2014-11-24,12523,1
30,2014-11-24,6039,1
31,2014-11-24,8434,1
33,2014-11-24,9676,1
34,2014-11-24,9538,1
35,2014-11-24,13991,1
37,2014-11-24,7967,1
38,2014-11-24,9047,1
39,2014-11-24,7484,1
40,2014-11-24,6678,1
42,2014-11-24,13864,1
43,2014-11-24,8101,1
44,2014-11-24,8111,1
45,2014-11-24,7328,1
47,2014-11-24,9577,1
48,2014-11-24,5140,1
49,2014-11-24,10104,1
50,2014-11-24,5786,1
1,2014-11-22,5849,1
2,2014-11-22,3085,1
3,2014-11-22,3989,1
4,2014-11-22,10552,1
5,2014-11-22,2225,1
6,2014-11-22,3562,1
7,2014-11-22,6059,1
8,2014-11-22,3591,1
9,2014-11-22,6619,1
10,2014-11-22,5337,1
11,2014-11-22,7482,1
12,2014-11-22,7308,1
14,2014-11-22,3385,1
15,2014-11-22,5098,1
16,2014-11-22,5258,1
17,2014-11-22,3045,1
18,2014-11-22,4621,1
19,2014-11-22,4073,1
21,2014-11-22,4898,1
23,2014-11-22,4247,1
24,2014-11-22,6699,1
25,2014-11-22,8541,1
26,2014-11-22,5416,1
27,2014-11-22,7739,1
28,2014-11-22,2000,1
29,2014-11-22,7665,1
30,2014-11-22,4254,1
31,2014-11-22,5419,1
33,2014-11-22,9125,1
34,2014-11-22,7309,1
35,2014-11-22,7731,1
37,2014-11-22,7559,1
38,2014-11-22,6108,1
39,2014-11-22,3085,1
40,2014-11-22,6683,1
42,2014-11-22,8929,1
43,2014-11-22,4226,1
44,2014-11-22,4383,1
45,2014-11-22,5512,1
47,2014-11-22,6109,1
48,2014-11-22,2767,1
49,2014-11-22,7776,1
50,2014-11-22,3817,1
1,2014-11-21,4594,1
2,2014-11-21,3978,1
3,2014-11-21,5865,1
4,2014-11-21,8319,1
5,2014-11-21,4456,1
6,2014-11-21,4561,1
7,2014-11-21,7806,1
8,2014-11-21,4958,1
9,2014-11-21,6359,1
10,2014-11-21,5577,1
11,2014-11-21,7816,1
12,2014-11-21,6740,1
14,2014-11-21,5438,1
15,2014-11-21,6023,1
16,2014-11-21,7459,1
17,2014-11-21,5177,1
18,2014-11-21,6644,1
19,2014-11-21,5823,1
21,2014-11-21,3956,1
23,2014-11-21,4413,1
24,2014-11-21,8276,1
25,2014-11-21,9102,1
26,2014-11-21,6506,1
27,2014-11-21,7777,1
28,2014-11-21,3387,1
29,2014-11-21,6170,1
30,2014-11-21,3270,1
31,2014-11-21,5734,1
33,2014-11-21,6666,1
34,2014-11-21,6948,1
35,2014-11-21,7911,1
37,2014-11-21,6870,1
38,2014-11-21,4071,1
39,2014-11-21,3239,1
40,2014-11-21,4247,1
42,2014-11-21,9578,1
43,2014-11-21,6135,1
44,2014-11-21,4953,1
45,2014-11-21,4021,1
47,2014-11-21,6596,1
48,2014-11-21,3890,1
49,2014-11-21,6177,1
50,2014-11-21,2944,1
1,2014-11-20,4963,1
2,2014-11-20,4527,1
3,2014-11-20,6019,1
4,2014-11-20,7866,1
5,2014-11-20,5291,1
6,2014-11-20,5616,1
7,2014-11-20,7272,1
8,2014-11-20,5759,1
9,2014-11-20,5561,1
10,2014-11-20,4753,1
11,2014-11-20,7396,1
12,2014-11-20,6108,1
14,2014-11-20,4838,1
15,2014-11-20,5497,1
16,2014-11-20,7058,1
17,2014-11-20,5570,1
18,2014-11-20,5538,1
19,2014-11-20,5968,1
21,2014-11-20,3286,1
23,2014-11-20,3976,1
24,2014-11-20,6976,1
25,2014-11-20,9763,1
26,2014-11-20,5437,1
27,2014-11-20,7456,1
28,2014-11-20,3482,1
29,2014-11-20,5951,1
30,2014-11-20,3679,1
31,2014-11-20,4898,1
33,2014-11-20,5846,1
34,2014-11-20,6887,1
35,2014-11-20,7375,1
37,2014-11-20,5515,1
38,2014-11-20,4962,1
39,2014-11-20,3565,1
40,2014-11-20,4051,1
42,2014-11-20,8613,1
43,2014-11-20,5920,1
44,2014-11-20,4753,1
45,2014-11-20,3802,1
47,2014-11-20,6669,1
48,2014-11-20,3774,1
49,2014-11-20,5548,1
50,2014-11-20,3187,1
1,2014-11-19,3894,1
2,2014-11-19,5091,1
3,2014-11-19,5490,1
4,2014-11-19,7898,1
7,2014-11-19,7300,1
8,2014-11-19,5376,1
9,2014-11-19,6112,1
10,2014-11-19,5340,1
11,2014-11-19,7829,1
12,2014-11-19,6055,1
14,2014-11-19,4777,1
15,2014-11-19,5544,1
16,2014-11-19,6997,1
17,2014-11-19,5367,1
18,2014-11-19,7132,1
19,2014-11-19,5930,1
21,2014-11-19,3477,1
23,2014-11-19,3598,1
24,2014-11-19,7509,1
25,2014-11-19,8793,1
26,2014-11-19,4721,1
27,2014-11-19,7018,1
28,2014-11-19,3172,1
29,2014-11-19,6138,1
30,2014-11-19,3103,1
31,2014-11-19,4641,1
33,2014-11-19,6557,1
34,2014-11-19,6950,1
35,2014-11-19,7119,1
37,2014-11-19,5173,1
38,2014-11-19,3995,1
39,2014-11-19,3774,1
40,2014-11-19,3444,1
42,2014-11-19,9258,1
43,2014-11-19,5261,1
44,2014-11-19,4546,1
45,2014-11-19,3893,1
47,2014-11-19,6521,1
48,2014-11-19,3435,1
49,2014-11-19,6408,1
50,2014-11-19,2928,1
1,2014-11-18,3890,1
2,2014-11-18,3468,1
3,2014-11-18,5195,1
4,2014-11-18,8331,1
5,2014-11-18,4530,1
6,2014-11-18,4747,1
7,2014-11-18,8339,1
8,2014-11-18,5834,1
9,2014-11-18,6167,1
10,2014-11-18,5290,1
11,2014-11-18,6829,1
12,2014-11-18,6416,1
14,2014-11-18,4688,1
15,2014-11-18,5248,1
16,2014-11-18,6908,1
17,2014-11-18,4992,1
18,2014-11-18,5604,1
19,2014-11-18,5640,1
21,2014-11-18,4132,1
23,2014-11-18,3091,1
24,2014-11-18,7153,1
25,2014-11-18,8741,1
26,2014-11-18,4158,1
27,2014-11-18,7010,1
28,2014-11-18,3330,1
29,2014-11-18,6307,1
30,2014-11-18,3824,1
31,2014-11-18,4721,1
33,2014-11-18,6224,1
34,2014-11-18,7929,1
35,2014-11-18,7396,1
37,2014-11-18,4400,1
38,2014-11-18,4412,1
39,2014-11-18,4007,1
40,2014-11-18,4252,1
42,2014-11-18,8295,1
43,2014-11-18,5322,1
44,2014-11-18,4813,1
45,2014-11-18,3202,1
47,2014-11-18,6355,1
48,2014-11-18,3233,1
49,2014-11-18,5943,1
50,2014-11-18,2840,1
1,2014-11-17,3582,1
2,2014-11-17,4157,1
3,2014-11-17,5935,1
4,2014-11-17,9376,1
5,2014-11-17,4564,1
6,2014-11-17,5220,1
7,2014-11-17,8561,1
8,2014-11-17,6416,1
9,2014-11-17,6184,1
10,2014-11-17,5346,1
11,2014-11-17,7171,1
12,2014-11-17,6870,1
14,2014-11-17,6045,1
15,2014-11-17,5298,1
16,2014-11-17,7647,1
17,2014-11-17,6160,1
18,2014-11-17,5922,1
19,2014-11-17,6336,1
21,2014-11-17,3301,1
23,2014-11-17,3980,1
24,2014-11-17,8110,1
25,2014-11-17,10238,1
26,2014-11-17,5546,1
27,2014-11-17,7764,1
28,2014-11-17,4317,1
29,2014-11-17,6451,1
30,2014-11-17,3807,1
31,2014-11-17,5041,1
33,2014-11-17,7975,1
34,2014-11-17,9781,1
35,2014-11-17,7558,1
37,2014-11-17,5233,1
38,2014-11-17,4209,1
39,2014-11-17,3753,1
40,2014-11-17,3447,1
42,2014-11-17,9967,1
43,2014-11-17,5143,1
44,2014-11-17,5335,1
45,2014-11-17,3849,1
47,2014-11-17,7888,1
48,2014-11-17,4193,1
49,2014-11-17,6084,1
50,2014-11-17,3366,1
1,2014-11-15,4967,1
2,2014-11-15,2979,1
3,2014-11-15,4397,1
4,2014-11-15,11185,1
5,2014-11-15,2146,1
6,2014-11-15,3460,1
7,2014-11-15,6225,1
8,2014-11-15,3583,1
9,2014-11-15,6430,1
10,2014-11-15,4895,1
11,2014-11-15,6696,1
12,2014-11-15,7340,1
14,2014-11-15,3533,1
15,2014-11-15,5487,1
16,2014-11-15,6345,1
17,2014-11-15,3346,1
18,2014-11-15,5134,1
19,2014-11-15,4318,1
21,2014-11-15,5919,1
23,2014-11-15,5252,1
24,2014-11-15,7211,1
25,2014-11-15,8265,1
26,2014-11-15,6355,1
27,2014-11-15,7523,1
28,2014-11-15,1934,1
29,2014-11-15,7807,1
30,2014-11-15,4196,1
31,2014-11-15,6107,1
33,2014-11-15,8939,1
34,2014-11-15,8211,1
35,2014-11-15,7832,1
37,2014-11-15,7913,1
38,2014-11-15,6884,1
39,2014-11-15,3099,1
40,2014-11-15,4691,1
42,2014-11-15,8730,1
43,2014-11-15,4558,1
44,2014-11-15,4117,1
45,2014-11-15,4996,1
47,2014-11-15,6265,1
48,2014-11-15,3359,1
49,2014-11-15,8424,1
50,2014-11-15,4694,1
1,2014-11-14,5334,1
2,2014-11-14,4655,1
3,2014-11-14,7836,1
4,2014-11-14,9790,1
5,2014-11-14,5199,1
6,2014-11-14,5662,1
7,2014-11-14,9936,1
8,2014-11-14,5749,1
9,2014-11-14,8325,1
10,2014-11-14,6239,1
11,2014-11-14,8002,1
12,2014-11-14,7711,1
14,2014-11-14,5778,1
15,2014-11-14,6538,1
16,2014-11-14,9035,1
17,2014-11-14,7595,1
18,2014-11-14,7366,1
19,2014-11-14,7266,1
21,2014-11-14,6138,1
23,2014-11-14,6547,1
24,2014-11-14,10284,1
25,2014-11-14,10877,1
26,2014-11-14,7185,1
27,2014-11-14,10059,1
28,2014-11-14,4339,1
29,2014-11-14,7843,1
30,2014-11-14,4464,1
31,2014-11-14,6968,1
33,2014-11-14,8554,1
34,2014-11-14,7849,1
35,2014-11-14,10722,1
37,2014-11-14,7604,1
38,2014-11-14,6708,1
39,2014-11-14,4724,1
40,2014-11-14,4309,1
42,2014-11-14,10948,1
43,2014-11-14,7344,1
44,2014-11-14,5763,1
45,2014-11-14,6440,1
47,2014-11-14,7500,1
48,2014-11-14,4277,1
49,2014-11-14,7979,1
50,2014-11-14,4502,1
1,2014-11-13,3869,1
2,2014-11-13,5009,1
3,2014-11-13,7560,1
4,2014-11-13,10102,1
5,2014-11-13,5013,1
6,2014-11-13,5424,1
7,2014-11-13,7935,1
8,2014-11-13,7844,1
9,2014-11-13,7101,1
10,2014-11-13,5766,1
11,2014-11-13,7930,1
12,2014-11-13,8051,1
14,2014-11-13,5680,1
15,2014-11-13,6939,1
16,2014-11-13,8364,1
17,2014-11-13,7378,1
18,2014-11-13,6983,1
19,2014-11-13,6438,1
21,2014-11-13,5531,1
23,2014-11-13,5669,1
24,2014-11-13,10251,1
25,2014-11-13,11968,1
26,2014-11-13,7196,1
27,2014-11-13,9423,1
28,2014-11-13,4567,1
29,2014-11-13,7933,1
30,2014-11-13,5329,1
31,2014-11-13,6218,1
33,2014-11-13,8426,1
34,2014-11-13,7733,1
35,2014-11-13,11194,1
37,2014-11-13,7199,1
38,2014-11-13,6378,1
39,2014-11-13,5643,1
40,2014-11-13,4623,1
42,2014-11-13,10518,1
43,2014-11-13,6717,1
44,2014-11-13,5687,1
45,2014-11-13,5884,1
47,2014-11-13,8392,1
48,2014-11-13,4198,1
49,2014-11-13,7709,1
50,2014-11-13,4743,1
1,2014-11-12,4677,1
2,2014-11-12,6818,1
3,2014-11-12,7839,1
4,2014-11-12,9340,1
5,2014-11-12,5903,1
6,2014-11-12,5621,1
7,2014-11-12,8169,1
8,2014-11-12,7146,1
9,2014-11-12,6758,1
10,2014-11-12,6226,1
11,2014-11-12,9164,1
12,2014-11-12,8323,1
14,2014-11-12,6161,1
15,2014-11-12,6155,1
16,2014-11-12,7888,1
17,2014-11-12,7933,1
18,2014-11-12,6981,1
19,2014-11-12,6561,1
21,2014-11-12,5168,1
23,2014-11-12,5451,1
24,2014-11-12,9819,1
25,2014-11-12,10584,1
26,2014-11-12,7129,1
27,2014-11-12,9505,1
28,2014-11-12,3756,1
29,2014-11-12,7329,1
30,2014-11-12,4447,1
31,2014-11-12,6818,1
33,2014-11-12,8032,1
34,2014-11-12,7514,1
35,2014-11-12,9994,1
37,2014-11-12,5953,1
38,2014-11-12,6613,1
39,2014-11-12,5279,1
40,2014-11-12,4056,1
42,2014-11-12,11401,1
43,2014-11-12,6746,1
44,2014-11-12,5742,1
45,2014-11-12,4918,1
47,2014-11-12,7869,1
48,2014-11-12,3739,1
49,2014-11-12,8073,1
50,2014-11-12,3866,1
1,2014-11-11,4479,1
2,2014-11-11,5651,1
3,2014-11-11,8708,1
4,2014-11-11,8794,1
5,2014-11-11,5736,1
6,2014-11-11,6272,1
7,2014-11-11,9776,1
8,2014-11-11,7782,1
9,2014-11-11,7003,1
10,2014-11-11,7009,1
11,2014-11-11,8761,1
12,2014-11-11,8735,1
14,2014-11-11,6262,1
15,2014-11-11,7587,1
16,2014-11-11,9677,1
17,2014-11-11,8297,1
18,2014-11-11,6846,1
19,2014-11-11,7700,1
21,2014-11-11,6949,1
23,2014-11-11,5728,1
24,2014-11-11,10221,1
25,2014-11-11,11152,1
26,2014-11-11,7219,1
27,2014-11-11,10773,1
28,2014-11-11,4849,1
29,2014-11-11,8193,1
30,2014-11-11,5108,1
31,2014-11-11,6335,1
33,2014-11-11,8426,1
34,2014-11-11,8006,1
35,2014-11-11,10313,1
37,2014-11-11,6117,1
38,2014-11-11,6333,1
39,2014-11-11,5567,1
40,2014-11-11,6014,1
42,2014-11-11,10668,1
43,2014-11-11,7502,1
44,2014-11-11,5562,1
45,2014-11-11,4924,1
47,2014-11-11,8892,1
48,2014-11-11,4430,1
49,2014-11-11,7554,1
50,2014-11-11,3989,1
1,2014-11-10,5474,1
2,2014-11-10,6423,1
3,2014-11-10,8533,1
4,2014-11-10,10593,1
5,2014-11-10,6540,1
6,2014-11-10,6107,1
7,2014-11-10,10223,1
8,2014-11-10,8504,1
9,2014-11-10,9128,1
10,2014-11-10,6811,1
11,2014-11-10,8219,1
12,2014-11-10,9042,1
14,2014-11-10,7571,1
15,2014-11-10,8386,1
16,2014-11-10,9619,1
17,2014-11-10,8794,1
18,2014-11-10,8239,1
19,2014-11-10,9106,1
21,2014-11-10,6137,1
23,2014-11-10,6925,1
24,2014-11-10,11374,1
25,2014-11-10,13007,1
26,2014-11-10,9005,1
27,2014-11-10,11801,1
28,2014-11-10,5413,1
29,2014-11-10,11977,1
30,2014-11-10,5935,1
31,2014-11-10,6956,1
33,2014-11-10,9704,1
34,2014-11-10,8481,1
35,2014-11-10,12400,1
37,2014-11-10,7527,1
38,2014-11-10,8205,1
39,2014-11-10,7388,1
40,2014-11-10,4919,1
42,2014-11-10,12500,1
43,2014-11-10,9090,1
44,2014-11-10,7271,1
45,2014-11-10,6483,1
47,2014-11-10,9302,1
48,2014-11-10,4821,1
49,2014-11-10,9136,1
50,2014-11-10,4711,1
1,2014-11-08,4720,1
2,2014-11-08,3311,1
3,2014-11-08,4055,1
4,2014-11-08,10208,1
5,2014-11-08,2280,1
6,2014-11-08,3750,1
7,2014-11-08,6506,1
8,2014-11-08,3274,1
9,2014-11-08,7459,1
10,2014-11-08,5561,1
11,2014-11-08,7141,1
12,2014-11-08,7384,1
14,2014-11-08,3894,1
15,2014-11-08,5973,1
16,2014-11-08,6579,1
17,2014-11-08,3122,1
18,2014-11-08,4842,1
19,2014-11-08,4602,1
21,2014-11-08,6008,1
23,2014-11-08,4607,1
24,2014-11-08,7484,1
25,2014-11-08,9362,1
26,2014-11-08,6498,1
27,2014-11-08,8546,1
28,2014-11-08,1942,1
29,2014-11-08,7610,1
30,2014-11-08,5640,1
31,2014-11-08,6042,1
33,2014-11-08,9201,1
34,2014-11-08,8133,1
35,2014-11-08,8350,1
37,2014-11-08,8039,1
38,2014-11-08,6161,1
39,2014-11-08,3089,1
40,2014-11-08,6413,1
42,2014-11-08,10005,1
43,2014-11-08,4691,1
44,2014-11-08,4119,1
45,2014-11-08,6235,1
47,2014-11-08,6614,1
48,2014-11-08,2829,1
49,2014-11-08,7846,1
50,2014-11-08,4357,1
1,2014-11-07,5220,1
2,2014-11-07,5445,1
3,2014-11-07,8091,1
4,2014-11-07,11209,1
5,2014-11-07,5284,1
6,2014-11-07,5642,1
7,2014-11-07,10087,1
8,2014-11-07,7069,1
9,2014-11-07,7416,1
10,2014-11-07,6498,1
11,2014-11-07,9024,1
12,2014-11-07,8891,1
14,2014-11-07,6399,1
15,2014-11-07,7990,1
16,2014-11-07,9271,1
17,2014-11-07,7695,1
18,2014-11-07,9268,1
19,2014-11-07,8357,1
21,2014-11-07,7079,1
23,2014-11-07,6444,1
24,2014-11-07,10695,1
25,2014-11-07,11756,1
26,2014-11-07,8216,1
27,2014-11-07,10515,1
28,2014-11-07,4840,1
29,2014-11-07,8527,1
30,2014-11-07,4417,1
31,2014-11-07,7521,1
33,2014-11-07,8864,1
34,2014-11-07,8479,1
35,2014-11-07,11555,1
37,2014-11-07,8351,1
38,2014-11-07,6299,1
39,2014-11-07,4974,1
40,2014-11-07,5208,1
42,2014-11-07,10793,1
43,2014-11-07,7794,1
44,2014-11-07,6891,1
45,2014-11-07,6052,1
47,2014-11-07,8526,1
48,2014-11-07,4480,1
49,2014-11-07,8060,1
50,2014-11-07,4755,1
1,2014-11-06,4785,1
2,2014-11-06,6307,1
3,2014-11-06,8072,1
4,2014-11-06,9461,1
5,2014-11-06,5264,1
6,2014-11-06,5599,1
7,2014-11-06,9743,1
8,2014-11-06,7378,1
9,2014-11-06,7437,1
10,2014-11-06,5907,1
11,2014-11-06,8944,1
12,2014-11-06,8948,1
14,2014-11-06,6469,1
15,2014-11-06,7758,1
16,2014-11-06,9363,1
17,2014-11-06,8243,1
18,2014-11-06,7576,1
19,2014-11-06,8291,1
21,2014-11-06,7108,1
23,2014-11-06,6688,1
24,2014-11-06,9869,1
25,2014-11-06,12480,1
26,2014-11-06,7835,1
27,2014-11-06,10901,1
28,2014-11-06,4659,1
29,2014-11-06,8654,1
30,2014-11-06,6144,1
31,2014-11-06,6605,1
33,2014-11-06,8827,1
34,2014-11-06,8094,1
35,2014-11-06,11748,1
37,2014-11-06,7316,1
38,2014-11-06,6678,1
39,2014-11-06,5640,1
40,2014-11-06,6410,1
42,2014-11-06,11847,1
43,2014-11-06,7749,1
44,2014-11-06,6538,1
45,2014-11-06,5900,1
47,2014-11-06,8317,1
48,2014-11-06,4088,1
49,2014-11-06,6799,1
50,2014-11-06,4135,1
1,2014-11-05,4838,1
2,2014-11-05,7142,1
3,2014-11-05,9172,1
4,2014-11-05,11232,1
5,2014-11-05,5913,1
6,2014-11-05,6742,1
7,2014-11-05,8842,1
8,2014-11-05,6603,1
9,2014-11-05,8249,1
10,2014-11-05,4965,1
11,2014-11-05,8358,1
12,2014-11-05,9417,1
14,2014-11-05,6623,1
15,2014-11-05,7455,1
16,2014-11-05,7956,1
17,2014-11-05,8062,1
18,2014-11-05,8749,1
19,2014-11-05,8335,1
21,2014-11-05,5652,1
23,2014-11-05,6452,1
24,2014-11-05,11034,1
25,2014-11-05,12259,1
26,2014-11-05,7519,1
27,2014-11-05,13452,1
28,2014-11-05,4550,1
29,2014-11-05,9736,1
30,2014-11-05,5674,1
31,2014-11-05,7276,1
33,2014-11-05,10205,1
34,2014-11-05,9036,1
35,2014-11-05,12786,1
37,2014-11-05,6728,1
38,2014-11-05,7632,1
39,2014-11-05,6968,1
40,2014-11-05,5568,1
42,2014-11-05,13653,1
43,2014-11-05,7662,1
44,2014-11-05,6514,1
45,2014-11-05,5469,1
47,2014-11-05,8637,1
48,2014-11-05,3274,1
49,2014-11-05,6880,1
50,2014-11-05,4736,1
1,2014-11-04,5253,1
2,2014-11-04,7015,1
3,2014-11-04,9863,1
4,2014-11-04,11285,1
5,2014-11-04,6836,1
6,2014-11-04,6367,1
7,2014-11-04,11121,1
8,2014-11-04,7805,1
9,2014-11-04,8544,1
10,2014-11-04,6331,1
11,2014-11-04,9089,1
12,2014-11-04,9382,1
14,2014-11-04,7047,1
15,2014-11-04,8729,1
16,2014-11-04,11329,1
17,2014-11-04,10200,1
18,2014-11-04,8559,1
19,2014-11-04,9458,1
21,2014-11-04,9313,1
23,2014-11-04,7044,1
24,2014-11-04,11989,1
25,2014-11-04,13133,1
26,2014-11-04,9065,1
27,2014-11-04,13926,1
28,2014-11-04,5036,1
29,2014-11-04,10651,1
30,2014-11-04,6468,1
31,2014-11-04,6900,1
33,2014-11-04,9890,1
34,2014-11-04,9131,1
35,2014-11-04,13657,1
37,2014-11-04,7316,1
38,2014-11-04,7351,1
39,2014-11-04,6835,1
40,2014-11-04,5733,1
42,2014-11-04,13024,1
43,2014-11-04,9044,1
44,2014-11-04,7037,1
45,2014-11-04,6259,1
47,2014-11-04,9036,1
48,2014-11-04,4328,1
49,2014-11-04,7835,1
50,2014-11-04,4855,1
1,2014-11-03,5857,1
2,2014-11-03,7549,1
3,2014-11-03,10855,1
4,2014-11-03,13095,1
5,2014-11-03,8274,1
6,2014-11-03,7869,1
7,2014-11-03,12623,1
8,2014-11-03,9844,1
9,2014-11-03,11562,1
10,2014-11-03,7438,1
11,2014-11-03,10344,1
12,2014-11-03,11373,1
14,2014-11-03,7753,1
15,2014-11-03,8696,1
16,2014-11-03,12427,1
17,2014-11-03,12062,1
18,2014-11-03,10101,1
19,2014-11-03,12214,1
21,2014-11-03,9777,1
23,2014-11-03,10067,1
24,2014-11-03,15372,1
25,2014-11-03,16941,1
26,2014-11-03,11422,1
27,2014-11-03,16745,1
28,2014-11-03,7046,1
29,2014-11-03,14427,1
30,2014-11-03,8271,1
31,2014-11-03,7849,1
33,2014-11-03,13214,1
34,2014-11-03,10893,1
35,2014-11-03,18583,1
37,2014-11-03,9338,1
38,2014-11-03,11037,1
39,2014-11-03,9316,1
40,2014-11-03,5632,1
42,2014-11-03,15470,1
43,2014-11-03,10995,1
44,2014-11-03,7632,1
45,2014-11-03,8505,1
47,2014-11-03,9540,1
48,2014-11-03,4953,1
49,2014-11-03,7780,1
50,2014-11-03,7529,1
1,2014-11-01,6532,1
2,2014-11-01,3305,1
4,2014-11-01,10834,1
5,2014-11-01,2817,1
6,2014-11-01,3899,1
7,2014-11-01,6093,1
8,2014-11-01,3903,1
10,2014-11-01,4349,1
11,2014-11-01,7025,1
12,2014-11-01,6871,1
15,2014-11-01,5868,1
17,2014-11-01,4348,1
18,2014-11-01,6145,1
26,2014-11-01,8332,1
28,2014-11-01,2289,1
31,2014-11-01,5812,1
34,2014-11-01,8041,1
37,2014-11-01,10120,1
44,2014-11-01,3886,1
47,2014-11-01,6300,1
48,2014-11-01,2787,1
1,2014-10-31,4161,1
3,2014-10-31,6788,1
4,2014-10-31,9839,1
7,2014-10-31,10213,1
8,2014-10-31,6223,1
9,2014-10-31,8383,1
10,2014-10-31,5597,1
11,2014-10-31,8357,1
12,2014-10-31,7461,1
14,2014-10-31,7017,1
15,2014-10-31,6718,1
16,2014-10-31,8969,1
19,2014-10-31,7822,1
21,2014-10-31,6233,1
23,2014-10-31,5864,1
24,2014-10-31,11551,1
25,2014-10-31,14107,1
27,2014-10-31,10420,1
29,2014-10-31,9941,1
30,2014-10-31,4983,1
31,2014-10-31,6650,1
33,2014-10-31,10502,1
34,2014-10-31,8533,1
35,2014-10-31,10751,1
38,2014-10-31,8021,1
39,2014-10-31,7119,1
40,2014-10-31,5901,1
42,2014-10-31,12408,1
43,2014-10-31,7409,1
44,2014-10-31,5396,1
45,2014-10-31,6648,1
47,2014-10-31,8454,1
48,2014-10-31,4310,1
49,2014-10-31,9612,1
50,2014-10-31,4615,1
1,2014-10-30,4042,1
2,2014-10-30,5394,1
3,2014-10-30,5357,1
4,2014-10-30,9677,1
5,2014-10-30,5141,1
6,2014-10-30,5656,1
7,2014-10-30,8530,1
8,2014-10-30,6677,1
9,2014-10-30,6034,1
10,2014-10-30,5090,1
11,2014-10-30,7323,1
12,2014-10-30,6674,1
14,2014-10-30,5111,1
15,2014-10-30,6355,1
16,2014-10-30,7122,1
17,2014-10-30,6849,1
18,2014-10-30,8910,1
19,2014-10-30,7651,1
21,2014-10-30,4784,1
23,2014-10-30,5440,1
24,2014-10-30,9403,1
25,2014-10-30,11556,1
26,2014-10-30,7052,1
27,2014-10-30,7928,1
28,2014-10-30,4003,1
29,2014-10-30,7319,1
30,2014-10-30,4475,1
31,2014-10-30,5326,1
33,2014-10-30,8084,1
34,2014-10-30,6318,1
35,2014-10-30,8482,1
37,2014-10-30,7485,1
38,2014-10-30,5087,1
39,2014-10-30,5586,1
40,2014-10-30,5573,1
42,2014-10-30,9384,1
43,2014-10-30,5712,1
44,2014-10-30,4828,1
45,2014-10-30,4489,1
47,2014-10-30,7103,1
48,2014-10-30,3464,1
49,2014-10-30,6811,1
50,2014-10-30,3311,1
1,2014-10-29,3761,1
2,2014-10-29,4986,1
3,2014-10-29,4716,1
4,2014-10-29,7810,1
5,2014-10-29,3944,1
6,2014-10-29,4411,1
7,2014-10-29,6747,1
8,2014-10-29,5042,1
9,2014-10-29,5615,1
10,2014-10-29,4402,1
11,2014-10-29,7136,1
12,2014-10-29,6156,1
14,2014-10-29,4409,1
15,2014-10-29,5538,1
16,2014-10-29,7011,1
17,2014-10-29,5394,1
18,2014-10-29,6084,1
19,2014-10-29,5179,1
21,2014-10-29,3179,1
23,2014-10-29,3838,1
24,2014-10-29,7726,1
25,2014-10-29,8312,1
26,2014-10-29,4997,1
27,2014-10-29,5955,1
28,2014-10-29,2976,1
29,2014-10-29,5445,1
30,2014-10-29,3407,1
31,2014-10-29,4865,1
33,2014-10-29,6328,1
34,2014-10-29,6423,1
35,2014-10-29,6751,1
37,2014-10-29,5259,1
38,2014-10-29,4397,1
39,2014-10-29,3937,1
40,2014-10-29,4063,1
42,2014-10-29,8767,1
43,2014-10-29,4813,1
44,2014-10-29,4513,1
45,2014-10-29,3614,1
47,2014-10-29,5901,1
48,2014-10-29,2706,1
49,2014-10-29,6274,1
50,2014-10-29,3123,1
1,2014-10-28,3364,1
2,2014-10-28,3849,1
3,2014-10-28,4745,1
4,2014-10-28,7543,1
5,2014-10-28,3504,1
6,2014-10-28,4225,1
7,2014-10-28,7681,1
8,2014-10-28,5477,1
9,2014-10-28,5272,1
10,2014-10-28,4910,1
11,2014-10-28,6191,1
12,2014-10-28,6506,1
14,2014-10-28,4548,1
15,2014-10-28,4989,1
16,2014-10-28,7421,1
17,2014-10-28,5598,1
18,2014-10-28,5613,1
19,2014-10-28,5577,1
21,2014-10-28,4019,1
23,2014-10-28,3559,1
24,2014-10-28,6531,1
25,2014-10-28,9082,1
26,2014-10-28,4743,1
27,2014-10-28,6535,1
28,2014-10-28,3132,1
29,2014-10-28,5477,1
30,2014-10-28,3805,1
31,2014-10-28,4861,1
33,2014-10-28,6326,1
34,2014-10-28,6439,1
35,2014-10-28,7002,1
37,2014-10-28,4717,1
38,2014-10-28,4323,1
39,2014-10-28,3479,1
40,2014-10-28,5065,1
42,2014-10-28,8791,1
43,2014-10-28,5262,1
44,2014-10-28,4082,1
45,2014-10-28,3286,1
47,2014-10-28,6589,1
48,2014-10-28,3143,1
49,2014-10-28,5289,1
50,2014-10-28,2421,1
1,2014-10-27,4260,1
2,2014-10-27,4296,1
3,2014-10-27,4848,1
4,2014-10-27,9172,1
5,2014-10-27,3687,1
6,2014-10-27,4200,1
7,2014-10-27,7226,1
8,2014-10-27,5067,1
9,2014-10-27,5824,1
10,2014-10-27,4800,1
11,2014-10-27,6332,1
12,2014-10-27,7311,1
14,2014-10-27,5093,1
15,2014-10-27,5669,1
16,2014-10-27,8066,1
17,2014-10-27,5109,1
18,2014-10-27,6195,1
19,2014-10-27,5093,1
21,2014-10-27,3844,1
23,2014-10-27,3687,1
24,2014-10-27,7927,1
25,2014-10-27,9500,1
26,2014-10-27,4791,1
27,2014-10-27,6862,1
28,2014-10-27,2637,1
29,2014-10-27,5889,1
30,2014-10-27,3264,1
31,2014-10-27,4833,1
33,2014-10-27,7152,1
34,2014-10-27,6941,1
35,2014-10-27,7863,1
37,2014-10-27,4992,1
38,2014-10-27,4035,1
39,2014-10-27,3975,1
40,2014-10-27,4718,1
42,2014-10-27,8537,1
43,2014-10-27,5164,1
44,2014-10-27,4565,1
45,2014-10-27,4268,1
47,2014-10-27,6434,1
48,2014-10-27,3511,1
49,2014-10-27,6208,1
50,2014-10-27,2790,1
1,2014-10-25,4596,1
2,2014-10-25,2542,1
3,2014-10-25,3266,1
4,2014-10-25,9414,1
5,2014-10-25,1697,1
6,2014-10-25,2861,1
7,2014-10-25,5106,1
8,2014-10-25,3128,1
9,2014-10-25,5969,1
10,2014-10-25,5062,1
11,2014-10-25,4909,1
12,2014-10-25,6150,1
14,2014-10-25,3413,1
15,2014-10-25,4421,1
16,2014-10-25,5039,1
17,2014-10-25,2973,1
18,2014-10-25,4710,1
19,2014-10-25,3436,1
21,2014-10-25,4874,1
23,2014-10-25,3691,1
24,2014-10-25,6213,1
25,2014-10-25,7455,1
26,2014-10-25,5211,1
27,2014-10-25,5990,1
28,2014-10-25,1521,1
29,2014-10-25,7462,1
30,2014-10-25,3526,1
31,2014-10-25,5197,1
33,2014-10-25,8287,1
34,2014-10-25,7360,1
35,2014-10-25,7554,1
37,2014-10-25,7595,1
38,2014-10-25,5324,1
39,2014-10-25,2631,1
40,2014-10-25,5634,1
42,2014-10-25,7551,1
43,2014-10-25,4086,1
44,2014-10-25,3667,1
45,2014-10-25,5109,1
47,2014-10-25,5399,1
48,2014-10-25,2561,1
49,2014-10-25,6942,1
50,2014-10-25,3752,1
1,2014-10-24,4196,1
2,2014-10-24,5096,1
3,2014-10-24,6251,1
4,2014-10-24,9016,1
5,2014-10-24,4878,1
6,2014-10-24,4848,1
7,2014-10-24,8601,1
8,2014-10-24,6330,1
9,2014-10-24,6881,1
10,2014-10-24,6059,1
11,2014-10-24,6829,1
12,2014-10-24,7713,1
14,2014-10-24,5372,1
15,2014-10-24,6839,1
16,2014-10-24,8338,1
17,2014-10-24,7066,1
18,2014-10-24,7529,1
19,2014-10-24,6947,1
21,2014-10-24,5932,1
23,2014-10-24,4548,1
24,2014-10-24,9166,1
25,2014-10-24,9591,1
26,2014-10-24,7231,1
27,2014-10-24,8982,1
28,2014-10-24,3576,1
29,2014-10-24,7733,1
30,2014-10-24,4315,1
31,2014-10-24,6321,1
33,2014-10-24,7873,1
34,2014-10-24,7505,1
35,2014-10-24,9695,1
37,2014-10-24,7241,1
38,2014-10-24,6222,1
39,2014-10-24,4238,1
40,2014-10-24,5160,1
42,2014-10-24,10384,1
43,2014-10-24,8006,1
44,2014-10-24,5852,1
45,2014-10-24,4870,1
47,2014-10-24,7339,1
48,2014-10-24,4132,1
49,2014-10-24,7643,1
50,2014-10-24,4233,1
1,2014-10-23,4466,1
2,2014-10-23,5729,1
3,2014-10-23,7177,1
4,2014-10-23,9364,1
5,2014-10-23,4179,1
6,2014-10-23,4679,1
7,2014-10-23,7376,1
8,2014-10-23,6936,1
9,2014-10-23,6343,1
10,2014-10-23,5836,1
11,2014-10-23,7323,1
12,2014-10-23,7553,1
14,2014-10-23,5598,1
15,2014-10-23,6355,1
16,2014-10-23,7258,1
17,2014-10-23,7627,1
18,2014-10-23,6630,1
19,2014-10-23,6523,1
21,2014-10-23,5697,1
23,2014-10-23,5638,1
24,2014-10-23,9336,1
25,2014-10-23,10529,1
26,2014-10-23,7454,1
27,2014-10-23,9922,1
28,2014-10-23,3887,1
29,2014-10-23,7147,1
30,2014-10-23,5506,1
31,2014-10-23,4693,1
33,2014-10-23,7365,1
34,2014-10-23,7949,1
35,2014-10-23,10015,1
37,2014-10-23,7000,1
38,2014-10-23,4991,1
39,2014-10-23,4990,1
40,2014-10-23,5384,1
42,2014-10-23,10814,1
43,2014-10-23,7084,1
44,2014-10-23,5314,1
45,2014-10-23,5527,1
47,2014-10-23,7280,1
48,2014-10-23,3531,1
49,2014-10-23,5842,1
50,2014-10-23,3881,1
1,2014-10-22,4868,1
2,2014-10-22,5261,1
3,2014-10-22,7380,1
4,2014-10-22,9547,1
5,2014-10-22,4628,1
6,2014-10-22,4454,1
7,2014-10-22,7589,1
8,2014-10-22,5869,1
9,2014-10-22,7098,1
10,2014-10-22,4773,1
11,2014-10-22,8314,1
12,2014-10-22,7894,1
14,2014-10-22,5657,1
15,2014-10-22,5232,1
16,2014-10-22,7675,1
17,2014-10-22,5803,1
18,2014-10-22,7046,1
19,2014-10-22,6244,1
21,2014-10-22,4903,1
23,2014-10-22,5226,1
24,2014-10-22,9469,1
25,2014-10-22,9587,1
26,2014-10-22,6733,1
27,2014-10-22,8588,1
28,2014-10-22,4101,1
29,2014-10-22,7832,1
30,2014-10-22,4231,1
31,2014-10-22,5681,1
33,2014-10-22,7301,1
34,2014-10-22,7617,1
35,2014-10-22,9717,1
37,2014-10-22,6715,1
38,2014-10-22,5797,1
39,2014-10-22,4985,1
40,2014-10-22,4914,1
42,2014-10-22,11563,1
43,2014-10-22,7092,1
44,2014-10-22,5119,1
45,2014-10-22,4457,1
47,2014-10-22,7634,1
48,2014-10-22,3109,1
49,2014-10-22,6730,1
50,2014-10-22,3993,1
1,2014-10-21,4678,1
2,2014-10-21,5382,1
3,2014-10-21,6855,1
4,2014-10-21,9786,1
5,2014-10-21,5310,1
6,2014-10-21,5111,1
7,2014-10-21,8801,1
8,2014-10-21,6081,1
9,2014-10-21,6977,1
10,2014-10-21,5604,1
11,2014-10-21,6533,1
12,2014-10-21,7206,1
14,2014-10-21,5954,1
15,2014-10-21,5777,1
16,2014-10-21,9268,1
17,2014-10-21,8098,1
18,2014-10-21,7342,1
19,2014-10-21,6777,1
21,2014-10-21,5760,1
23,2014-10-21,5726,1
24,2014-10-21,8533,1
25,2014-10-21,10815,1
26,2014-10-21,7353,1
27,2014-10-21,9592,1
28,2014-10-21,5793,1
29,2014-10-21,8232,1
30,2014-10-21,5313,1
31,2014-10-21,5555,1
33,2014-10-21,7789,1
34,2014-10-21,9071,1
35,2014-10-21,9889,1
37,2014-10-21,6922,1
38,2014-10-21,6028,1
39,2014-10-21,5170,1
40,2014-10-21,5132,1
42,2014-10-21,9565,1
43,2014-10-21,7011,1
44,2014-10-21,6410,1
45,2014-10-21,4687,1
47,2014-10-21,6930,1
48,2014-10-21,3682,1
49,2014-10-21,6419,1
50,2014-10-21,4316,1
1,2014-10-20,4652,1
2,2014-10-20,6631,1
3,2014-10-20,8266,1
4,2014-10-20,11357,1
5,2014-10-20,6096,1
6,2014-10-20,6329,1
7,2014-10-20,10681,1
8,2014-10-20,8561,1
9,2014-10-20,9754,1
10,2014-10-20,7410,1
11,2014-10-20,9125,1
12,2014-10-20,9121,1
14,2014-10-20,8042,1
15,2014-10-20,8064,1
16,2014-10-20,10194,1
17,2014-10-20,9377,1
18,2014-10-20,8628,1
19,2014-10-20,9172,1
21,2014-10-20,6112,1
23,2014-10-20,6503,1
24,2014-10-20,11796,1
25,2014-10-20,12449,1
26,2014-10-20,7863,1
27,2014-10-20,12041,1
28,2014-10-20,7156,1
29,2014-10-20,9949,1
30,2014-10-20,6341,1
31,2014-10-20,6809,1
33,2014-10-20,9178,1
34,2014-10-20,9530,1
35,2014-10-20,13119,1
37,2014-10-20,7502,1
38,2014-10-20,8377,1
39,2014-10-20,7303,1
40,2014-10-20,5075,1
42,2014-10-20,13237,1
43,2014-10-20,9334,1
44,2014-10-20,7915,1
45,2014-10-20,5848,1
47,2014-10-20,8103,1
48,2014-10-20,4311,1
49,2014-10-20,8854,1
50,2014-10-20,5742,1
1,2014-10-18,4169,1
2,2014-10-18,2613,1
3,2014-10-18,3367,1
4,2014-10-18,10166,1
5,2014-10-18,2441,1
6,2014-10-18,3346,1
7,2014-10-18,5810,1
8,2014-10-18,3355,1
9,2014-10-18,5533,1
10,2014-10-18,4816,1
11,2014-10-18,5270,1
12,2014-10-18,5914,1
14,2014-10-18,3073,1
15,2014-10-18,4814,1
16,2014-10-18,5892,1
17,2014-10-18,2892,1
18,2014-10-18,4386,1
19,2014-10-18,3697,1
21,2014-10-18,4249,1
23,2014-10-18,4269,1
24,2014-10-18,6509,1
25,2014-10-18,8045,1
26,2014-10-18,4965,1
27,2014-10-18,6102,1
28,2014-10-18,2478,1
29,2014-10-18,6136,1
30,2014-10-18,4366,1
31,2014-10-18,4812,1
33,2014-10-18,7849,1
34,2014-10-18,7437,1
35,2014-10-18,6389,1
37,2014-10-18,8407,1
38,2014-10-18,5571,1
39,2014-10-18,2367,1
40,2014-10-18,5637,1
42,2014-10-18,7342,1
43,2014-10-18,4338,1
44,2014-10-18,4181,1
45,2014-10-18,5440,1
47,2014-10-18,5772,1
48,2014-10-18,2419,1
49,2014-10-18,6424,1
50,2014-10-18,3499,1
1,2014-10-17,3720,1
2,2014-10-17,3852,1
3,2014-10-17,5485,1
4,2014-10-17,7947,1
5,2014-10-17,4499,1
6,2014-10-17,4532,1
7,2014-10-17,7895,1
8,2014-10-17,4318,1
9,2014-10-17,6110,1
10,2014-10-17,5317,1
11,2014-10-17,5867,1
12,2014-10-17,5511,1
14,2014-10-17,5076,1
15,2014-10-17,4920,1
16,2014-10-17,6796,1
17,2014-10-17,5043,1
18,2014-10-17,6962,1
19,2014-10-17,5171,1
21,2014-10-17,5016,1
23,2014-10-17,4505,1
24,2014-10-17,7975,1
25,2014-10-17,8563,1
26,2014-10-17,5610,1
27,2014-10-17,7552,1
28,2014-10-17,5050,1
29,2014-10-17,5583,1
30,2014-10-17,3486,1
31,2014-10-17,5648,1
33,2014-10-17,6515,1
34,2014-10-17,7199,1
35,2014-10-17,7203,1
37,2014-10-17,6344,1
38,2014-10-17,4042,1
39,2014-10-17,3038,1
40,2014-10-17,3930,1
42,2014-10-17,7493,1
43,2014-10-17,5509,1
44,2014-10-17,5003,1
45,2014-10-17,4517,1
47,2014-10-17,5191,1
48,2014-10-17,2946,1
49,2014-10-17,6078,1
50,2014-10-17,3809,1
1,2014-10-16,3430,1
2,2014-10-16,4288,1
3,2014-10-16,5271,1
4,2014-10-16,8008,1
5,2014-10-16,3653,1
6,2014-10-16,4386,1
7,2014-10-16,6394,1
8,2014-10-16,5516,1
9,2014-10-16,4944,1
10,2014-10-16,4876,1
11,2014-10-16,6217,1
12,2014-10-16,5590,1
14,2014-10-16,4546,1
15,2014-10-16,4859,1
16,2014-10-16,6541,1
17,2014-10-16,5003,1
18,2014-10-16,5551,1
19,2014-10-16,5098,1
21,2014-10-16,3818,1
23,2014-10-16,4467,1
24,2014-10-16,6497,1
25,2014-10-16,8831,1
26,2014-10-16,5002,1
27,2014-10-16,6178,1
28,2014-10-16,4640,1
29,2014-10-16,5882,1
30,2014-10-16,3453,1
31,2014-10-16,4643,1
33,2014-10-16,6581,1
34,2014-10-16,6151,1
35,2014-10-16,6282,1
37,2014-10-16,5289,1
38,2014-10-16,3801,1
39,2014-10-16,3510,1
40,2014-10-16,4134,1
42,2014-10-16,8128,1
43,2014-10-16,5228,1
44,2014-10-16,4120,1
45,2014-10-16,4503,1
47,2014-10-16,6200,1
48,2014-10-16,2990,1
49,2014-10-16,5586,1
50,2014-10-16,2981,1
1,2014-10-15,3775,1
2,2014-10-15,4732,1
3,2014-10-15,5008,1
4,2014-10-15,7843,1
5,2014-10-15,4486,1
6,2014-10-15,4490,1
7,2014-10-15,6913,1
8,2014-10-15,4404,1
9,2014-10-15,5378,1
10,2014-10-15,4508,1
11,2014-10-15,6539,1
12,2014-10-15,5730,1
14,2014-10-15,4831,1
15,2014-10-15,4463,1
16,2014-10-15,6464,1
17,2014-10-15,5512,1
18,2014-10-15,5908,1
19,2014-10-15,4732,1
21,2014-10-15,3393,1
23,2014-10-15,3575,1
24,2014-10-15,7346,1
25,2014-10-15,8572,1
26,2014-10-15,5044,1
27,2014-10-15,7436,1
28,2014-10-15,4573,1
29,2014-10-15,5433,1
30,2014-10-15,3281,1
31,2014-10-15,4206,1
33,2014-10-15,6500,1
34,2014-10-15,6309,1
35,2014-10-15,6211,1
37,2014-10-15,5128,1
38,2014-10-15,4136,1
39,2014-10-15,3653,1
40,2014-10-15,3894,1
42,2014-10-15,7984,1
43,2014-10-15,5240,1
44,2014-10-15,4348,1
45,2014-10-15,3792,1
47,2014-10-15,6121,1
48,2014-10-15,2610,1
49,2014-10-15,5440,1
50,2014-10-15,3200,1
1,2014-10-14,3681,1
2,2014-10-14,3982,1
3,2014-10-14,5114,1
4,2014-10-14,8166,1
5,2014-10-14,3640,1
6,2014-10-14,4597,1
7,2014-10-14,6897,1
8,2014-10-14,4754,1
9,2014-10-14,4956,1
10,2014-10-14,4852,1
11,2014-10-14,6670,1
12,2014-10-14,5732,1
14,2014-10-14,4950,1
15,2014-10-14,4617,1
16,2014-10-14,6666,1
17,2014-10-14,5927,1
18,2014-10-14,5428,1
19,2014-10-14,5352,1
21,2014-10-14,4053,1
23,2014-10-14,3640,1
24,2014-10-14,6790,1
25,2014-10-14,9013,1
26,2014-10-14,4289,1
27,2014-10-14,7043,1
28,2014-10-14,4926,1
29,2014-10-14,5099,1
30,2014-10-14,4105,1
31,2014-10-14,3779,1
33,2014-10-14,6308,1
34,2014-10-14,7109,1
35,2014-10-14,6724,1
37,2014-10-14,4614,1
38,2014-10-14,3666,1
39,2014-10-14,3738,1
40,2014-10-14,4327,1
42,2014-10-14,7733,1
43,2014-10-14,5306,1
44,2014-10-14,4663,1
45,2014-10-14,3535,1
47,2014-10-14,6026,1
48,2014-10-14,2717,1
49,2014-10-14,4617,1
50,2014-10-14,2686,1
1,2014-10-13,4033,1
2,2014-10-13,4377,1
3,2014-10-13,5035,1
4,2014-10-13,8947,1
5,2014-10-13,4127,1
6,2014-10-13,4691,1
7,2014-10-13,7752,1
8,2014-10-13,5053,1
9,2014-10-13,5550,1
10,2014-10-13,5521,1
11,2014-10-13,6293,1
12,2014-10-13,5833,1
14,2014-10-13,4721,1
15,2014-10-13,5301,1
16,2014-10-13,7298,1
17,2014-10-13,5175,1
18,2014-10-13,5801,1
19,2014-10-13,5721,1
21,2014-10-13,3517,1
23,2014-10-13,4480,1
24,2014-10-13,8039,1
25,2014-10-13,10051,1
26,2014-10-13,5096,1
27,2014-10-13,6480,1
28,2014-10-13,4639,1
29,2014-10-13,5808,1
30,2014-10-13,3823,1
31,2014-10-13,4976,1
33,2014-10-13,7025,1
34,2014-10-13,7500,1
35,2014-10-13,7303,1
37,2014-10-13,4438,1
38,2014-10-13,4346,1
39,2014-10-13,3957,1
40,2014-10-13,4275,1
42,2014-10-13,8155,1
43,2014-10-13,5500,1
44,2014-10-13,4642,1
45,2014-10-13,4187,1
47,2014-10-13,6053,1
48,2014-10-13,3314,1
49,2014-10-13,5524,1
50,2014-10-13,3583,1
1,2014-10-11,4743,1
2,2014-10-11,2497,1
3,2014-10-11,3697,1
4,2014-10-11,10048,1
5,2014-10-11,1837,1
6,2014-10-11,3269,1
7,2014-10-11,5585,1
8,2014-10-11,3688,1
9,2014-10-11,5948,1
10,2014-10-11,4898,1
11,2014-10-11,5420,1
12,2014-10-11,7065,1
14,2014-10-11,2657,1
15,2014-10-11,5372,1
16,2014-10-11,5135,1
17,2014-10-11,2677,1
18,2014-10-11,5033,1
19,2014-10-11,4229,1
21,2014-10-11,4576,1
23,2014-10-11,4967,1
24,2014-10-11,6970,1
25,2014-10-11,8446,1
26,2014-10-11,5156,1
27,2014-10-11,6820,1
28,2014-10-11,2653,1
29,2014-10-11,6589,1
30,2014-10-11,4465,1
31,2014-10-11,4868,1
33,2014-10-11,7385,1
34,2014-10-11,7690,1
35,2014-10-11,6945,1
37,2014-10-11,7935,1
38,2014-10-11,6041,1
39,2014-10-11,2338,1
40,2014-10-11,6327,1
42,2014-10-11,7950,1
43,2014-10-11,4482,1
44,2014-10-11,3092,1
45,2014-10-11,5534,1
47,2014-10-11,5751,1
48,2014-10-11,2483,1
49,2014-10-11,7030,1
50,2014-10-11,3694,1
1,2014-10-10,4396,1
2,2014-10-10,4907,1
3,2014-10-10,7448,1
4,2014-10-10,9501,1
5,2014-10-10,5138,1
6,2014-10-10,5824,1
7,2014-10-10,10191,1
8,2014-10-10,6394,1
9,2014-10-10,7570,1
10,2014-10-10,6059,1
11,2014-10-10,7981,1
12,2014-10-10,8770,1
14,2014-10-10,5716,1
15,2014-10-10,7629,1
16,2014-10-10,7950,1
17,2014-10-10,7119,1
18,2014-10-10,7566,1
19,2014-10-10,7300,1
21,2014-10-10,6385,1
23,2014-10-10,6320,1
24,2014-10-10,9848,1
25,2014-10-10,10636,1
26,2014-10-10,7414,1
27,2014-10-10,10215,1
28,2014-10-10,6382,1
29,2014-10-10,8123,1
30,2014-10-10,4619,1
31,2014-10-10,6812,1
33,2014-10-10,7765,1
34,2014-10-10,8357,1
35,2014-10-10,9777,1
37,2014-10-10,7860,1
38,2014-10-10,5696,1
39,2014-10-10,4741,1
40,2014-10-10,5456,1
42,2014-10-10,10747,1
43,2014-10-10,8076,1
44,2014-10-10,5824,1
45,2014-10-10,5813,1
47,2014-10-10,8527,1
48,2014-10-10,4859,1
49,2014-10-10,8322,1
50,2014-10-10,5385,1
1,2014-10-09,4654,1
2,2014-10-09,5283,1
3,2014-10-09,7206,1
4,2014-10-09,8763,1
5,2014-10-09,5469,1
6,2014-10-09,5066,1
7,2014-10-09,9132,1
8,2014-10-09,7586,1
9,2014-10-09,6628,1
10,2014-10-09,6334,1
11,2014-10-09,8683,1
12,2014-10-09,9326,1
14,2014-10-09,5832,1
15,2014-10-09,7072,1
16,2014-10-09,8354,1
17,2014-10-09,7357,1
18,2014-10-09,6462,1
19,2014-10-09,6837,1
21,2014-10-09,5776,1
23,2014-10-09,5721,1
24,2014-10-09,9736,1
25,2014-10-09,11469,1
26,2014-10-09,7522,1
27,2014-10-09,10113,1
28,2014-10-09,6409,1
29,2014-10-09,7370,1
30,2014-10-09,5816,1
31,2014-10-09,6253,1
33,2014-10-09,8323,1
34,2014-10-09,8009,1
35,2014-10-09,10548,1
37,2014-10-09,7497,1
38,2014-10-09,6282,1
39,2014-10-09,5504,1
40,2014-10-09,5625,1
42,2014-10-09,10831,1
43,2014-10-09,7657,1
44,2014-10-09,6207,1
45,2014-10-09,5572,1
47,2014-10-09,9129,1
48,2014-10-09,4097,1
49,2014-10-09,6902,1
50,2014-10-09,4135,1
1,2014-10-08,4944,1
2,2014-10-08,6252,1
3,2014-10-08,8472,1
4,2014-10-08,9189,1
5,2014-10-08,5399,1
6,2014-10-08,5778,1
7,2014-10-08,9482,1
8,2014-10-08,6783,1
9,2014-10-08,7221,1
10,2014-10-08,5903,1
11,2014-10-08,9496,1
12,2014-10-08,9021,1
14,2014-10-08,5557,1
15,2014-10-08,6945,1
16,2014-10-08,8650,1
17,2014-10-08,7830,1
18,2014-10-08,7666,1
19,2014-10-08,6290,1
21,2014-10-08,5867,1
23,2014-10-08,5923,1
24,2014-10-08,9558,1
25,2014-10-08,11290,1
26,2014-10-08,7191,1
27,2014-10-08,10640,1
28,2014-10-08,6023,1
29,2014-10-08,7987,1
30,2014-10-08,4486,1
31,2014-10-08,6379,1
33,2014-10-08,7174,1
34,2014-10-08,7988,1
35,2014-10-08,9363,1
37,2014-10-08,6572,1
38,2014-10-08,6822,1
39,2014-10-08,5531,1
40,2014-10-08,4516,1
42,2014-10-08,10599,1
43,2014-10-08,6760,1
44,2014-10-08,6108,1
45,2014-10-08,5417,1
47,2014-10-08,9328,1
48,2014-10-08,3976,1
49,2014-10-08,7863,1
50,2014-10-08,5041,1
1,2014-10-07,5439,1
2,2014-10-07,5808,1
3,2014-10-07,7699,1
4,2014-10-07,9648,1
5,2014-10-07,6693,1
6,2014-10-07,5981,1
7,2014-10-07,10890,1
8,2014-10-07,6435,1
9,2014-10-07,7855,1
10,2014-10-07,6298,1
11,2014-10-07,7571,1
12,2014-10-07,8389,1
14,2014-10-07,5954,1
15,2014-10-07,7390,1
16,2014-10-07,8295,1
17,2014-10-07,9867,1
18,2014-10-07,6965,1
19,2014-10-07,7921,1
21,2014-10-07,6183,1
23,2014-10-07,5635,1
24,2014-10-07,9287,1
25,2014-10-07,12031,1
26,2014-10-07,8091,1
27,2014-10-07,10849,1
28,2014-10-07,6335,1
29,2014-10-07,8301,1
30,2014-10-07,5898,1
31,2014-10-07,6843,1
33,2014-10-07,8218,1
34,2014-10-07,8496,1
35,2014-10-07,11059,1
37,2014-10-07,7450,1
38,2014-10-07,6723,1
39,2014-10-07,5849,1
40,2014-10-07,5557,1
42,2014-10-07,10596,1
43,2014-10-07,7542,1
44,2014-10-07,6479,1
45,2014-10-07,5340,1
47,2014-10-07,8359,1
48,2014-10-07,3992,1
49,2014-10-07,8634,1
50,2014-10-07,4625,1
1,2014-10-06,5402,1
2,2014-10-06,7562,1
3,2014-10-06,10598,1
4,2014-10-06,10575,1
5,2014-10-06,7688,1
6,2014-10-06,7346,1
7,2014-10-06,12601,1
8,2014-10-06,10198,1
9,2014-10-06,9752,1
10,2014-10-06,7405,1
11,2014-10-06,9653,1
12,2014-10-06,9356,1
14,2014-10-06,7684,1
15,2014-10-06,8189,1
16,2014-10-06,9870,1
17,2014-10-06,11180,1
18,2014-10-06,9738,1
19,2014-10-06,9589,1
21,2014-10-06,6920,1
23,2014-10-06,8132,1
24,2014-10-06,13482,1
25,2014-10-06,14501,1
26,2014-10-06,10138,1
27,2014-10-06,14696,1
28,2014-10-06,9018,1
29,2014-10-06,11262,1
30,2014-10-06,7432,1
31,2014-10-06,7310,1
33,2014-10-06,9593,1
34,2014-10-06,9826,1
35,2014-10-06,15354,1
37,2014-10-06,8259,1
38,2014-10-06,11016,1
39,2014-10-06,8306,1
40,2014-10-06,5583,1
42,2014-10-06,14544,1
43,2014-10-06,9632,1
44,2014-10-06,7727,1
45,2014-10-06,7057,1
47,2014-10-06,9339,1
48,2014-10-06,5613,1
49,2014-10-06,9656,1
50,2014-10-06,6564,1
1,2014-10-04,5355,1
2,2014-10-04,2979,1
3,2014-10-04,5420,1
4,2014-10-04,11694,1
5,2014-10-04,2692,1
6,2014-10-04,4176,1
7,2014-10-04,7678,1
8,2014-10-04,4208,1
9,2014-10-04,7277,1
10,2014-10-04,5966,1
11,2014-10-04,7824,1
12,2014-10-04,6217,1
14,2014-10-04,4803,1
15,2014-10-04,6637,1
16,2014-10-04,5922,1
17,2014-10-04,3880,1
18,2014-10-04,6462,1
19,2014-10-04,5210,1
21,2014-10-04,5172,1
23,2014-10-04,5249,1
24,2014-10-04,8643,1
25,2014-10-04,10341,1
26,2014-10-04,7989,1
27,2014-10-04,8944,1
28,2014-10-04,3522,1
29,2014-10-04,8063,1
30,2014-10-04,5252,1
31,2014-10-04,7127,1
33,2014-10-04,10384,1
34,2014-10-04,8400,1
35,2014-10-04,9263,1
37,2014-10-04,9414,1
38,2014-10-04,6863,1
39,2014-10-04,3751,1
40,2014-10-04,6307,1
42,2014-10-04,9630,1
43,2014-10-04,6262,1
44,2014-10-04,4159,1
45,2014-10-04,5982,1
47,2014-10-04,7346,1
48,2014-10-04,3173,1
49,2014-10-04,8527,1
50,2014-10-04,5435,1
2,2014-10-03,2689,1
7,2014-10-03,3335,1
1,2014-10-02,5400,1
2,2014-10-02,4845,1
3,2014-10-02,8565,1
4,2014-10-02,12297,1
5,2014-10-02,5994,1
6,2014-10-02,6545,1
7,2014-10-02,10196,1
8,2014-10-02,8234,1
9,2014-10-02,8272,1
10,2014-10-02,7145,1
11,2014-10-02,8608,1
12,2014-10-02,6590,1
14,2014-10-02,6817,1
15,2014-10-02,7712,1
16,2014-10-02,8920,1
17,2014-10-02,7808,1
18,2014-10-02,7141,1
19,2014-10-02,8909,1
21,2014-10-02,5743,1
23,2014-10-02,7429,1
24,2014-10-02,11929,1
25,2014-10-02,14849,1
26,2014-10-02,9221,1
27,2014-10-02,11193,1
28,2014-10-02,7174,1
29,2014-10-02,9808,1
30,2014-10-02,6705,1
31,2014-10-02,7534,1
33,2014-10-02,10203,1
34,2014-10-02,9691,1
35,2014-10-02,11806,1
37,2014-10-02,8916,1
38,2014-10-02,7198,1
39,2014-10-02,6605,1
40,2014-10-02,5492,1
42,2014-10-02,11808,1
43,2014-10-02,7633,1
44,2014-10-02,6765,1
45,2014-10-02,6008,1
47,2014-10-02,8770,1
48,2014-10-02,4089,1
49,2014-10-02,10296,1
50,2014-10-02,5131,1
1,2014-10-01,4712,1
2,2014-10-01,5565,1
3,2014-10-01,8331,1
4,2014-10-01,10560,1
5,2014-10-01,6384,1
6,2014-10-01,6808,1
7,2014-10-01,9547,1
8,2014-10-01,6826,1
9,2014-10-01,8402,1
10,2014-10-01,6982,1
11,2014-10-01,9714,1
12,2014-10-01,6381,1
14,2014-10-01,5393,1
15,2014-10-01,6747,1
16,2014-10-01,9458,1
17,2014-10-01,7472,1
18,2014-10-01,7527,1
19,2014-10-01,8372,1
21,2014-10-01,4958,1
23,2014-10-01,6370,1
24,2014-10-01,10529,1
25,2014-10-01,13040,1
26,2014-10-01,8525,1
27,2014-10-01,10718,1
28,2014-10-01,6823,1
29,2014-10-01,9492,1
30,2014-10-01,5620,1
31,2014-10-01,7069,1
33,2014-10-01,9984,1
34,2014-10-01,9363,1
35,2014-10-01,10005,1
37,2014-10-01,7830,1
38,2014-10-01,6774,1
39,2014-10-01,6495,1
40,2014-10-01,5354,1
42,2014-10-01,11141,1
43,2014-10-01,6884,1
44,2014-10-01,7118,1
45,2014-10-01,6164,1
47,2014-10-01,8794,1
48,2014-10-01,4794,1
49,2014-10-01,8450,1
50,2014-10-01,4626,1
1,2014-09-30,4919,1
2,2014-09-30,8461,1
3,2014-09-30,12260,1
4,2014-09-30,12659,1
5,2014-09-30,6633,1
6,2014-09-30,7320,1
7,2014-09-30,12636,1
8,2014-09-30,9061,1
9,2014-09-30,8663,1
10,2014-09-30,6790,1
11,2014-09-30,10627,1
12,2014-09-30,11440,1
14,2014-09-30,8444,1
15,2014-09-30,10574,1
16,2014-09-30,10286,1
17,2014-09-30,11566,1
18,2014-09-30,10042,1
19,2014-09-30,9442,1
21,2014-09-30,9405,1
23,2014-09-30,6134,1
24,2014-09-30,16957,1
25,2014-09-30,15395,1
26,2014-09-30,9090,1
27,2014-09-30,18037,1
28,2014-09-30,7463,1
29,2014-09-30,10997,1
30,2014-09-30,6696,1
31,2014-09-30,7600,1
33,2014-09-30,10898,1
34,2014-09-30,10466,1
35,2014-09-30,16933,1
37,2014-09-30,8539,1
38,2014-09-30,8067,1
39,2014-09-30,7428,1
40,2014-09-30,5567,1
42,2014-09-30,16693,1
43,2014-09-30,10856,1
44,2014-09-30,6651,1
45,2014-09-30,6427,1
47,2014-09-30,11421,1
48,2014-09-30,4579,1
49,2014-09-30,8694,1
50,2014-09-30,5636,1
1,2014-09-29,5280,1
2,2014-09-29,7514,1
3,2014-09-29,10066,1
4,2014-09-29,10201,1
5,2014-09-29,6274,1
6,2014-09-29,6397,1
7,2014-09-29,11224,1
8,2014-09-29,8630,1
9,2014-09-29,8992,1
10,2014-09-29,7302,1
11,2014-09-29,9245,1
12,2014-09-29,11440,1
14,2014-09-29,7862,1
15,2014-09-29,9761,1
16,2014-09-29,9619,1
17,2014-09-29,9894,1
18,2014-09-29,9533,1
19,2014-09-29,8991,1
21,2014-09-29,8894,1
23,2014-09-29,6873,1
24,2014-09-29,12635,1
25,2014-09-29,13633,1
26,2014-09-29,9379,1
27,2014-09-29,14696,1
28,2014-09-29,8454,1
29,2014-09-29,11333,1
30,2014-09-29,6370,1
31,2014-09-29,7123,1
33,2014-09-29,9961,1
34,2014-09-29,9855,1
35,2014-09-29,15047,1
37,2014-09-29,8132,1
38,2014-09-29,9115,1
39,2014-09-29,7295,1
40,2014-09-29,5230,1
42,2014-09-29,13908,1
43,2014-09-29,9971,1
44,2014-09-29,7053,1
45,2014-09-29,6692,1
47,2014-09-29,9102,1
48,2014-09-29,4856,1
49,2014-09-29,9231,1
50,2014-09-29,5427,1
1,2014-09-27,3914,1
2,2014-09-27,2725,1
3,2014-09-27,3846,1
4,2014-09-27,9405,1
5,2014-09-27,2000,1
6,2014-09-27,2872,1
7,2014-09-27,5945,1
8,2014-09-27,3380,1
9,2014-09-27,6313,1
10,2014-09-27,4113,1
11,2014-09-27,6280,1
12,2014-09-27,6266,1
14,2014-09-27,3792,1
15,2014-09-27,5047,1
16,2014-09-27,4385,1
17,2014-09-27,2916,1
18,2014-09-27,3967,1
19,2014-09-27,3860,1
21,2014-09-27,4516,1
23,2014-09-27,4125,1
24,2014-09-27,6852,1
25,2014-09-27,7700,1
26,2014-09-27,5446,1
27,2014-09-27,7170,1
28,2014-09-27,2627,1
29,2014-09-27,7073,1
30,2014-09-27,4132,1
31,2014-09-27,4907,1
33,2014-09-27,7666,1
34,2014-09-27,7775,1
35,2014-09-27,6745,1
37,2014-09-27,6804,1
38,2014-09-27,5685,1
39,2014-09-27,2422,1
40,2014-09-27,5024,1
42,2014-09-27,7749,1
43,2014-09-27,3927,1
44,2014-09-27,3622,1
45,2014-09-27,5505,1
47,2014-09-27,5076,1
48,2014-09-27,2403,1
49,2014-09-27,6588,1
50,2014-09-27,4168,1
1,2014-09-26,3518,1
2,2014-09-26,3583,1
3,2014-09-26,4853,1
4,2014-09-26,6948,1
5,2014-09-26,3660,1
6,2014-09-26,4521,1
7,2014-09-26,6956,1
8,2014-09-26,5186,1
9,2014-09-26,5993,1
10,2014-09-26,4750,1
11,2014-09-26,6174,1
12,2014-09-26,5599,1
14,2014-09-26,5050,1
15,2014-09-26,5870,1
16,2014-09-26,6270,1
17,2014-09-26,4686,1
18,2014-09-26,6300,1
19,2014-09-26,5741,1
21,2014-09-26,4024,1
23,2014-09-26,4070,1
24,2014-09-26,7661,1
25,2014-09-26,8176,1
26,2014-09-26,5982,1
27,2014-09-26,7082,1
28,2014-09-26,4517,1
29,2014-09-26,6441,1
30,2014-09-26,3731,1
31,2014-09-26,5587,1
33,2014-09-26,6815,1
34,2014-09-26,6664,1
35,2014-09-26,7968,1
37,2014-09-26,5348,1
38,2014-09-26,4666,1
39,2014-09-26,3459,1
40,2014-09-26,3499,1
42,2014-09-26,7932,1
43,2014-09-26,6411,1
44,2014-09-26,4429,1
45,2014-09-26,4044,1
47,2014-09-26,6117,1
48,2014-09-26,3555,1
49,2014-09-26,6343,1
50,2014-09-26,2935,1
1,2014-09-25,2462,1
2,2014-09-25,3911,1
3,2014-09-25,4575,1
4,2014-09-25,6629,1
5,2014-09-25,3629,1
6,2014-09-25,3977,1
7,2014-09-25,6444,1
8,2014-09-25,5233,1
9,2014-09-25,4950,1
10,2014-09-25,4547,1
11,2014-09-25,5538,1
12,2014-09-25,5371,1
14,2014-09-25,4869,1
15,2014-09-25,4613,1
16,2014-09-25,6105,1
17,2014-09-25,4793,1
18,2014-09-25,5518,1
19,2014-09-25,5360,1
21,2014-09-25,3586,1
23,2014-09-25,3867,1
24,2014-09-25,7144,1
25,2014-09-25,8215,1
26,2014-09-25,4747,1
27,2014-09-25,6184,1
28,2014-09-25,4250,1
29,2014-09-25,4947,1
30,2014-09-25,3772,1
31,2014-09-25,4467,1
33,2014-09-25,6522,1
34,2014-09-25,6347,1
35,2014-09-25,6602,1
37,2014-09-25,4710,1
38,2014-09-25,4123,1
39,2014-09-25,2873,1
40,2014-09-25,4307,1
42,2014-09-25,7316,1
43,2014-09-25,5415,1
44,2014-09-25,4312,1
45,2014-09-25,3686,1
47,2014-09-25,5501,1
48,2014-09-25,3007,1
49,2014-09-25,5329,1
50,2014-09-25,2653,1
1,2014-09-24,3405,1
2,2014-09-24,5084,1
3,2014-09-24,4620,1
4,2014-09-24,6440,1
5,2014-09-24,4265,1
6,2014-09-24,3951,1
7,2014-09-24,6814,1
8,2014-09-24,5021,1
9,2014-09-24,5136,1
10,2014-09-24,4679,1
11,2014-09-24,6359,1
12,2014-09-24,5168,1
14,2014-09-24,4074,1
15,2014-09-24,4369,1
16,2014-09-24,6192,1
17,2014-09-24,4715,1
18,2014-09-24,5018,1
19,2014-09-24,4895,1
21,2014-09-24,4770,1
23,2014-09-24,3446,1
24,2014-09-24,7372,1
25,2014-09-24,7664,1
26,2014-09-24,3903,1
27,2014-09-24,6482,1
28,2014-09-24,4028,1
29,2014-09-24,5493,1
30,2014-09-24,2986,1
31,2014-09-24,4120,1
33,2014-09-24,5798,1
34,2014-09-24,6542,1
35,2014-09-24,6752,1
37,2014-09-24,4322,1
38,2014-09-24,3257,1
39,2014-09-24,3004,1
40,2014-09-24,3538,1
42,2014-09-24,8750,1
43,2014-09-24,4754,1
44,2014-09-24,4484,1
45,2014-09-24,3015,1
47,2014-09-24,5883,1
48,2014-09-24,2866,1
49,2014-09-24,5586,1
50,2014-09-24,2618,1
1,2014-09-23,3407,1
2,2014-09-23,3874,1
3,2014-09-23,5026,1
4,2014-09-23,7543,1
5,2014-09-23,3338,1
6,2014-09-23,4896,1
7,2014-09-23,7698,1
8,2014-09-23,5135,1
9,2014-09-23,4841,1
10,2014-09-23,4787,1
11,2014-09-23,6092,1
12,2014-09-23,5421,1
14,2014-09-23,4676,1
15,2014-09-23,4928,1
16,2014-09-23,6196,1
17,2014-09-23,5259,1
18,2014-09-23,4772,1
19,2014-09-23,5261,1
21,2014-09-23,3236,1
23,2014-09-23,3597,1
24,2014-09-23,6738,1
25,2014-09-23,8350,1
26,2014-09-23,4576,1
27,2014-09-23,7396,1
28,2014-09-23,4741,1
29,2014-09-23,5312,1
30,2014-09-23,3696,1
31,2014-09-23,3950,1
33,2014-09-23,6202,1
34,2014-09-23,6506,1
35,2014-09-23,6540,1
37,2014-09-23,4007,1
38,2014-09-23,3539,1
39,2014-09-23,3780,1
40,2014-09-23,4746,1
42,2014-09-23,8140,1
43,2014-09-23,4644,1
44,2014-09-23,4907,1
45,2014-09-23,3279,1
47,2014-09-23,6048,1
48,2014-09-23,3433,1
49,2014-09-23,5073,1
50,2014-09-23,2447,1
1,2014-09-22,3982,1
2,2014-09-22,4004,1
3,2014-09-22,4658,1
4,2014-09-22,8184,1
5,2014-09-22,4039,1
6,2014-09-22,4131,1
7,2014-09-22,6562,1
8,2014-09-22,4737,1
9,2014-09-22,5599,1
10,2014-09-22,5177,1
11,2014-09-22,6631,1
12,2014-09-22,6217,1
14,2014-09-22,5147,1
15,2014-09-22,5307,1
16,2014-09-22,7277,1
17,2014-09-22,5041,1
18,2014-09-22,5785,1
19,2014-09-22,4957,1
21,2014-09-22,3937,1
23,2014-09-22,4337,1
24,2014-09-22,7736,1
25,2014-09-22,9236,1
26,2014-09-22,5160,1
27,2014-09-22,6250,1
28,2014-09-22,4420,1
29,2014-09-22,5939,1
30,2014-09-22,3497,1
31,2014-09-22,5027,1
33,2014-09-22,6773,1
34,2014-09-22,6425,1
35,2014-09-22,7708,1
37,2014-09-22,4822,1
38,2014-09-22,4559,1
39,2014-09-22,3342,1
40,2014-09-22,4052,1
42,2014-09-22,7847,1
43,2014-09-22,5791,1
44,2014-09-22,4964,1
45,2014-09-22,3777,1
47,2014-09-22,6245,1
48,2014-09-22,3502,1
49,2014-09-22,5721,1
50,2014-09-22,2731,1
1,2014-09-20,3911,1
2,2014-09-20,2473,1
3,2014-09-20,3574,1
4,2014-09-20,10044,1
5,2014-09-20,1946,1
6,2014-09-20,3079,1
7,2014-09-20,5582,1
8,2014-09-20,2626,1
9,2014-09-20,5770,1
10,2014-09-20,5075,1
11,2014-09-20,6271,1
12,2014-09-20,6271,1
14,2014-09-20,3280,1
15,2014-09-20,4689,1
16,2014-09-20,5057,1
17,2014-09-20,2347,1
18,2014-09-20,3978,1
19,2014-09-20,3774,1
21,2014-09-20,4953,1
23,2014-09-20,3810,1
24,2014-09-20,6565,1
25,2014-09-20,7800,1
26,2014-09-20,5132,1
27,2014-09-20,6304,1
28,2014-09-20,2561,1
29,2014-09-20,6766,1
30,2014-09-20,4095,1
31,2014-09-20,4914,1
33,2014-09-20,7373,1
34,2014-09-20,6956,1
35,2014-09-20,7921,1
37,2014-09-20,7924,1
38,2014-09-20,5652,1
39,2014-09-20,2459,1
40,2014-09-20,4680,1
42,2014-09-20,7271,1
43,2014-09-20,4474,1
44,2014-09-20,4238,1
45,2014-09-20,4900,1
47,2014-09-20,5898,1
48,2014-09-20,2202,1
49,2014-09-20,6802,1
50,2014-09-20,3417,1
1,2014-09-19,4128,1
2,2014-09-19,4491,1
3,2014-09-19,7729,1
4,2014-09-19,8995,1
5,2014-09-19,4899,1
6,2014-09-19,5151,1
7,2014-09-19,9661,1
8,2014-09-19,5685,1
9,2014-09-19,7345,1
10,2014-09-19,5512,1
11,2014-09-19,7058,1
12,2014-09-19,7426,1
14,2014-09-19,6042,1
15,2014-09-19,6557,1
16,2014-09-19,7856,1
17,2014-09-19,6718,1
18,2014-09-19,7138,1
19,2014-09-19,7365,1
21,2014-09-19,6370,1
23,2014-09-19,5930,1
24,2014-09-19,8875,1
25,2014-09-19,9444,1
26,2014-09-19,7009,1
27,2014-09-19,9059,1
28,2014-09-19,5386,1
29,2014-09-19,7793,1
30,2014-09-19,3931,1
31,2014-09-19,5965,1
33,2014-09-19,8192,1
34,2014-09-19,7751,1
35,2014-09-19,9967,1
37,2014-09-19,8363,1
38,2014-09-19,6298,1
39,2014-09-19,4963,1
40,2014-09-19,4594,1
42,2014-09-19,10406,1
43,2014-09-19,7307,1
44,2014-09-19,6530,1
45,2014-09-19,5104,1
47,2014-09-19,7509,1
48,2014-09-19,3965,1
49,2014-09-19,8339,1
50,2014-09-19,4371,1
1,2014-09-18,3740,1
2,2014-09-18,4994,1
3,2014-09-18,7563,1
4,2014-09-18,8958,1
5,2014-09-18,5003,1
6,2014-09-18,5372,1
7,2014-09-18,8645,1
8,2014-09-18,6552,1
9,2014-09-18,5796,1
10,2014-09-18,5511,1
11,2014-09-18,7472,1
12,2014-09-18,7549,1
14,2014-09-18,5620,1
15,2014-09-18,6260,1
16,2014-09-18,7921,1
17,2014-09-18,6602,1
18,2014-09-18,6786,1
19,2014-09-18,7109,1
21,2014-09-18,4974,1
23,2014-09-18,5718,1
24,2014-09-18,8317,1
25,2014-09-18,10073,1
26,2014-09-18,7382,1
27,2014-09-18,9500,1
28,2014-09-18,6424,1
29,2014-09-18,7602,1
30,2014-09-18,5157,1
31,2014-09-18,5686,1
33,2014-09-18,6562,1
34,2014-09-18,6988,1
35,2014-09-18,9636,1
37,2014-09-18,6236,1
38,2014-09-18,5812,1
39,2014-09-18,4963,1
40,2014-09-18,4681,1
42,2014-09-18,9561,1
43,2014-09-18,7821,1
44,2014-09-18,5962,1
45,2014-09-18,4767,1
47,2014-09-18,6961,1
48,2014-09-18,3220,1
49,2014-09-18,7093,1
50,2014-09-18,4300,1
1,2014-09-17,4383,1
2,2014-09-17,6469,1
3,2014-09-17,8034,1
4,2014-09-17,8594,1
5,2014-09-17,5685,1
6,2014-09-17,5298,1
7,2014-09-17,8614,1
8,2014-09-17,6038,1
9,2014-09-17,6152,1
10,2014-09-17,5714,1
11,2014-09-17,8334,1
12,2014-09-17,7610,1
14,2014-09-17,5298,1
15,2014-09-17,6488,1
16,2014-09-17,7908,1
17,2014-09-17,7092,1
18,2014-09-17,7212,1
19,2014-09-17,6694,1
21,2014-09-17,5710,1
23,2014-09-17,5617,1
24,2014-09-17,9067,1
25,2014-09-17,10277,1
26,2014-09-17,6582,1
27,2014-09-17,10609,1
28,2014-09-17,5314,1
29,2014-09-17,7053,1
30,2014-09-17,4844,1
31,2014-09-17,5287,1
33,2014-09-17,6724,1
34,2014-09-17,8145,1
35,2014-09-17,9648,1
37,2014-09-17,5862,1
38,2014-09-17,5198,1
39,2014-09-17,5132,1
40,2014-09-17,4522,1
42,2014-09-17,11104,1
43,2014-09-17,6882,1
44,2014-09-17,7617,1
45,2014-09-17,5113,1
47,2014-09-17,8095,1
48,2014-09-17,3823,1
49,2014-09-17,7472,1
50,2014-09-17,3709,1
1,2014-09-16,4381,1
2,2014-09-16,6207,1
3,2014-09-16,8607,1
4,2014-09-16,9140,1
5,2014-09-16,5438,1
6,2014-09-16,5947,1
7,2014-09-16,11201,1
8,2014-09-16,7046,1
9,2014-09-16,7089,1
10,2014-09-16,6124,1
11,2014-09-16,8144,1
12,2014-09-16,8632,1
14,2014-09-16,6211,1
15,2014-09-16,6226,1
16,2014-09-16,9340,1
17,2014-09-16,9010,1
18,2014-09-16,7525,1
19,2014-09-16,7774,1
21,2014-09-16,6415,1
23,2014-09-16,6336,1
24,2014-09-16,10465,1
25,2014-09-16,11821,1
26,2014-09-16,7052,1
27,2014-09-16,11751,1
28,2014-09-16,6678,1
29,2014-09-16,9022,1
30,2014-09-16,6319,1
31,2014-09-16,6105,1
33,2014-09-16,8932,1
34,2014-09-16,8588,1
35,2014-09-16,11412,1
37,2014-09-16,6399,1
38,2014-09-16,7020,1
39,2014-09-16,5456,1
40,2014-09-16,5893,1
42,2014-09-16,10773,1
43,2014-09-16,8542,1
44,2014-09-16,7997,1
45,2014-09-16,5058,1
47,2014-09-16,8020,1
48,2014-09-16,4435,1
49,2014-09-16,8721,1
50,2014-09-16,4666,1
1,2014-09-15,4611,1
2,2014-09-15,6997,1
3,2014-09-15,10098,1
4,2014-09-15,11450,1
5,2014-09-15,7797,1
6,2014-09-15,6826,1
7,2014-09-15,11534,1
8,2014-09-15,8513,1
9,2014-09-15,9517,1
10,2014-09-15,7583,1
11,2014-09-15,9531,1
12,2014-09-15,11150,1
14,2014-09-15,7621,1
15,2014-09-15,8315,1
16,2014-09-15,10679,1
17,2014-09-15,10743,1
18,2014-09-15,9193,1
19,2014-09-15,9408,1
21,2014-09-15,9813,1
23,2014-09-15,8124,1
24,2014-09-15,13285,1
25,2014-09-15,12388,1
26,2014-09-15,10326,1
27,2014-09-15,13715,1
28,2014-09-15,8079,1
29,2014-09-15,12321,1
30,2014-09-15,6642,1
31,2014-09-15,6145,1
33,2014-09-15,10080,1
34,2014-09-15,9431,1
35,2014-09-15,13585,1
37,2014-09-15,8568,1
38,2014-09-15,8078,1
39,2014-09-15,7197,1
40,2014-09-15,5339,1
42,2014-09-15,13840,1
43,2014-09-15,9131,1
44,2014-09-15,9900,1
45,2014-09-15,5983,1
47,2014-09-15,8615,1
48,2014-09-15,4972,1
49,2014-09-15,10707,1
50,2014-09-15,5396,1
1,2014-09-13,4270,1
2,2014-09-13,2593,1
3,2014-09-13,3737,1
4,2014-09-13,9563,1
5,2014-09-13,2107,1
6,2014-09-13,3151,1
7,2014-09-13,5890,1
8,2014-09-13,3268,1
9,2014-09-13,6620,1
10,2014-09-13,4601,1
11,2014-09-13,5645,1
12,2014-09-13,5645,1
14,2014-09-13,3576,1
15,2014-09-13,5174,1
16,2014-09-13,4996,1
17,2014-09-13,2676,1
18,2014-09-13,4498,1
19,2014-09-13,4078,1
21,2014-09-13,5820,1
23,2014-09-13,3905,1
24,2014-09-13,6764,1
25,2014-09-13,7875,1
26,2014-09-13,6466,1
27,2014-09-13,7038,1
28,2014-09-13,3180,1
29,2014-09-13,6572,1
30,2014-09-13,4035,1
31,2014-09-13,5356,1
33,2014-09-13,7611,1
34,2014-09-13,7340,1
35,2014-09-13,7399,1
37,2014-09-13,7317,1
38,2014-09-13,5642,1
39,2014-09-13,2562,1
40,2014-09-13,5618,1
42,2014-09-13,7931,1
43,2014-09-13,4237,1
44,2014-09-13,4087,1
45,2014-09-13,5839,1
47,2014-09-13,6381,1
48,2014-09-13,2211,1
49,2014-09-13,7948,1
50,2014-09-13,4298,1
1,2014-09-12,3906,1
2,2014-09-12,3323,1
3,2014-09-12,5665,1
4,2014-09-12,7603,1
5,2014-09-12,3869,1
6,2014-09-12,4558,1
7,2014-09-12,7968,1
8,2014-09-12,4859,1
9,2014-09-12,5642,1
10,2014-09-12,5471,1
11,2014-09-12,7184,1
12,2014-09-12,5994,1
14,2014-09-12,4612,1
15,2014-09-12,5458,1
16,2014-09-12,5525,1
17,2014-09-12,4802,1
18,2014-09-12,5898,1
19,2014-09-12,5733,1
21,2014-09-12,4242,1
23,2014-09-12,4850,1
24,2014-09-12,7844,1
25,2014-09-12,8875,1
26,2014-09-12,6023,1
27,2014-09-12,6212,1
28,2014-09-12,7361,1
29,2014-09-12,5906,1
30,2014-09-12,3175,1
31,2014-09-12,5458,1
33,2014-09-12,6674,1
34,2014-09-12,6634,1
35,2014-09-12,7857,1
37,2014-09-12,6662,1
38,2014-09-12,4553,1
39,2014-09-12,3365,1
40,2014-09-12,4398,1
42,2014-09-12,8173,1
43,2014-09-12,6047,1
44,2014-09-12,5473,1
45,2014-09-12,4642,1
47,2014-09-12,5531,1
48,2014-09-12,3191,1
49,2014-09-12,6324,1
50,2014-09-12,3538,1
1,2014-09-11,3392,1
2,2014-09-11,4123,1
3,2014-09-11,5389,1
4,2014-09-11,7924,1
5,2014-09-11,4557,1
6,2014-09-11,4365,1
7,2014-09-11,7518,1
8,2014-09-11,5369,1
9,2014-09-11,5152,1
10,2014-09-11,4512,1
11,2014-09-11,6803,1
12,2014-09-11,5703,1
14,2014-09-11,4722,1
15,2014-09-11,5349,1
16,2014-09-11,6444,1
17,2014-09-11,5058,1
18,2014-09-11,6061,1
19,2014-09-11,5935,1
21,2014-09-11,3490,1
23,2014-09-11,4297,1
24,2014-09-11,7091,1
25,2014-09-11,8117,1
26,2014-09-11,5059,1
27,2014-09-11,6751,1
28,2014-09-11,7750,1
29,2014-09-11,5650,1
30,2014-09-11,3856,1
31,2014-09-11,4412,1
33,2014-09-11,6502,1
34,2014-09-11,6579,1
35,2014-09-11,7797,1
37,2014-09-11,5689,1
38,2014-09-11,3929,1
39,2014-09-11,3405,1
40,2014-09-11,4194,1
42,2014-09-11,7977,1
43,2014-09-11,5646,1
44,2014-09-11,5101,1
45,2014-09-11,4343,1
47,2014-09-11,7087,1
48,2014-09-11,2820,1
49,2014-09-11,5612,1
50,2014-09-11,3239,1
1,2014-09-10,3275,1
2,2014-09-10,4865,1
3,2014-09-10,5164,1
4,2014-09-10,8530,1
5,2014-09-10,4305,1
6,2014-09-10,3911,1
7,2014-09-10,7551,1
8,2014-09-10,4117,1
9,2014-09-10,5084,1
10,2014-09-10,5488,1
11,2014-09-10,6875,1
12,2014-09-10,6296,1
14,2014-09-10,4732,1
15,2014-09-10,4602,1
16,2014-09-10,6858,1
17,2014-09-10,5296,1
18,2014-09-10,5960,1
19,2014-09-10,5860,1
21,2014-09-10,3948,1
23,2014-09-10,4042,1
24,2014-09-10,7507,1
25,2014-09-10,8013,1
26,2014-09-10,4578,1
27,2014-09-10,6986,1
28,2014-09-10,7584,1
29,2014-09-10,5906,1
30,2014-09-10,3496,1
31,2014-09-10,4383,1
33,2014-09-10,5518,1
34,2014-09-10,6601,1
35,2014-09-10,8003,1
37,2014-09-10,4712,1
38,2014-09-10,3971,1
39,2014-09-10,3826,1
40,2014-09-10,3714,1
42,2014-09-10,8413,1
43,2014-09-10,5368,1
44,2014-09-10,5192,1
45,2014-09-10,3578,1
47,2014-09-10,6579,1
48,2014-09-10,3072,1
49,2014-09-10,5823,1
50,2014-09-10,2885,1
1,2014-09-09,3377,1
2,2014-09-09,4963,1
3,2014-09-09,5978,1
4,2014-09-09,8070,1
5,2014-09-09,3624,1
6,2014-09-09,4277,1
7,2014-09-09,8109,1
8,2014-09-09,4040,1
9,2014-09-09,5228,1
10,2014-09-09,4785,1
11,2014-09-09,6714,1
12,2014-09-09,5306,1
14,2014-09-09,4449,1
15,2014-09-09,5178,1
16,2014-09-09,7095,1
17,2014-09-09,5623,1
18,2014-09-09,5616,1
19,2014-09-09,5712,1
21,2014-09-09,3170,1
23,2014-09-09,2999,1
24,2014-09-09,7117,1
25,2014-09-09,8928,1
26,2014-09-09,4417,1
27,2014-09-09,7389,1
28,2014-09-09,8668,1
29,2014-09-09,5681,1
30,2014-09-09,3966,1
31,2014-09-09,4297,1
33,2014-09-09,6621,1
34,2014-09-09,6537,1
35,2014-09-09,7485,1
37,2014-09-09,4453,1
38,2014-09-09,4587,1
39,2014-09-09,3647,1
40,2014-09-09,4229,1
42,2014-09-09,7937,1
43,2014-09-09,5550,1
44,2014-09-09,4979,1
45,2014-09-09,3347,1
47,2014-09-09,6489,1
48,2014-09-09,4177,1
49,2014-09-09,5594,1
50,2014-09-09,2735,1
1,2014-09-08,3676,1
2,2014-09-08,4189,1
3,2014-09-08,6061,1
4,2014-09-08,8995,1
5,2014-09-08,3511,1
6,2014-09-08,4439,1
7,2014-09-08,9155,1
8,2014-09-08,4844,1
9,2014-09-08,6068,1
10,2014-09-08,5329,1
11,2014-09-08,6679,1
12,2014-09-08,5359,1
14,2014-09-08,5333,1
15,2014-09-08,5044,1
16,2014-09-08,6422,1
17,2014-09-08,5272,1
18,2014-09-08,6116,1
19,2014-09-08,5438,1
21,2014-09-08,3692,1
23,2014-09-08,3804,1
24,2014-09-08,7460,1
25,2014-09-08,9236,1
26,2014-09-08,5477,1
27,2014-09-08,6667,1
28,2014-09-08,10233,1
29,2014-09-08,6760,1
30,2014-09-08,3752,1
31,2014-09-08,5111,1
33,2014-09-08,7341,1
34,2014-09-08,7061,1
35,2014-09-08,8266,1
37,2014-09-08,5195,1
38,2014-09-08,4094,1
39,2014-09-08,4361,1
40,2014-09-08,4281,1
42,2014-09-08,8512,1
43,2014-09-08,5617,1
44,2014-09-08,5818,1
45,2014-09-08,3916,1
47,2014-09-08,6247,1
48,2014-09-08,3471,1
49,2014-09-08,5667,1
50,2014-09-08,3346,1
1,2014-09-06,3959,1
2,2014-09-06,2551,1
3,2014-09-06,3562,1
4,2014-09-06,9382,1
5,2014-09-06,2187,1
6,2014-09-06,2962,1
7,2014-09-06,6500,1
8,2014-09-06,2823,1
9,2014-09-06,5762,1
10,2014-09-06,4228,1
11,2014-09-06,6050,1
12,2014-09-06,5191,1
14,2014-09-06,3551,1
15,2014-09-06,5130,1
16,2014-09-06,4946,1
17,2014-09-06,2479,1
18,2014-09-06,4225,1
19,2014-09-06,4178,1
21,2014-09-06,4659,1
23,2014-09-06,4008,1
24,2014-09-06,6314,1
25,2014-09-06,8276,1
26,2014-09-06,4436,1
27,2014-09-06,6442,1
28,2014-09-06,5515,1
29,2014-09-06,6806,1
30,2014-09-06,4247,1
31,2014-09-06,5503,1
33,2014-09-06,8378,1
34,2014-09-06,6391,1
35,2014-09-06,6766,1
37,2014-09-06,6096,1
38,2014-09-06,5862,1
39,2014-09-06,2735,1
40,2014-09-06,5086,1
42,2014-09-06,7703,1
43,2014-09-06,4410,1
44,2014-09-06,3619,1
45,2014-09-06,4934,1
47,2014-09-06,5462,1
48,2014-09-06,2362,1
49,2014-09-06,6580,1
50,2014-09-06,3865,1
1,2014-09-05,4706,1
2,2014-09-05,4823,1
3,2014-09-05,6564,1
4,2014-09-05,10528,1
5,2014-09-05,4686,1
6,2014-09-05,5642,1
7,2014-09-05,10543,1
8,2014-09-05,5838,1
9,2014-09-05,7752,1
10,2014-09-05,5391,1
11,2014-09-05,7336,1
12,2014-09-05,7921,1
14,2014-09-05,5614,1
15,2014-09-05,7360,1
16,2014-09-05,7390,1
17,2014-09-05,7112,1
18,2014-09-05,7236,1
19,2014-09-05,7405,1
21,2014-09-05,5804,1
23,2014-09-05,6356,1
24,2014-09-05,10523,1
25,2014-09-05,10167,1
26,2014-09-05,6679,1
27,2014-09-05,9604,1
28,2014-09-05,16611,1
29,2014-09-05,8230,1
30,2014-09-05,4571,1
31,2014-09-05,6603,1
33,2014-09-05,8244,1
34,2014-09-05,8140,1
35,2014-09-05,10555,1
37,2014-09-05,6899,1
38,2014-09-05,7434,1
39,2014-09-05,5400,1
40,2014-09-05,5128,1
42,2014-09-05,10938,1
43,2014-09-05,7292,1
44,2014-09-05,6832,1
45,2014-09-05,5662,1
47,2014-09-05,7983,1
48,2014-09-05,4919,1
49,2014-09-05,7828,1
50,2014-09-05,4343,1
1,2014-09-04,4346,1
2,2014-09-04,5401,1
3,2014-09-04,7659,1
4,2014-09-04,10522,1
5,2014-09-04,5380,1
6,2014-09-04,5592,1
7,2014-09-04,9839,1
8,2014-09-04,6689,1
9,2014-09-04,6734,1
10,2014-09-04,5840,1
11,2014-09-04,8490,1
12,2014-09-04,8373,1
14,2014-09-04,6020,1
15,2014-09-04,6598,1
16,2014-09-04,7551,1
17,2014-09-04,6997,1
18,2014-09-04,6615,1
19,2014-09-04,8051,1
21,2014-09-04,5278,1
23,2014-09-04,5568,1
24,2014-09-04,9049,1
25,2014-09-04,11130,1
26,2014-09-04,7731,1
27,2014-09-04,9419,1
29,2014-09-04,8009,1
30,2014-09-04,5838,1
31,2014-09-04,6631,1
33,2014-09-04,7866,1
34,2014-09-04,7412,1
35,2014-09-04,10999,1
37,2014-09-04,7653,1
38,2014-09-04,5715,1
39,2014-09-04,5101,1
40,2014-09-04,4731,1
42,2014-09-04,10447,1
43,2014-09-04,8046,1
44,2014-09-04,7739,1
45,2014-09-04,5919,1
47,2014-09-04,8266,1
48,2014-09-04,3734,1
49,2014-09-04,7237,1
50,2014-09-04,4817,1
1,2014-09-03,4978,1
2,2014-09-03,6615,1
3,2014-09-03,8659,1
4,2014-09-03,10729,1
5,2014-09-03,5884,1
6,2014-09-03,5741,1
7,2014-09-03,10774,1
8,2014-09-03,6428,1
9,2014-09-03,7865,1
10,2014-09-03,5397,1
11,2014-09-03,9351,1
12,2014-09-03,8661,1
14,2014-09-03,6229,1
15,2014-09-03,6935,1
16,2014-09-03,7492,1
17,2014-09-03,7947,1
18,2014-09-03,7691,1
19,2014-09-03,7935,1
21,2014-09-03,5545,1
23,2014-09-03,5051,1
24,2014-09-03,11021,1
25,2014-09-03,11744,1
26,2014-09-03,7275,1
27,2014-09-03,11566,1
29,2014-09-03,8257,1
30,2014-09-03,5156,1
31,2014-09-03,6305,1
33,2014-09-03,8585,1
34,2014-09-03,8513,1
35,2014-09-03,10718,1
37,2014-09-03,6644,1
38,2014-09-03,6976,1
39,2014-09-03,6051,1
40,2014-09-03,5259,1
42,2014-09-03,11986,1
43,2014-09-03,8338,1
44,2014-09-03,7652,1
45,2014-09-03,5157,1
47,2014-09-03,8660,1
48,2014-09-03,3778,1
49,2014-09-03,8551,1
50,2014-09-03,4239,1
1,2014-09-02,5008,1
2,2014-09-02,6422,1
3,2014-09-02,8989,1
4,2014-09-02,11932,1
5,2014-09-02,6226,1
6,2014-09-02,5934,1
7,2014-09-02,12542,1
8,2014-09-02,6897,1
9,2014-09-02,8395,1
10,2014-09-02,5937,1
11,2014-09-02,9546,1
12,2014-09-02,10399,1
14,2014-09-02,6674,1
15,2014-09-02,7847,1
16,2014-09-02,7990,1
17,2014-09-02,7894,1
18,2014-09-02,7161,1
19,2014-09-02,8119,1
21,2014-09-02,6383,1
23,2014-09-02,6777,1
24,2014-09-02,11288,1
25,2014-09-02,13771,1
26,2014-09-02,8377,1
27,2014-09-02,12916,1
29,2014-09-02,9680,1
30,2014-09-02,6785,1
31,2014-09-02,6451,1
33,2014-09-02,9066,1
34,2014-09-02,10762,1
35,2014-09-02,12795,1
37,2014-09-02,7908,1
38,2014-09-02,7263,1
39,2014-09-02,6910,1
40,2014-09-02,5779,1
42,2014-09-02,12358,1
43,2014-09-02,8920,1
44,2014-09-02,7917,1
45,2014-09-02,5370,1
47,2014-09-02,9339,1
48,2014-09-02,4114,1
49,2014-09-02,7491,1
50,2014-09-02,4540,1
1,2014-09-01,5464,1
2,2014-09-01,8173,1
3,2014-09-01,10679,1
4,2014-09-01,15595,1
5,2014-09-01,7786,1
6,2014-09-01,7586,1
7,2014-09-01,15349,1
8,2014-09-01,9367,1
9,2014-09-01,10494,1
10,2014-09-01,7033,1
11,2014-09-01,10379,1
12,2014-09-01,11086,1
14,2014-09-01,7675,1
15,2014-09-01,10058,1
16,2014-09-01,9676,1
17,2014-09-01,8261,1
18,2014-09-01,10024,1
19,2014-09-01,7913,1
21,2014-09-01,7931,1
23,2014-09-01,8325,1
24,2014-09-01,15968,1
25,2014-09-01,15819,1
26,2014-09-01,10935,1
27,2014-09-01,15205,1
29,2014-09-01,12800,1
30,2014-09-01,7399,1
31,2014-09-01,8654,1
33,2014-09-01,11658,1
34,2014-09-01,11494,1
35,2014-09-01,16771,1
37,2014-09-01,10316,1
38,2014-09-01,10087,1
39,2014-09-01,8557,1
40,2014-09-01,5668,1
42,2014-09-01,15030,1
43,2014-09-01,9620,1
44,2014-09-01,10426,1
45,2014-09-01,6750,1
47,2014-09-01,11031,1
48,2014-09-01,5052,1
49,2014-09-01,10609,1
50,2014-09-01,6399,1
1,2014-08-30,4094,1
2,2014-08-30,2976,1
3,2014-08-30,4322,1
4,2014-08-30,11930,1
5,2014-08-30,2315,1
6,2014-08-30,3282,1
7,2014-08-30,7271,1
8,2014-08-30,3802,1
9,2014-08-30,6326,1
10,2014-08-30,4372,1
11,2014-08-30,6367,1
12,2014-08-30,6465,1
14,2014-08-30,3455,1
15,2014-08-30,6278,1
16,2014-08-30,4831,1
17,2014-08-30,2898,1
18,2014-08-30,5549,1
19,2014-08-30,5229,1
21,2014-08-30,4996,1
23,2014-08-30,4406,1
24,2014-08-30,7345,1
25,2014-08-30,10446,1
26,2014-08-30,5995,1
27,2014-08-30,8326,1
29,2014-08-30,8072,1
30,2014-08-30,5043,1
31,2014-08-30,6827,1
33,2014-08-30,9200,1
34,2014-08-30,7933,1
35,2014-08-30,8152,1
37,2014-08-30,7621,1
38,2014-08-30,6793,1
39,2014-08-30,3212,1
40,2014-08-30,5394,1
42,2014-08-30,8668,1
43,2014-08-30,4350,1
44,2014-08-30,4440,1
45,2014-08-30,5357,1
47,2014-08-30,6359,1
48,2014-08-30,2852,1
49,2014-08-30,7041,1
50,2014-08-30,4165,1
1,2014-08-29,3869,1
2,2014-08-29,4318,1
3,2014-08-29,6889,1
4,2014-08-29,11938,1
5,2014-08-29,4860,1
6,2014-08-29,5142,1
7,2014-08-29,10951,1
8,2014-08-29,5373,1
9,2014-08-29,6559,1
10,2014-08-29,5266,1
11,2014-08-29,8993,1
12,2014-08-29,7049,1
14,2014-08-29,5042,1
15,2014-08-29,7341,1
16,2014-08-29,6421,1
17,2014-08-29,6098,1
18,2014-08-29,8501,1
19,2014-08-29,8194,1
21,2014-08-29,3652,1
23,2014-08-29,4677,1
24,2014-08-29,10669,1
25,2014-08-29,12126,1
26,2014-08-29,6823,1
27,2014-08-29,9331,1
29,2014-08-29,7282,1
30,2014-08-29,4326,1
31,2014-08-29,6966,1
33,2014-08-29,8504,1
34,2014-08-29,7190,1
35,2014-08-29,9501,1
37,2014-08-29,7045,1
38,2014-08-29,5604,1
39,2014-08-29,5049,1
40,2014-08-29,4298,1
42,2014-08-29,11001,1
43,2014-08-29,5457,1
44,2014-08-29,6341,1
45,2014-08-29,4412,1
47,2014-08-29,7729,1
48,2014-08-29,3542,1
49,2014-08-29,6330,1
50,2014-08-29,3928,1
1,2014-08-28,3920,1
2,2014-08-28,3717,1
3,2014-08-28,5452,1
4,2014-08-28,9205,1
5,2014-08-28,4070,1
6,2014-08-28,3962,1
7,2014-08-28,8414,1
8,2014-08-28,5374,1
9,2014-08-28,5369,1
10,2014-08-28,4043,1
11,2014-08-28,7999,1
12,2014-08-28,6146,1
14,2014-08-28,4359,1
15,2014-08-28,6176,1
16,2014-08-28,6215,1
17,2014-08-28,5058,1
18,2014-08-28,5189,1
19,2014-08-28,7027,1
21,2014-08-28,3770,1
23,2014-08-28,4142,1
24,2014-08-28,7404,1
25,2014-08-28,9349,1
26,2014-08-28,5373,1
27,2014-08-28,7269,1
29,2014-08-28,5594,1
30,2014-08-28,4681,1
31,2014-08-28,5408,1
33,2014-08-28,6703,1
34,2014-08-28,6306,1
35,2014-08-28,7805,1
37,2014-08-28,5168,1
38,2014-08-28,3977,1
39,2014-08-28,3815,1
40,2014-08-28,4724,1
42,2014-08-28,8311,1
43,2014-08-28,4889,1
44,2014-08-28,5374,1
45,2014-08-28,4198,1
47,2014-08-28,6229,1
48,2014-08-28,3045,1
49,2014-08-28,5481,1
50,2014-08-28,2825,1
1,2014-08-27,3148,1
2,2014-08-27,5127,1
3,2014-08-27,5055,1
4,2014-08-27,8718,1
5,2014-08-27,4306,1
6,2014-08-27,4467,1
7,2014-08-27,8038,1
8,2014-08-27,4563,1
9,2014-08-27,4445,1
10,2014-08-27,3755,1
11,2014-08-27,8529,1
12,2014-08-27,5548,1
14,2014-08-27,4815,1
15,2014-08-27,5945,1
16,2014-08-27,5482,1
17,2014-08-27,5655,1
18,2014-08-27,5418,1
19,2014-08-27,5215,1
21,2014-08-27,3826,1
23,2014-08-27,3698,1
24,2014-08-27,7167,1
25,2014-08-27,8877,1
26,2014-08-27,4854,1
27,2014-08-27,6691,1
29,2014-08-27,5507,1
30,2014-08-27,4111,1
31,2014-08-27,4952,1
33,2014-08-27,6810,1
34,2014-08-27,6916,1
35,2014-08-27,6273,1
37,2014-08-27,4080,1
38,2014-08-27,4043,1
39,2014-08-27,3715,1
40,2014-08-27,4093,1
42,2014-08-27,8812,1
43,2014-08-27,5006,1
44,2014-08-27,5177,1
45,2014-08-27,3218,1
47,2014-08-27,6456,1
48,2014-08-27,3025,1
49,2014-08-27,5565,1
50,2014-08-27,2979,1
1,2014-08-26,3396,1
2,2014-08-26,3647,1
3,2014-08-26,5666,1
4,2014-08-26,8985,1
5,2014-08-26,3623,1
6,2014-08-26,3768,1
7,2014-08-26,10029,1
8,2014-08-26,4027,1
9,2014-08-26,5430,1
10,2014-08-26,4496,1
11,2014-08-26,9084,1
12,2014-08-26,6061,1
14,2014-08-26,4167,1
15,2014-08-26,5580,1
16,2014-08-26,5289,1
17,2014-08-26,4690,1
18,2014-08-26,5287,1
19,2014-08-26,5279,1
21,2014-08-26,2866,1
23,2014-08-26,3694,1
24,2014-08-26,6255,1
25,2014-08-26,7645,1
26,2014-08-26,4331,1
27,2014-08-26,6628,1
29,2014-08-26,5324,1
30,2014-08-26,3585,1
31,2014-08-26,5030,1
33,2014-08-26,5972,1
34,2014-08-26,6604,1
35,2014-08-26,7015,1
37,2014-08-26,4995,1
38,2014-08-26,3870,1
39,2014-08-26,3304,1
40,2014-08-26,3604,1
42,2014-08-26,6533,1
43,2014-08-26,4069,1
44,2014-08-26,4900,1
45,2014-08-26,3085,1
47,2014-08-26,6021,1
48,2014-08-26,3122,1
49,2014-08-26,5635,1
50,2014-08-26,2620,1
1,2014-08-25,3414,1
2,2014-08-25,3927,1
3,2014-08-25,5393,1
4,2014-08-25,10919,1
5,2014-08-25,3693,1
6,2014-08-25,4330,1
7,2014-08-25,11405,1
8,2014-08-25,4894,1
9,2014-08-25,5977,1
10,2014-08-25,4346,1
11,2014-08-25,9673,1
12,2014-08-25,7210,1
14,2014-08-25,5077,1
15,2014-08-25,7644,1
16,2014-08-25,6098,1
17,2014-08-25,5121,1
18,2014-08-25,6110,1
19,2014-08-25,6122,1
21,2014-08-25,3933,1
23,2014-08-25,3980,1
24,2014-08-25,7073,1
25,2014-08-25,9765,1
26,2014-08-25,4853,1
27,2014-08-25,7469,1
29,2014-08-25,5745,1
30,2014-08-25,3829,1
31,2014-08-25,6633,1
33,2014-08-25,7099,1
34,2014-08-25,7843,1
35,2014-08-25,7529,1
37,2014-08-25,4859,1
38,2014-08-25,4371,1
39,2014-08-25,3732,1
40,2014-08-25,4424,1
42,2014-08-25,8931,1
43,2014-08-25,5426,1
44,2014-08-25,6003,1
45,2014-08-25,3885,1
47,2014-08-25,7987,1
48,2014-08-25,4014,1
49,2014-08-25,5855,1
50,2014-08-25,3012,1
1,2014-08-23,3582,1
2,2014-08-23,2738,1
3,2014-08-23,3698,1
4,2014-08-23,10208,1
5,2014-08-23,1791,1
6,2014-08-23,2822,1
7,2014-08-23,6881,1
8,2014-08-23,2910,1
9,2014-08-23,5727,1
10,2014-08-23,3567,1
11,2014-08-23,6332,1
12,2014-08-23,6049,1
14,2014-08-23,3647,1
15,2014-08-23,6470,1
16,2014-08-23,4174,1
17,2014-08-23,2418,1
18,2014-08-23,4371,1
19,2014-08-23,3431,1
21,2014-08-23,4634,1
23,2014-08-23,4625,1
24,2014-08-23,6247,1
25,2014-08-23,8251,1
26,2014-08-23,4625,1
27,2014-08-23,6977,1
29,2014-08-23,7208,1
30,2014-08-23,4082,1
31,2014-08-23,5368,1
33,2014-08-23,7627,1
34,2014-08-23,7092,1
35,2014-08-23,7402,1
37,2014-08-23,6725,1
38,2014-08-23,5818,1
39,2014-08-23,2909,1
40,2014-08-23,5660,1
42,2014-08-23,8604,1
43,2014-08-23,4170,1
44,2014-08-23,3643,1
45,2014-08-23,4870,1
47,2014-08-23,5211,1
48,2014-08-23,3092,1
49,2014-08-23,5642,1
50,2014-08-23,3461,1
1,2014-08-22,3971,1
2,2014-08-22,5064,1
3,2014-08-22,6610,1
4,2014-08-22,10315,1
5,2014-08-22,4956,1
6,2014-08-22,5012,1
7,2014-08-22,11115,1
8,2014-08-22,5039,1
9,2014-08-22,6972,1
10,2014-08-22,4682,1
11,2014-08-22,8349,1
12,2014-08-22,7473,1
14,2014-08-22,5558,1
15,2014-08-22,7153,1
16,2014-08-22,7404,1
17,2014-08-22,6389,1
18,2014-08-22,7158,1
19,2014-08-22,7292,1
21,2014-08-22,5703,1
23,2014-08-22,5513,1
24,2014-08-22,10093,1
25,2014-08-22,9944,1
26,2014-08-22,7670,1
27,2014-08-22,9008,1
29,2014-08-22,7248,1
30,2014-08-22,4359,1
31,2014-08-22,6555,1
33,2014-08-22,7510,1
34,2014-08-22,7712,1
35,2014-08-22,10252,1
37,2014-08-22,6829,1
38,2014-08-22,5983,1
39,2014-08-22,4723,1
40,2014-08-22,5332,1
42,2014-08-22,10866,1
43,2014-08-22,7494,1
44,2014-08-22,6439,1
45,2014-08-22,5036,1
47,2014-08-22,7482,1
48,2014-08-22,4129,1
49,2014-08-22,7022,1
50,2014-08-22,4282,1
1,2014-08-21,4327,1
2,2014-08-21,5626,1
3,2014-08-21,6933,1
4,2014-08-21,9954,1
5,2014-08-21,4773,1
6,2014-08-21,4849,1
7,2014-08-21,10789,1
8,2014-08-21,6594,1
9,2014-08-21,6664,1
10,2014-08-21,5182,1
11,2014-08-21,8415,1
12,2014-08-21,8614,1
14,2014-08-21,5800,1
15,2014-08-21,7265,1
16,2014-08-21,7427,1
17,2014-08-21,6740,1
18,2014-08-21,6361,1
19,2014-08-21,7101,1
21,2014-08-21,5388,1
23,2014-08-21,5746,1
24,2014-08-21,9205,1
25,2014-08-21,9926,1
26,2014-08-21,6897,1
27,2014-08-21,9937,1
28,2014-08-21,4407,1
29,2014-08-21,7243,1
30,2014-08-21,5164,1
31,2014-08-21,6444,1
33,2014-08-21,7995,1
34,2014-08-21,8324,1
35,2014-08-21,10103,1
37,2014-08-21,7539,1
38,2014-08-21,4946,1
39,2014-08-21,4558,1
40,2014-08-21,5526,1
42,2014-08-21,11113,1
43,2014-08-21,7113,1
44,2014-08-21,6387,1
45,2014-08-21,5094,1
47,2014-08-21,9290,1
48,2014-08-21,3912,1
49,2014-08-21,6924,1
50,2014-08-21,4546,1
1,2014-08-20,4280,1
2,2014-08-20,7056,1
3,2014-08-20,7661,1
4,2014-08-20,9515,1
5,2014-08-20,5800,1
6,2014-08-20,5354,1
7,2014-08-20,10262,1
8,2014-08-20,5982,1
9,2014-08-20,7929,1
10,2014-08-20,5053,1
11,2014-08-20,9114,1
12,2014-08-20,8799,1
14,2014-08-20,6410,1
15,2014-08-20,7124,1
16,2014-08-20,7912,1
17,2014-08-20,6947,1
18,2014-08-20,7606,1
19,2014-08-20,7837,1
21,2014-08-20,6528,1
23,2014-08-20,5818,1
24,2014-08-20,11143,1
25,2014-08-20,10822,1
26,2014-08-20,7295,1
27,2014-08-20,11403,1
28,2014-08-20,6693,1
29,2014-08-20,8340,1
30,2014-08-20,5761,1
31,2014-08-20,6168,1
33,2014-08-20,9856,1
34,2014-08-20,8599,1
35,2014-08-20,10778,1
37,2014-08-20,6943,1
38,2014-08-20,6766,1
39,2014-08-20,5883,1
40,2014-08-20,5614,1
42,2014-08-20,12729,1
43,2014-08-20,7840,1
44,2014-08-20,6462,1
45,2014-08-20,5193,1
47,2014-08-20,9541,1
48,2014-08-20,3562,1
49,2014-08-20,7390,1
50,2014-08-20,4555,1
1,2014-08-19,5190,1
2,2014-08-19,6000,1
3,2014-08-19,8854,1
4,2014-08-19,10163,1
5,2014-08-19,5784,1
6,2014-08-19,5209,1
7,2014-08-19,12348,1
8,2014-08-19,6890,1
9,2014-08-19,8539,1
10,2014-08-19,5044,1
11,2014-08-19,9657,1
12,2014-08-19,9863,1
14,2014-08-19,6956,1
15,2014-08-19,8930,1
16,2014-08-19,8223,1
17,2014-08-19,8687,1
18,2014-08-19,7204,1
19,2014-08-19,8143,1
21,2014-08-19,7262,1
23,2014-08-19,5763,1
24,2014-08-19,12611,1
25,2014-08-19,12345,1
26,2014-08-19,7152,1
27,2014-08-19,10969,1
28,2014-08-19,9044,1
29,2014-08-19,9296,1
30,2014-08-19,6565,1
31,2014-08-19,7136,1
33,2014-08-19,10425,1
34,2014-08-19,9769,1
35,2014-08-19,12696,1
37,2014-08-19,7812,1
38,2014-08-19,7161,1
39,2014-08-19,5778,1
40,2014-08-19,5681,1
42,2014-08-19,13218,1
43,2014-08-19,8300,1
44,2014-08-19,8367,1
45,2014-08-19,4912,1
47,2014-08-19,9061,1
48,2014-08-19,4311,1
49,2014-08-19,7979,1
50,2014-08-19,4532,1
1,2014-08-18,5623,1
2,2014-08-18,6355,1
3,2014-08-18,9258,1
4,2014-08-18,13564,1
5,2014-08-18,7521,1
6,2014-08-18,6426,1
7,2014-08-18,13814,1
8,2014-08-18,7444,1
9,2014-08-18,9631,1
10,2014-08-18,6450,1
11,2014-08-18,9121,1
12,2014-08-18,9846,1
14,2014-08-18,8176,1
15,2014-08-18,9501,1
16,2014-08-18,9507,1
17,2014-08-18,10048,1
18,2014-08-18,9218,1
19,2014-08-18,10403,1
21,2014-08-18,7935,1
23,2014-08-18,8233,1
24,2014-08-18,15409,1
25,2014-08-18,13897,1
26,2014-08-18,11127,1
27,2014-08-18,14136,1
28,2014-08-18,12724,1
29,2014-08-18,12595,1
30,2014-08-18,6892,1
31,2014-08-18,8116,1
33,2014-08-18,12095,1
34,2014-08-18,11080,1
35,2014-08-18,15992,1
37,2014-08-18,8906,1
38,2014-08-18,9754,1
39,2014-08-18,7492,1
40,2014-08-18,6155,1
42,2014-08-18,13839,1
43,2014-08-18,10177,1
44,2014-08-18,9392,1
45,2014-08-18,6476,1
47,2014-08-18,9784,1
48,2014-08-18,5123,1
49,2014-08-18,10984,1
50,2014-08-18,6173,1
1,2014-08-16,4425,1
2,2014-08-16,2847,1
3,2014-08-16,3216,1
4,2014-08-16,9756,1
5,2014-08-16,1998,1
6,2014-08-16,2910,1
7,2014-08-16,6991,1
8,2014-08-16,2254,1
9,2014-08-16,6597,1
10,2014-08-16,4478,1
11,2014-08-16,5237,1
12,2014-08-16,4817,1
14,2014-08-16,3452,1
15,2014-08-16,5923,1
16,2014-08-16,4857,1
17,2014-08-16,2592,1
18,2014-08-16,4394,1
19,2014-08-16,4154,1
21,2014-08-16,4691,1
23,2014-08-16,4236,1
24,2014-08-16,6892,1
25,2014-08-16,8208,1
26,2014-08-16,5067,1
27,2014-08-16,7252,1
28,2014-08-16,7906,1
29,2014-08-16,6234,1
30,2014-08-16,3883,1
31,2014-08-16,5048,1
33,2014-08-16,7309,1
34,2014-08-16,6834,1
35,2014-08-16,7680,1
37,2014-08-16,6846,1
38,2014-08-16,5707,1
39,2014-08-16,2897,1
40,2014-08-16,5441,1
42,2014-08-16,8121,1
43,2014-08-16,4605,1
44,2014-08-16,3625,1
45,2014-08-16,4976,1
47,2014-08-16,5528,1
48,2014-08-16,1901,1
49,2014-08-16,6830,1
50,2014-08-16,3754,1
1,2014-08-15,3746,1
2,2014-08-15,4218,1
3,2014-08-15,5156,1
4,2014-08-15,9048,1
5,2014-08-15,3667,1
6,2014-08-15,4115,1
7,2014-08-15,10659,1
8,2014-08-15,4095,1
9,2014-08-15,5746,1
10,2014-08-15,5205,1
11,2014-08-15,6966,1
12,2014-08-15,6044,1
14,2014-08-15,4444,1
15,2014-08-15,5641,1
16,2014-08-15,6152,1
17,2014-08-15,5005,1
18,2014-08-15,6633,1
19,2014-08-15,5494,1
21,2014-08-15,3555,1
23,2014-08-15,5115,1
24,2014-08-15,8141,1
25,2014-08-15,9416,1
26,2014-08-15,5596,1
27,2014-08-15,6669,1
28,2014-08-15,18474,1
29,2014-08-15,5720,1
30,2014-08-15,3257,1
31,2014-08-15,5047,1
33,2014-08-15,6573,1
34,2014-08-15,6080,1
35,2014-08-15,9162,1
37,2014-08-15,5999,1
38,2014-08-15,3942,1
39,2014-08-15,3805,1
40,2014-08-15,4383,1
42,2014-08-15,8012,1
43,2014-08-15,5606,1
44,2014-08-15,5125,1
45,2014-08-15,4542,1
47,2014-08-15,5882,1
48,2014-08-15,3354,1
49,2014-08-15,6506,1
50,2014-08-15,3593,1
1,2014-08-14,3906,1
2,2014-08-14,4606,1
3,2014-08-14,5668,1
4,2014-08-14,8230,1
5,2014-08-14,3790,1
6,2014-08-14,3930,1
7,2014-08-14,9091,1
8,2014-08-14,4588,1
9,2014-08-14,5435,1
10,2014-08-14,4206,1
11,2014-08-14,6502,1
12,2014-08-14,5581,1
14,2014-08-14,4705,1
15,2014-08-14,5529,1
16,2014-08-14,6389,1
17,2014-08-14,5453,1
18,2014-08-14,5753,1
19,2014-08-14,4945,1
21,2014-08-14,4893,1
23,2014-08-14,4267,1
24,2014-08-14,6852,1
25,2014-08-14,8637,1
26,2014-08-14,5810,1
27,2014-08-14,6478,1
28,2014-08-14,13195,1
29,2014-08-14,5580,1
30,2014-08-14,4088,1
31,2014-08-14,4660,1
33,2014-08-14,6492,1
34,2014-08-14,6663,1
35,2014-08-14,7596,1
37,2014-08-14,6145,1
38,2014-08-14,4234,1
39,2014-08-14,3501,1
40,2014-08-14,4818,1
42,2014-08-14,8373,1
43,2014-08-14,5001,1
44,2014-08-14,4808,1
45,2014-08-14,4493,1
47,2014-08-14,5925,1
48,2014-08-14,2932,1
49,2014-08-14,5950,1
50,2014-08-14,3308,1
1,2014-08-13,4069,1
2,2014-08-13,5010,1
3,2014-08-13,6051,1
4,2014-08-13,7832,1
5,2014-08-13,4458,1
6,2014-08-13,4153,1
7,2014-08-13,9134,1
8,2014-08-13,4178,1
9,2014-08-13,5513,1
10,2014-08-13,4791,1
11,2014-08-13,7271,1
12,2014-08-13,5616,1
14,2014-08-13,4393,1
15,2014-08-13,5449,1
16,2014-08-13,6421,1
17,2014-08-13,4944,1
18,2014-08-13,5694,1
19,2014-08-13,5485,1
21,2014-08-13,3742,1
23,2014-08-13,4052,1
24,2014-08-13,7783,1
25,2014-08-13,8100,1
26,2014-08-13,4823,1
27,2014-08-13,7542,1
28,2014-08-13,4244,1
29,2014-08-13,5297,1
30,2014-08-13,3337,1
31,2014-08-13,5103,1
33,2014-08-13,6415,1
34,2014-08-13,6141,1
35,2014-08-13,8013,1
37,2014-08-13,5096,1
38,2014-08-13,3794,1
39,2014-08-13,4160,1
40,2014-08-13,3922,1
42,2014-08-13,8318,1
43,2014-08-13,4591,1
44,2014-08-13,5140,1
45,2014-08-13,3158,1
47,2014-08-13,6685,1
48,2014-08-13,2701,1
49,2014-08-13,5735,1
50,2014-08-13,2798,1
1,2014-08-12,3185,1
2,2014-08-12,4319,1
3,2014-08-12,5431,1
4,2014-08-12,7896,1
5,2014-08-12,3831,1
6,2014-08-12,4140,1
7,2014-08-12,11089,1
8,2014-08-12,4351,1
9,2014-08-12,4911,1
10,2014-08-12,4672,1
11,2014-08-12,7214,1
12,2014-08-12,5076,1
14,2014-08-12,4567,1
15,2014-08-12,4888,1
16,2014-08-12,6601,1
17,2014-08-12,5440,1
18,2014-08-12,5171,1
19,2014-08-12,5532,1
21,2014-08-12,3296,1
23,2014-08-12,3718,1
24,2014-08-12,7500,1
25,2014-08-12,9212,1
26,2014-08-12,4511,1
27,2014-08-12,7515,1
28,2014-08-12,4373,1
29,2014-08-12,6344,1
30,2014-08-12,4296,1
31,2014-08-12,5088,1
33,2014-08-12,6437,1
34,2014-08-12,6249,1
35,2014-08-12,7302,1
37,2014-08-12,4906,1
38,2014-08-12,4311,1
39,2014-08-12,3321,1
40,2014-08-12,4774,1
42,2014-08-12,8366,1
43,2014-08-12,5296,1
44,2014-08-12,5431,1
45,2014-08-12,3754,1
47,2014-08-12,6089,1
48,2014-08-12,3637,1
49,2014-08-12,5494,1
50,2014-08-12,2836,1
1,2014-08-11,3886,1
2,2014-08-11,4158,1
3,2014-08-11,6114,1
4,2014-08-11,9674,1
5,2014-08-11,4414,1
6,2014-08-11,4552,1
7,2014-08-11,10864,1
8,2014-08-11,4815,1
9,2014-08-11,6381,1
10,2014-08-11,5661,1
11,2014-08-11,7431,1
12,2014-08-11,6276,1
14,2014-08-11,5066,1
15,2014-08-11,5420,1
16,2014-08-11,7273,1
17,2014-08-11,5287,1
18,2014-08-11,5722,1
19,2014-08-11,6349,1
21,2014-08-11,4293,1
23,2014-08-11,4073,1
24,2014-08-11,8159,1
25,2014-08-11,10571,1
26,2014-08-11,5098,1
27,2014-08-11,8177,1
28,2014-08-11,5276,1
29,2014-08-11,6176,1
30,2014-08-11,3693,1
31,2014-08-11,5197,1
33,2014-08-11,7301,1
34,2014-08-11,7752,1
35,2014-08-11,8905,1
37,2014-08-11,5145,1
38,2014-08-11,4503,1
39,2014-08-11,4144,1
40,2014-08-11,4448,1
42,2014-08-11,8716,1
43,2014-08-11,6774,1
44,2014-08-11,5632,1
45,2014-08-11,3974,1
47,2014-08-11,6516,1
48,2014-08-11,3351,1
49,2014-08-11,6552,1
50,2014-08-11,3151,1
1,2014-08-09,4174,1
2,2014-08-09,2592,1
3,2014-08-09,3131,1
4,2014-08-09,9266,1
5,2014-08-09,1711,1
6,2014-08-09,3023,1
7,2014-08-09,7815,1
8,2014-08-09,2483,1
9,2014-08-09,6109,1
10,2014-08-09,4420,1
11,2014-08-09,4951,1
12,2014-08-09,5272,1
14,2014-08-09,2994,1
15,2014-08-09,5682,1
16,2014-08-09,4458,1
17,2014-08-09,2344,1
18,2014-08-09,4465,1
19,2014-08-09,4043,1
21,2014-08-09,4236,1
23,2014-08-09,4400,1
24,2014-08-09,6865,1
25,2014-08-09,7532,1
26,2014-08-09,5396,1
27,2014-08-09,6409,1
28,2014-08-09,2578,1
29,2014-08-09,6750,1
30,2014-08-09,4144,1
31,2014-08-09,5385,1
33,2014-08-09,7700,1
34,2014-08-09,6299,1
35,2014-08-09,7054,1
37,2014-08-09,6561,1
38,2014-08-09,5771,1
39,2014-08-09,2885,1
40,2014-08-09,5550,1
42,2014-08-09,7729,1
43,2014-08-09,4402,1
44,2014-08-09,3410,1
45,2014-08-09,5257,1
47,2014-08-09,5267,1
48,2014-08-09,1991,1
49,2014-08-09,7594,1
50,2014-08-09,3846,1
1,2014-08-08,4451,1
2,2014-08-08,4597,1
3,2014-08-08,6763,1
4,2014-08-08,9698,1
5,2014-08-08,5051,1
6,2014-08-08,5351,1
7,2014-08-08,10040,1
8,2014-08-08,5187,1
9,2014-08-08,6368,1
10,2014-08-08,5683,1
11,2014-08-08,7734,1
12,2014-08-08,7813,1
14,2014-08-08,5545,1
15,2014-08-08,7731,1
16,2014-08-08,7421,1
17,2014-08-08,5975,1
18,2014-08-08,7171,1
19,2014-08-08,7193,1
21,2014-08-08,5854,1
23,2014-08-08,5581,1
24,2014-08-08,10035,1
25,2014-08-08,9146,1
26,2014-08-08,6503,1
27,2014-08-08,8983,1
28,2014-08-08,5735,1
29,2014-08-08,7343,1
30,2014-08-08,4824,1
31,2014-08-08,6595,1
33,2014-08-08,7337,1
34,2014-08-08,7456,1
35,2014-08-08,10186,1
37,2014-08-08,7555,1
38,2014-08-08,5400,1
39,2014-08-08,4909,1
40,2014-08-08,5722,1
42,2014-08-08,9759,1
43,2014-08-08,6694,1
44,2014-08-08,6171,1
45,2014-08-08,5499,1
47,2014-08-08,6966,1
48,2014-08-08,3826,1
49,2014-08-08,7468,1
50,2014-08-08,4098,1
1,2014-08-07,4154,1
2,2014-08-07,4809,1
3,2014-08-07,8010,1
4,2014-08-07,9872,1
5,2014-08-07,4940,1
6,2014-08-07,5251,1
7,2014-08-07,11960,1
8,2014-08-07,6240,1
9,2014-08-07,6750,1
10,2014-08-07,5452,1
11,2014-08-07,7700,1
12,2014-08-07,7675,1
14,2014-08-07,5069,1
15,2014-08-07,7670,1
16,2014-08-07,7465,1
17,2014-08-07,6866,1
18,2014-08-07,6294,1
19,2014-08-07,7780,1
21,2014-08-07,5913,1
23,2014-08-07,6156,1
24,2014-08-07,9182,1
25,2014-08-07,10060,1
26,2014-08-07,7800,1
27,2014-08-07,9985,1
28,2014-08-07,5446,1
29,2014-08-07,8072,1
30,2014-08-07,6242,1
31,2014-08-07,6384,1
33,2014-08-07,7244,1
34,2014-08-07,6961,1
35,2014-08-07,10397,1
37,2014-08-07,7418,1
38,2014-08-07,5334,1
39,2014-08-07,5150,1
40,2014-08-07,5794,1
42,2014-08-07,10067,1
43,2014-08-07,6777,1
44,2014-08-07,6800,1
45,2014-08-07,5798,1
47,2014-08-07,7104,1
48,2014-08-07,3096,1
49,2014-08-07,8029,1
50,2014-08-07,4656,1
1,2014-08-06,5337,1
2,2014-08-06,6331,1
3,2014-08-06,7499,1
4,2014-08-06,8860,1
5,2014-08-06,5711,1
6,2014-08-06,5310,1
7,2014-08-06,9952,1
8,2014-08-06,6070,1
9,2014-08-06,6746,1
10,2014-08-06,5811,1
11,2014-08-06,9087,1
12,2014-08-06,7969,1
14,2014-08-06,6285,1
15,2014-08-06,7313,1
16,2014-08-06,9129,1
17,2014-08-06,6742,1
18,2014-08-06,6625,1
19,2014-08-06,6718,1
21,2014-08-06,5922,1
23,2014-08-06,6024,1
24,2014-08-06,9320,1
25,2014-08-06,9519,1
26,2014-08-06,6797,1
27,2014-08-06,9389,1
28,2014-08-06,6272,1
29,2014-08-06,7307,1
30,2014-08-06,5246,1
31,2014-08-06,5550,1
33,2014-08-06,7864,1
34,2014-08-06,8729,1
35,2014-08-06,9089,1
37,2014-08-06,6446,1
38,2014-08-06,5598,1
39,2014-08-06,6031,1
40,2014-08-06,5172,1
42,2014-08-06,11311,1
43,2014-08-06,6410,1
44,2014-08-06,6553,1
45,2014-08-06,5220,1
47,2014-08-06,7925,1
48,2014-08-06,3631,1
49,2014-08-06,6990,1
50,2014-08-06,4913,1
1,2014-08-05,5433,1
2,2014-08-05,5811,1
3,2014-08-05,8714,1
4,2014-08-05,9990,1
5,2014-08-05,6108,1
6,2014-08-05,5611,1
7,2014-08-05,13813,1
8,2014-08-05,7054,1
9,2014-08-05,7438,1
10,2014-08-05,6201,1
11,2014-08-05,9243,1
12,2014-08-05,8767,1
14,2014-08-05,6419,1
15,2014-08-05,7185,1
16,2014-08-05,9071,1
17,2014-08-05,9139,1
18,2014-08-05,6141,1
19,2014-08-05,7497,1
21,2014-08-05,7691,1
23,2014-08-05,7277,1
24,2014-08-05,10374,1
25,2014-08-05,11619,1
26,2014-08-05,7765,1
27,2014-08-05,11935,1
28,2014-08-05,7241,1
29,2014-08-05,8088,1
30,2014-08-05,7312,1
31,2014-08-05,6093,1
33,2014-08-05,9091,1
34,2014-08-05,9102,1
35,2014-08-05,10000,1
37,2014-08-05,7664,1
38,2014-08-05,6745,1
39,2014-08-05,5879,1
40,2014-08-05,7122,1
42,2014-08-05,11768,1
43,2014-08-05,8181,1
44,2014-08-05,7222,1
45,2014-08-05,5481,1
47,2014-08-05,8130,1
48,2014-08-05,3547,1
49,2014-08-05,9302,1
50,2014-08-05,4846,1
1,2014-08-04,5655,1
2,2014-08-04,6315,1
3,2014-08-04,9055,1
4,2014-08-04,11754,1
5,2014-08-04,5391,1
6,2014-08-04,6550,1
7,2014-08-04,15399,1
8,2014-08-04,8066,1
9,2014-08-04,10061,1
10,2014-08-04,7049,1
11,2014-08-04,11063,1
12,2014-08-04,11281,1
14,2014-08-04,7359,1
15,2014-08-04,9366,1
16,2014-08-04,10794,1
17,2014-08-04,9851,1
18,2014-08-04,8003,1
19,2014-08-04,9623,1
21,2014-08-04,10377,1
23,2014-08-04,8259,1
24,2014-08-04,13152,1
25,2014-08-04,13970,1
26,2014-08-04,11500,1
27,2014-08-04,14324,1
28,2014-08-04,6602,1
29,2014-08-04,11503,1
30,2014-08-04,7540,1
31,2014-08-04,7732,1
33,2014-08-04,10777,1
34,2014-08-04,9911,1
35,2014-08-04,15379,1
37,2014-08-04,9732,1
38,2014-08-04,9946,1
39,2014-08-04,8164,1
40,2014-08-04,7052,1
42,2014-08-04,13557,1
43,2014-08-04,9828,1
44,2014-08-04,9485,1
45,2014-08-04,7639,1
47,2014-08-04,9961,1
48,2014-08-04,4188,1
49,2014-08-04,10251,1
50,2014-08-04,6202,1
1,2014-08-02,4731,1
2,2014-08-02,3354,1
3,2014-08-02,4157,1
4,2014-08-02,10071,1
5,2014-08-02,1593,1
6,2014-08-02,3201,1
7,2014-08-02,7956,1
8,2014-08-02,3100,1
9,2014-08-02,6233,1
10,2014-08-02,5284,1
11,2014-08-02,5969,1
12,2014-08-02,5617,1
14,2014-08-02,3488,1
15,2014-08-02,5124,1
16,2014-08-02,5719,1
17,2014-08-02,2589,1
18,2014-08-02,4832,1
19,2014-08-02,4310,1
21,2014-08-02,5484,1
23,2014-08-02,4566,1
24,2014-08-02,6913,1
25,2014-08-02,8941,1
26,2014-08-02,4853,1
27,2014-08-02,7180,1
28,2014-08-02,2707,1
29,2014-08-02,6198,1
30,2014-08-02,4057,1
31,2014-08-02,4998,1
33,2014-08-02,8745,1
34,2014-08-02,6956,1
35,2014-08-02,7897,1
37,2014-08-02,6552,1
38,2014-08-02,5566,1
39,2014-08-02,3817,1
40,2014-08-02,5544,1
42,2014-08-02,8375,1
43,2014-08-02,5281,1
44,2014-08-02,4117,1
45,2014-08-02,5390,1
47,2014-08-02,5082,1
48,2014-08-02,2375,1
49,2014-08-02,8022,1
50,2014-08-02,4617,1
1,2014-08-01,5038,1
2,2014-08-01,5434,1
3,2014-08-01,7893,1
4,2014-08-01,11112,1
5,2014-08-01,4381,1
6,2014-08-01,5931,1
7,2014-08-01,11885,1
8,2014-08-01,6115,1
9,2014-08-01,8424,1
10,2014-08-01,6997,1
11,2014-08-01,8908,1
12,2014-08-01,7786,1
14,2014-08-01,6584,1
15,2014-08-01,7752,1
16,2014-08-01,9102,1
17,2014-08-01,7958,1
18,2014-08-01,8738,1
19,2014-08-01,7663,1
21,2014-08-01,6535,1
23,2014-08-01,6459,1
24,2014-08-01,11883,1
25,2014-08-01,11359,1
26,2014-08-01,8314,1
27,2014-08-01,10268,1
28,2014-08-01,6711,1
29,2014-08-01,8502,1
30,2014-08-01,5311,1
31,2014-08-01,6744,1
33,2014-08-01,9132,1
34,2014-08-01,8598,1
35,2014-08-01,12014,1
37,2014-08-01,7953,1
38,2014-08-01,6732,1
39,2014-08-01,5512,1
40,2014-08-01,5476,1
42,2014-08-01,11181,1
43,2014-08-01,7540,1
44,2014-08-01,7967,1
45,2014-08-01,6301,1
47,2014-08-01,7948,1
48,2014-08-01,3955,1
49,2014-08-01,9048,1
50,2014-08-01,5137,1
1,2014-07-31,5106,1
2,2014-07-31,6301,1
3,2014-07-31,8891,1
4,2014-07-31,12533,1
5,2014-07-31,5824,1
6,2014-07-31,5933,1
7,2014-07-31,13183,1
8,2014-07-31,7337,1
9,2014-07-31,8176,1
10,2014-07-31,6637,1
11,2014-07-31,10907,1
12,2014-07-31,8663,1
14,2014-07-31,5905,1
15,2014-07-31,8166,1
16,2014-07-31,10638,1
17,2014-07-31,9112,1
18,2014-07-31,8409,1
19,2014-07-31,8081,1
21,2014-07-31,7539,1
23,2014-07-31,7307,1
24,2014-07-31,12192,1
25,2014-07-31,14977,1
26,2014-07-31,8714,1
27,2014-07-31,12380,1
28,2014-07-31,8306,1
29,2014-07-31,8724,1
30,2014-07-31,6919,1
31,2014-07-31,7091,1
33,2014-07-31,10278,1
34,2014-07-31,9567,1
35,2014-07-31,13961,1
37,2014-07-31,8674,1
38,2014-07-31,7048,1
39,2014-07-31,8135,1
40,2014-07-31,7096,1
42,2014-07-31,12334,1
43,2014-07-31,7479,1
44,2014-07-31,7422,1
45,2014-07-31,6365,1
47,2014-07-31,9283,1
48,2014-07-31,3694,1
49,2014-07-31,9568,1
50,2014-07-31,5467,1
1,2014-07-30,5487,1
2,2014-07-30,6308,1
3,2014-07-30,8399,1
4,2014-07-30,10032,1
5,2014-07-30,5310,1
6,2014-07-30,5589,1
7,2014-07-30,13568,1
8,2014-07-30,6219,1
9,2014-07-30,7001,1
10,2014-07-30,6316,1
11,2014-07-30,9674,1
12,2014-07-30,9101,1
14,2014-07-30,5355,1
15,2014-07-30,8040,1
16,2014-07-30,10724,1
17,2014-07-30,6764,1
18,2014-07-30,7146,1
19,2014-07-30,8194,1
21,2014-07-30,7606,1
23,2014-07-30,6081,1
24,2014-07-30,11295,1
25,2014-07-30,10686,1
26,2014-07-30,7571,1
27,2014-07-30,9760,1
28,2014-07-30,6130,1
29,2014-07-30,7847,1
30,2014-07-30,5640,1
31,2014-07-30,5980,1
33,2014-07-30,8090,1
34,2014-07-30,8315,1
35,2014-07-30,10433,1
37,2014-07-30,8594,1
38,2014-07-30,6722,1
39,2014-07-30,6345,1
40,2014-07-30,6317,1
42,2014-07-30,12572,1
43,2014-07-30,7973,1
44,2014-07-30,7309,1
45,2014-07-30,6198,1
47,2014-07-30,7751,1
48,2014-07-30,3013,1
49,2014-07-30,9649,1
50,2014-07-30,4977,1
1,2014-07-29,5252,1
2,2014-07-29,5274,1
3,2014-07-29,7497,1
4,2014-07-29,9808,1
5,2014-07-29,5283,1
6,2014-07-29,5658,1
7,2014-07-29,12603,1
8,2014-07-29,6700,1
9,2014-07-29,5200,1
10,2014-07-29,6635,1
11,2014-07-29,7874,1
12,2014-07-29,8184,1
14,2014-07-29,5818,1
15,2014-07-29,6628,1
16,2014-07-29,10557,1
17,2014-07-29,7446,1
18,2014-07-29,6157,1
19,2014-07-29,7330,1
21,2014-07-29,7974,1
23,2014-07-29,7049,1
24,2014-07-29,10261,1
25,2014-07-29,11413,1
26,2014-07-29,7590,1
27,2014-07-29,10362,1
28,2014-07-29,6115,1
29,2014-07-29,8110,1
30,2014-07-29,5887,1
31,2014-07-29,6230,1
33,2014-07-29,9185,1
34,2014-07-29,8441,1
35,2014-07-29,11046,1
37,2014-07-29,8369,1
38,2014-07-29,7100,1
39,2014-07-29,6049,1
40,2014-07-29,5726,1
42,2014-07-29,10578,1
43,2014-07-29,7795,1
44,2014-07-29,7161,1
45,2014-07-29,5902,1
47,2014-07-29,7110,1
48,2014-07-29,2963,1
49,2014-07-29,9136,1
50,2014-07-29,5168,1
1,2014-07-28,5372,1
2,2014-07-28,6494,1
3,2014-07-28,8778,1
4,2014-07-28,11033,1
5,2014-07-28,6846,1
6,2014-07-28,6093,1
7,2014-07-28,13561,1
8,2014-07-28,7774,1
9,2014-07-28,7415,1
10,2014-07-28,8422,1
11,2014-07-28,8825,1
12,2014-07-28,10178,1
14,2014-07-28,6906,1
15,2014-07-28,8109,1
16,2014-07-28,10984,1
17,2014-07-28,9199,1
18,2014-07-28,8642,1
19,2014-07-28,8574,1
21,2014-07-28,10171,1
23,2014-07-28,7589,1
24,2014-07-28,11331,1
25,2014-07-28,10650,1
26,2014-07-28,10037,1
27,2014-07-28,12412,1
28,2014-07-28,8816,1
29,2014-07-28,10417,1
30,2014-07-28,6226,1
31,2014-07-28,7328,1
33,2014-07-28,9089,1
34,2014-07-28,9836,1
35,2014-07-28,14458,1
37,2014-07-28,9801,1
38,2014-07-28,8429,1
39,2014-07-28,7545,1
40,2014-07-28,6342,1
42,2014-07-28,12059,1
43,2014-07-28,8012,1
44,2014-07-28,8244,1
45,2014-07-28,6943,1
47,2014-07-28,8318,1
48,2014-07-28,3663,1
49,2014-07-28,10121,1
50,2014-07-28,5914,1
1,2014-07-26,4266,1
2,2014-07-26,2243,1
3,2014-07-26,4132,1
4,2014-07-26,8805,1
5,2014-07-26,2200,1
6,2014-07-26,2771,1
7,2014-07-26,6671,1
8,2014-07-26,2656,1
9,2014-07-26,5131,1
10,2014-07-26,5429,1
11,2014-07-26,4782,1
12,2014-07-26,5992,1
14,2014-07-26,3143,1
15,2014-07-26,5174,1
16,2014-07-26,5375,1
17,2014-07-26,2133,1
18,2014-07-26,3968,1
19,2014-07-26,3463,1
21,2014-07-26,5659,1
23,2014-07-26,4123,1
24,2014-07-26,6687,1
25,2014-07-26,7445,1
26,2014-07-26,5108,1
27,2014-07-26,6496,1
28,2014-07-26,2150,1
29,2014-07-26,6627,1
30,2014-07-26,4019,1
31,2014-07-26,4608,1
33,2014-07-26,7748,1
34,2014-07-26,7269,1
35,2014-07-26,6734,1
37,2014-07-26,6581,1
38,2014-07-26,5725,1
39,2014-07-26,3326,1
40,2014-07-26,5421,1
42,2014-07-26,6985,1
43,2014-07-26,4202,1
44,2014-07-26,3464,1
45,2014-07-26,5627,1
47,2014-07-26,5282,1
48,2014-07-26,2115,1
49,2014-07-26,7394,1
50,2014-07-26,4178,1
1,2014-07-25,3858,1
2,2014-07-25,3956,1
3,2014-07-25,4346,1
4,2014-07-25,7655,1
5,2014-07-25,3747,1
6,2014-07-25,4128,1
7,2014-07-25,9406,1
8,2014-07-25,3959,1
9,2014-07-25,5176,1
10,2014-07-25,5027,1
11,2014-07-25,5942,1
12,2014-07-25,6020,1
14,2014-07-25,4646,1
15,2014-07-25,5524,1
16,2014-07-25,7257,1
17,2014-07-25,4817,1
18,2014-07-25,6367,1
19,2014-07-25,5651,1
21,2014-07-25,4009,1
23,2014-07-25,4980,1
24,2014-07-25,8014,1
25,2014-07-25,8014,1
26,2014-07-25,5445,1
27,2014-07-25,6447,1
28,2014-07-25,4406,1
29,2014-07-25,5770,1
30,2014-07-25,3676,1
31,2014-07-25,5385,1
33,2014-07-25,7269,1
34,2014-07-25,8213,1
35,2014-07-25,8731,1
37,2014-07-25,6318,1
38,2014-07-25,4687,1
39,2014-07-25,3166,1
40,2014-07-25,4127,1
42,2014-07-25,7992,1
43,2014-07-25,6049,1
44,2014-07-25,4219,1
45,2014-07-25,4463,1
47,2014-07-25,4841,1
48,2014-07-25,2504,1
49,2014-07-25,6323,1
50,2014-07-25,3433,1
1,2014-07-24,3557,1
2,2014-07-24,3886,1
3,2014-07-24,5139,1
4,2014-07-24,7355,1
5,2014-07-24,3425,1
6,2014-07-24,4230,1
7,2014-07-24,8219,1
8,2014-07-24,4357,1
9,2014-07-24,6086,1
10,2014-07-24,4833,1
11,2014-07-24,6543,1
12,2014-07-24,5182,1
14,2014-07-24,4780,1
15,2014-07-24,4784,1
16,2014-07-24,7043,1
17,2014-07-24,4934,1
18,2014-07-24,5721,1
19,2014-07-24,5170,1
21,2014-07-24,3810,1
23,2014-07-24,5057,1
24,2014-07-24,7448,1
25,2014-07-24,8768,1
26,2014-07-24,5338,1
27,2014-07-24,6275,1
28,2014-07-24,5079,1
29,2014-07-24,5706,1
30,2014-07-24,3876,1
31,2014-07-24,4283,1
33,2014-07-24,6083,1
34,2014-07-24,5514,1
35,2014-07-24,7333,1
37,2014-07-24,5710,1
38,2014-07-24,3794,1
39,2014-07-24,3483,1
40,2014-07-24,4359,1
42,2014-07-24,7497,1
43,2014-07-24,4942,1
44,2014-07-24,4127,1
45,2014-07-24,4422,1
47,2014-07-24,4911,1
48,2014-07-24,2437,1
49,2014-07-24,6220,1
50,2014-07-24,3183,1
1,2014-07-23,3806,1
2,2014-07-23,5152,1
3,2014-07-23,5553,1
4,2014-07-23,6514,1
5,2014-07-23,4276,1
6,2014-07-23,4275,1
7,2014-07-23,8880,1
8,2014-07-23,3557,1
9,2014-07-23,5076,1
10,2014-07-23,5096,1
11,2014-07-23,7405,1
12,2014-07-23,5469,1
14,2014-07-23,4262,1
15,2014-07-23,5136,1
16,2014-07-23,7342,1
17,2014-07-23,5215,1
18,2014-07-23,5844,1
19,2014-07-23,4824,1
21,2014-07-23,4552,1
23,2014-07-23,4194,1
24,2014-07-23,6911,1
25,2014-07-23,7141,1
26,2014-07-23,4218,1
27,2014-07-23,6781,1
28,2014-07-23,4288,1
29,2014-07-23,5235,1
30,2014-07-23,3186,1
31,2014-07-23,4747,1
33,2014-07-23,5646,1
34,2014-07-23,5756,1
35,2014-07-23,7320,1
37,2014-07-23,4908,1
38,2014-07-23,3693,1
39,2014-07-23,4062,1
40,2014-07-23,4035,1
42,2014-07-23,8331,1
43,2014-07-23,5468,1
44,2014-07-23,4486,1
45,2014-07-23,4033,1
47,2014-07-23,5975,1
48,2014-07-23,2818,1
49,2014-07-23,5709,1
50,2014-07-23,3000,1
1,2014-07-22,3933,1
2,2014-07-22,4509,1
3,2014-07-22,6267,1
4,2014-07-22,7589,1
5,2014-07-22,3537,1
6,2014-07-22,4238,1
7,2014-07-22,10015,1
8,2014-07-22,3884,1
9,2014-07-22,5982,1
10,2014-07-22,4632,1
11,2014-07-22,6367,1
12,2014-07-22,5077,1
14,2014-07-22,4910,1
15,2014-07-22,4702,1
16,2014-07-22,6849,1
17,2014-07-22,5412,1
18,2014-07-22,5545,1
19,2014-07-22,5551,1
21,2014-07-22,3736,1
23,2014-07-22,4090,1
24,2014-07-22,7704,1
25,2014-07-22,8553,1
26,2014-07-22,4934,1
27,2014-07-22,8287,1
28,2014-07-22,4498,1
29,2014-07-22,5608,1
30,2014-07-22,4148,1
31,2014-07-22,4467,1
33,2014-07-22,6293,1
34,2014-07-22,6401,1
35,2014-07-22,7191,1
37,2014-07-22,4608,1
38,2014-07-22,3942,1
39,2014-07-22,3694,1
40,2014-07-22,5467,1
42,2014-07-22,8844,1
43,2014-07-22,5951,1
44,2014-07-22,4326,1
45,2014-07-22,3494,1
47,2014-07-22,5605,1
48,2014-07-22,3106,1
49,2014-07-22,5638,1
50,2014-07-22,2902,1
1,2014-07-21,4507,1
2,2014-07-21,3802,1
3,2014-07-21,5884,1
4,2014-07-21,8649,1
5,2014-07-21,3753,1
6,2014-07-21,4296,1
7,2014-07-21,10712,1
8,2014-07-21,5180,1
9,2014-07-21,5713,1
10,2014-07-21,5703,1
11,2014-07-21,7493,1
12,2014-07-21,6561,1
14,2014-07-21,4305,1
15,2014-07-21,5240,1
16,2014-07-21,7670,1
17,2014-07-21,5841,1
18,2014-07-21,5864,1
19,2014-07-21,4899,1
21,2014-07-21,4481,1
23,2014-07-21,5164,1
24,2014-07-21,7174,1
25,2014-07-21,9646,1
26,2014-07-21,5345,1
27,2014-07-21,7488,1
28,2014-07-21,4581,1
29,2014-07-21,6562,1
30,2014-07-21,2858,1
31,2014-07-21,4750,1
33,2014-07-21,6925,1
34,2014-07-21,7035,1
35,2014-07-21,8844,1
37,2014-07-21,5218,1
38,2014-07-21,4378,1
39,2014-07-21,3468,1
40,2014-07-21,6735,1
42,2014-07-21,7340,1
43,2014-07-21,5697,1
44,2014-07-21,4633,1
45,2014-07-21,4611,1
47,2014-07-21,6349,1
48,2014-07-21,3213,1
49,2014-07-21,6014,1
50,2014-07-21,3671,1
1,2014-07-19,4084,1
2,2014-07-19,3009,1
3,2014-07-19,3251,1
4,2014-07-19,8840,1
5,2014-07-19,1897,1
6,2014-07-19,3327,1
7,2014-07-19,5975,1
8,2014-07-19,2445,1
9,2014-07-19,5494,1
10,2014-07-19,4682,1
11,2014-07-19,4712,1
12,2014-07-19,4888,1
14,2014-07-19,3565,1
15,2014-07-19,4833,1
16,2014-07-19,5271,1
17,2014-07-19,2624,1
18,2014-07-19,4175,1
19,2014-07-19,4039,1
21,2014-07-19,4328,1
23,2014-07-19,4305,1
24,2014-07-19,5534,1
25,2014-07-19,7427,1
26,2014-07-19,5160,1
27,2014-07-19,5938,1
28,2014-07-19,2473,1
29,2014-07-19,5459,1
30,2014-07-19,3195,1
31,2014-07-19,5307,1
33,2014-07-19,6749,1
34,2014-07-19,5948,1
35,2014-07-19,7226,1
37,2014-07-19,6497,1
38,2014-07-19,5651,1
39,2014-07-19,2517,1
40,2014-07-19,5051,1
42,2014-07-19,7008,1
43,2014-07-19,4063,1
44,2014-07-19,3545,1
45,2014-07-19,5018,1
47,2014-07-19,4854,1
48,2014-07-19,2027,1
49,2014-07-19,7271,1
50,2014-07-19,3514,1
1,2014-07-18,4609,1
2,2014-07-18,4971,1
3,2014-07-18,6751,1
4,2014-07-18,9353,1
5,2014-07-18,5480,1
6,2014-07-18,5582,1
7,2014-07-18,10461,1
8,2014-07-18,5007,1
9,2014-07-18,6513,1
10,2014-07-18,6424,1
11,2014-07-18,7083,1
12,2014-07-18,7450,1
14,2014-07-18,5581,1
15,2014-07-18,7483,1
16,2014-07-18,7770,1
17,2014-07-18,6303,1
18,2014-07-18,7482,1
19,2014-07-18,6332,1
21,2014-07-18,6357,1
23,2014-07-18,6328,1
24,2014-07-18,9621,1
25,2014-07-18,10165,1
26,2014-07-18,7007,1
27,2014-07-18,9295,1
28,2014-07-18,5769,1
29,2014-07-18,7053,1
30,2014-07-18,3800,1
31,2014-07-18,6344,1
33,2014-07-18,7776,1
34,2014-07-18,7954,1
35,2014-07-18,10032,1
37,2014-07-18,7888,1
38,2014-07-18,6229,1
39,2014-07-18,4523,1
40,2014-07-18,5301,1
42,2014-07-18,9477,1
43,2014-07-18,7264,1
44,2014-07-18,6011,1
45,2014-07-18,5759,1
47,2014-07-18,7105,1
48,2014-07-18,3274,1
49,2014-07-18,8205,1
50,2014-07-18,4664,1
1,2014-07-17,4685,1
2,2014-07-17,5315,1
3,2014-07-17,7874,1
4,2014-07-17,10045,1
5,2014-07-17,5421,1
6,2014-07-17,5440,1
7,2014-07-17,8914,1
8,2014-07-17,7147,1
9,2014-07-17,7173,1
10,2014-07-17,6070,1
11,2014-07-17,7915,1
12,2014-07-17,8322,1
14,2014-07-17,5621,1
15,2014-07-17,6535,1
16,2014-07-17,8096,1
17,2014-07-17,7451,1
18,2014-07-17,7034,1
19,2014-07-17,7419,1
21,2014-07-17,6157,1
23,2014-07-17,6271,1
24,2014-07-17,8971,1
25,2014-07-17,11722,1
26,2014-07-17,7676,1
27,2014-07-17,10288,1
28,2014-07-17,6707,1
29,2014-07-17,7439,1
30,2014-07-17,5670,1
31,2014-07-17,5628,1
33,2014-07-17,8146,1
34,2014-07-17,8048,1
35,2014-07-17,10777,1
37,2014-07-17,7831,1
38,2014-07-17,6255,1
39,2014-07-17,4895,1
40,2014-07-17,5778,1
42,2014-07-17,10630,1
43,2014-07-17,7122,1
44,2014-07-17,5108,1
45,2014-07-17,5804,1
47,2014-07-17,7428,1
48,2014-07-17,3680,1
49,2014-07-17,6893,1
50,2014-07-17,4625,1
1,2014-07-16,5424,1
2,2014-07-16,7113,1
3,2014-07-16,8036,1
4,2014-07-16,10720,1
5,2014-07-16,6106,1
6,2014-07-16,5827,1
7,2014-07-16,10249,1
8,2014-07-16,6317,1
9,2014-07-16,6812,1
10,2014-07-16,6726,1
11,2014-07-16,9157,1
12,2014-07-16,8984,1
14,2014-07-16,5301,1
15,2014-07-16,6998,1
16,2014-07-16,9037,1
17,2014-07-16,8001,1
18,2014-07-16,7660,1
19,2014-07-16,7427,1
21,2014-07-16,6204,1
23,2014-07-16,5749,1
24,2014-07-16,9861,1
25,2014-07-16,11401,1
26,2014-07-16,7499,1
27,2014-07-16,11162,1
28,2014-07-16,6867,1
29,2014-07-16,8089,1
30,2014-07-16,5245,1
31,2014-07-16,6573,1
33,2014-07-16,7303,1
34,2014-07-16,8843,1
35,2014-07-16,11174,1
37,2014-07-16,7525,1
38,2014-07-16,6564,1
39,2014-07-16,6091,1
40,2014-07-16,5987,1
42,2014-07-16,11974,1
43,2014-07-16,7687,1
44,2014-07-16,6186,1
45,2014-07-16,5332,1
47,2014-07-16,8197,1
48,2014-07-16,3854,1
49,2014-07-16,7706,1
50,2014-07-16,5182,1
1,2014-07-15,5298,1
2,2014-07-15,6361,1
3,2014-07-15,9153,1
4,2014-07-15,10719,1
5,2014-07-15,6197,1
6,2014-07-15,6831,1
7,2014-07-15,11693,1
8,2014-07-15,7085,1
9,2014-07-15,8652,1
10,2014-07-15,6704,1
11,2014-07-15,9379,1
12,2014-07-15,8940,1
14,2014-07-15,6465,1
15,2014-07-15,7766,1
16,2014-07-15,10124,1
17,2014-07-15,8993,1
18,2014-07-15,7430,1
19,2014-07-15,8485,1
21,2014-07-15,6587,1
23,2014-07-15,6458,1
24,2014-07-15,10634,1
25,2014-07-15,9814,1
26,2014-07-15,8352,1
27,2014-07-15,13209,1
28,2014-07-15,7506,1
29,2014-07-15,8949,1
30,2014-07-15,6864,1
31,2014-07-15,6217,1
33,2014-07-15,8346,1
34,2014-07-15,8522,1
35,2014-07-15,12373,1
37,2014-07-15,7485,1
38,2014-07-15,7378,1
39,2014-07-15,6235,1
40,2014-07-15,6596,1
42,2014-07-15,11479,1
43,2014-07-15,7770,1
44,2014-07-15,7068,1
45,2014-07-15,5587,1
47,2014-07-15,7971,1
48,2014-07-15,3948,1
49,2014-07-15,8125,1
50,2014-07-15,4851,1
1,2014-07-14,5083,1
2,2014-07-14,7014,1
3,2014-07-14,8761,1
4,2014-07-14,12949,1
5,2014-07-14,7096,1
6,2014-07-14,6693,1
7,2014-07-14,13336,1
8,2014-07-14,7606,1
9,2014-07-14,8532,1
10,2014-07-14,7386,1
11,2014-07-14,9391,1
12,2014-07-14,9503,1
14,2014-07-14,6832,1
15,2014-07-14,8640,1
16,2014-07-14,10485,1
17,2014-07-14,9236,1
18,2014-07-14,8840,1
19,2014-07-14,8307,1
21,2014-07-14,8072,1
23,2014-07-14,8005,1
24,2014-07-14,11610,1
25,2014-07-14,13390,1
26,2014-07-14,10114,1
27,2014-07-14,12131,1
28,2014-07-14,7772,1
29,2014-07-14,10759,1
30,2014-07-14,7054,1
31,2014-07-14,6942,1
33,2014-07-14,11226,1
34,2014-07-14,10205,1
35,2014-07-14,14708,1
37,2014-07-14,8240,1
38,2014-07-14,10058,1
39,2014-07-14,7912,1
40,2014-07-14,6609,1
42,2014-07-14,12241,1
43,2014-07-14,8742,1
44,2014-07-14,8321,1
45,2014-07-14,6456,1
47,2014-07-14,8781,1
48,2014-07-14,3961,1
49,2014-07-14,10161,1
50,2014-07-14,5414,1
1,2014-07-12,4409,1
2,2014-07-12,2806,1
3,2014-07-12,4098,1
4,2014-07-12,10335,1
5,2014-07-12,2340,1
6,2014-07-12,3054,1
7,2014-07-12,6767,1
8,2014-07-12,2969,1
9,2014-07-12,6388,1
10,2014-07-12,4682,1
11,2014-07-12,5998,1
12,2014-07-12,6428,1
14,2014-07-12,3663,1
15,2014-07-12,5864,1
16,2014-07-12,5331,1
17,2014-07-12,2822,1
18,2014-07-12,4864,1
19,2014-07-12,3638,1
21,2014-07-12,5026,1
23,2014-07-12,4241,1
24,2014-07-12,7328,1
25,2014-07-12,8606,1
26,2014-07-12,5567,1
27,2014-07-12,7655,1
28,2014-07-12,2878,1
29,2014-07-12,6608,1
30,2014-07-12,3929,1
31,2014-07-12,6049,1
33,2014-07-12,8424,1
34,2014-07-12,7912,1
35,2014-07-12,8211,1
37,2014-07-12,7792,1
38,2014-07-12,6457,1
39,2014-07-12,3001,1
40,2014-07-12,5992,1
42,2014-07-12,8180,1
43,2014-07-12,4835,1
44,2014-07-12,3771,1
45,2014-07-12,5530,1
47,2014-07-12,5890,1
48,2014-07-12,2608,1
49,2014-07-12,7388,1
50,2014-07-12,3988,1
1,2014-07-11,4020,1
2,2014-07-11,3402,1
3,2014-07-11,6441,1
4,2014-07-11,9195,1
5,2014-07-11,3991,1
6,2014-07-11,4599,1
7,2014-07-11,9687,1
8,2014-07-11,4483,1
9,2014-07-11,5765,1
10,2014-07-11,5331,1
11,2014-07-11,6971,1
12,2014-07-11,7150,1
14,2014-07-11,4670,1
15,2014-07-11,6783,1
16,2014-07-11,7012,1
17,2014-07-11,5434,1
18,2014-07-11,6439,1
19,2014-07-11,5573,1
21,2014-07-11,4351,1
23,2014-07-11,4893,1
24,2014-07-11,7930,1
25,2014-07-11,9493,1
26,2014-07-11,5131,1
27,2014-07-11,8123,1
28,2014-07-11,4813,1
29,2014-07-11,5993,1
30,2014-07-11,3349,1
31,2014-07-11,6274,1
33,2014-07-11,7445,1
34,2014-07-11,7572,1
35,2014-07-11,7590,1
37,2014-07-11,6112,1
38,2014-07-11,4181,1
39,2014-07-11,3860,1
40,2014-07-11,4220,1
42,2014-07-11,8951,1
43,2014-07-11,6267,1
44,2014-07-11,4689,1
45,2014-07-11,4466,1
47,2014-07-11,6704,1
48,2014-07-11,3017,1
49,2014-07-11,7065,1
50,2014-07-11,3078,1
1,2014-07-10,3741,1
2,2014-07-10,4557,1
3,2014-07-10,6701,1
4,2014-07-10,10000,1
5,2014-07-10,3465,1
6,2014-07-10,3883,1
7,2014-07-10,7713,1
8,2014-07-10,5518,1
9,2014-07-10,5924,1
10,2014-07-10,4693,1
11,2014-07-10,7342,1
12,2014-07-10,6384,1
14,2014-07-10,5215,1
15,2014-07-10,5868,1
16,2014-07-10,7174,1
17,2014-07-10,5834,1
18,2014-07-10,5200,1
19,2014-07-10,5891,1
21,2014-07-10,3948,1
23,2014-07-10,4363,1
24,2014-07-10,8334,1
25,2014-07-10,10838,1
26,2014-07-10,5052,1
27,2014-07-10,8014,1
28,2014-07-10,5203,1
29,2014-07-10,6338,1
30,2014-07-10,5297,1
31,2014-07-10,5027,1
33,2014-07-10,7526,1
34,2014-07-10,7724,1
35,2014-07-10,7606,1
37,2014-07-10,5152,1
38,2014-07-10,4045,1
39,2014-07-10,3975,1
40,2014-07-10,5192,1
42,2014-07-10,9388,1
43,2014-07-10,5636,1
44,2014-07-10,5065,1
45,2014-07-10,4246,1
47,2014-07-10,6431,1
48,2014-07-10,3012,1
49,2014-07-10,6030,1
50,2014-07-10,3294,1
1,2014-07-09,3547,1
2,2014-07-09,4602,1
3,2014-07-09,5006,1
4,2014-07-09,9042,1
5,2014-07-09,4109,1
6,2014-07-09,4463,1
7,2014-07-09,8095,1
8,2014-07-09,4267,1
9,2014-07-09,5533,1
10,2014-07-09,3567,1
11,2014-07-09,7600,1
12,2014-07-09,6494,1
14,2014-07-09,4274,1
15,2014-07-09,5933,1
16,2014-07-09,6670,1
17,2014-07-09,4602,1
18,2014-07-09,5373,1
19,2014-07-09,4020,1
21,2014-07-09,3686,1
23,2014-07-09,4154,1
24,2014-07-09,6251,1
25,2014-07-09,8045,1
26,2014-07-09,4386,1
27,2014-07-09,6531,1
28,2014-07-09,4299,1
29,2014-07-09,5615,1
30,2014-07-09,2187,1
31,2014-07-09,4204,1
33,2014-07-09,5242,1
34,2014-07-09,7606,1
35,2014-07-09,7881,1
37,2014-07-09,4904,1
38,2014-07-09,3826,1
39,2014-07-09,2700,1
40,2014-07-09,3123,1
42,2014-07-09,7032,1
43,2014-07-09,5151,1
44,2014-07-09,4442,1
45,2014-07-09,3654,1
47,2014-07-09,6042,1
48,2014-07-09,3158,1
49,2014-07-09,5422,1
50,2014-07-09,2933,1
1,2014-07-08,4081,1
2,2014-07-08,4009,1
3,2014-07-08,5039,1
4,2014-07-08,8844,1
5,2014-07-08,3704,1
6,2014-07-08,4259,1
7,2014-07-08,8876,1
8,2014-07-08,4331,1
9,2014-07-08,4364,1
10,2014-07-08,4830,1
11,2014-07-08,6505,1
12,2014-07-08,5930,1
14,2014-07-08,4474,1
15,2014-07-08,6064,1
16,2014-07-08,6032,1
17,2014-07-08,5104,1
18,2014-07-08,5406,1
19,2014-07-08,4792,1
21,2014-07-08,3653,1
23,2014-07-08,4077,1
24,2014-07-08,6513,1
25,2014-07-08,8526,1
26,2014-07-08,5735,1
27,2014-07-08,7452,1
28,2014-07-08,4223,1
29,2014-07-08,4873,1
30,2014-07-08,2934,1
31,2014-07-08,4520,1
33,2014-07-08,5642,1
34,2014-07-08,6781,1
35,2014-07-08,8669,1
37,2014-07-08,4765,1
38,2014-07-08,3688,1
39,2014-07-08,3206,1
40,2014-07-08,3233,1
42,2014-07-08,7666,1
43,2014-07-08,4960,1
44,2014-07-08,3837,1
45,2014-07-08,3632,1
47,2014-07-08,6672,1
48,2014-07-08,2767,1
49,2014-07-08,6488,1
50,2014-07-08,2993,1
1,2014-07-07,4223,1
2,2014-07-07,3981,1
3,2014-07-07,6884,1
4,2014-07-07,9810,1
5,2014-07-07,4125,1
6,2014-07-07,4690,1
7,2014-07-07,9567,1
8,2014-07-07,5486,1
9,2014-07-07,6920,1
10,2014-07-07,5614,1
11,2014-07-07,7902,1
12,2014-07-07,6437,1
14,2014-07-07,5606,1
15,2014-07-07,5278,1
16,2014-07-07,7316,1
17,2014-07-07,5550,1
18,2014-07-07,5872,1
19,2014-07-07,6659,1
21,2014-07-07,4912,1
23,2014-07-07,4435,1
24,2014-07-07,8614,1
25,2014-07-07,11177,1
26,2014-07-07,5371,1
27,2014-07-07,9325,1
28,2014-07-07,4882,1
29,2014-07-07,6556,1
30,2014-07-07,4274,1
31,2014-07-07,5160,1
33,2014-07-07,8806,1
34,2014-07-07,8782,1
35,2014-07-07,9091,1
37,2014-07-07,4796,1
38,2014-07-07,5222,1
39,2014-07-07,4794,1
40,2014-07-07,5222,1
42,2014-07-07,10196,1
43,2014-07-07,7117,1
44,2014-07-07,4908,1
45,2014-07-07,3894,1
47,2014-07-07,6573,1
48,2014-07-07,3573,1
49,2014-07-07,5805,1
50,2014-07-07,3236,1
1,2014-07-05,5176,1
2,2014-07-05,4043,1
3,2014-07-05,4763,1
4,2014-07-05,10034,1
5,2014-07-05,2207,1
6,2014-07-05,3407,1
7,2014-07-05,5909,1
8,2014-07-05,2565,1
9,2014-07-05,6366,1
10,2014-07-05,5038,1
11,2014-07-05,6123,1
12,2014-07-05,5983,1
14,2014-07-05,3822,1
15,2014-07-05,5637,1
16,2014-07-05,5635,1
17,2014-07-05,2761,1
18,2014-07-05,4517,1
19,2014-07-05,4473,1
21,2014-07-05,5944,1
23,2014-07-05,4848,1
24,2014-07-05,7346,1
25,2014-07-05,8383,1
26,2014-07-05,5916,1
27,2014-07-05,7820,1
28,2014-07-05,2771,1
29,2014-07-05,7619,1
30,2014-07-05,4213,1
31,2014-07-05,5208,1
33,2014-07-05,8842,1
34,2014-07-05,8084,1
35,2014-07-05,8637,1
37,2014-07-05,6846,1
38,2014-07-05,6257,1
39,2014-07-05,3401,1
40,2014-07-05,5242,1
42,2014-07-05,9519,1
43,2014-07-05,5218,1
44,2014-07-05,4241,1
45,2014-07-05,5755,1
47,2014-07-05,5100,1
48,2014-07-05,2137,1
49,2014-07-05,7573,1
50,2014-07-05,4398,1
1,2014-07-04,4025,1
2,2014-07-04,5200,1
3,2014-07-04,7585,1
4,2014-07-04,8551,1
5,2014-07-04,4886,1
6,2014-07-04,5783,1
7,2014-07-04,9588,1
8,2014-07-04,5093,1
9,2014-07-04,6406,1
10,2014-07-04,5176,1
11,2014-07-04,7106,1
12,2014-07-04,7248,1
14,2014-07-04,6250,1
15,2014-07-04,6220,1
16,2014-07-04,7644,1
17,2014-07-04,5946,1
18,2014-07-04,7732,1
19,2014-07-04,7501,1
21,2014-07-04,5337,1
23,2014-07-04,5875,1
24,2014-07-04,10936,1
25,2014-07-04,10940,1
26,2014-07-04,7043,1
27,2014-07-04,9132,1
28,2014-07-04,6476,1
29,2014-07-04,7349,1
30,2014-07-04,4609,1
31,2014-07-04,5783,1
33,2014-07-04,8882,1
34,2014-07-04,7690,1
35,2014-07-04,9396,1
37,2014-07-04,6291,1
38,2014-07-04,4929,1
39,2014-07-04,5106,1
40,2014-07-04,4487,1
42,2014-07-04,9677,1
43,2014-07-04,8364,1
44,2014-07-04,5671,1
45,2014-07-04,5791,1
47,2014-07-04,7665,1
48,2014-07-04,3386,1
49,2014-07-04,6877,1
50,2014-07-04,4332,1
1,2014-07-03,4756,1
2,2014-07-03,5824,1
3,2014-07-03,8883,1
4,2014-07-03,10659,1
5,2014-07-03,4704,1
6,2014-07-03,6101,1
7,2014-07-03,9955,1
8,2014-07-03,6978,1
9,2014-07-03,7373,1
10,2014-07-03,5637,1
11,2014-07-03,8803,1
12,2014-07-03,7817,1
14,2014-07-03,6249,1
15,2014-07-03,7317,1
16,2014-07-03,8886,1
17,2014-07-03,7659,1
18,2014-07-03,6348,1
19,2014-07-03,7524,1
21,2014-07-03,5911,1
23,2014-07-03,5972,1
24,2014-07-03,10919,1
25,2014-07-03,12747,1
26,2014-07-03,7203,1
27,2014-07-03,10954,1
28,2014-07-03,7075,1
29,2014-07-03,7437,1
30,2014-07-03,6753,1
31,2014-07-03,6364,1
33,2014-07-03,9240,1
34,2014-07-03,8786,1
35,2014-07-03,11316,1
37,2014-07-03,7412,1
38,2014-07-03,6096,1
39,2014-07-03,5714,1
40,2014-07-03,5887,1
42,2014-07-03,12171,1
43,2014-07-03,8262,1
44,2014-07-03,6284,1
45,2014-07-03,6337,1
47,2014-07-03,8382,1
48,2014-07-03,4146,1
49,2014-07-03,7361,1
50,2014-07-03,4537,1
1,2014-07-02,5161,1
2,2014-07-02,6623,1
3,2014-07-02,8646,1
4,2014-07-02,10575,1
5,2014-07-02,6153,1
6,2014-07-02,6288,1
7,2014-07-02,10483,1
8,2014-07-02,6475,1
9,2014-07-02,7525,1
10,2014-07-02,5951,1
11,2014-07-02,10090,1
12,2014-07-02,8299,1
14,2014-07-02,6188,1
15,2014-07-02,6976,1
16,2014-07-02,8857,1
17,2014-07-02,7450,1
18,2014-07-02,7121,1
19,2014-07-02,7932,1
21,2014-07-02,5901,1
23,2014-07-02,6240,1
24,2014-07-02,10877,1
25,2014-07-02,13290,1
26,2014-07-02,7640,1
27,2014-07-02,11581,1
28,2014-07-02,6263,1
29,2014-07-02,9271,1
30,2014-07-02,5677,1
31,2014-07-02,6054,1
33,2014-07-02,10077,1
34,2014-07-02,9807,1
35,2014-07-02,11895,1
37,2014-07-02,6794,1
38,2014-07-02,6253,1
39,2014-07-02,6683,1
40,2014-07-02,5324,1
42,2014-07-02,13290,1
43,2014-07-02,7611,1
44,2014-07-02,7262,1
45,2014-07-02,5887,1
47,2014-07-02,9268,1
48,2014-07-02,3840,1
49,2014-07-02,7486,1
50,2014-07-02,4924,1
1,2014-07-01,5138,1
2,2014-07-01,5454,1
3,2014-07-01,8373,1
4,2014-07-01,11584,1
5,2014-07-01,6407,1
6,2014-07-01,7543,1
7,2014-07-01,13249,1
8,2014-07-01,8053,1
9,2014-07-01,8829,1
10,2014-07-01,6192,1
11,2014-07-01,9340,1
12,2014-07-01,8227,1
14,2014-07-01,7293,1
15,2014-07-01,6884,1
16,2014-07-01,9869,1
17,2014-07-01,7749,1
18,2014-07-01,6846,1
19,2014-07-01,9378,1
21,2014-07-01,5271,1
23,2014-07-01,6104,1
24,2014-07-01,9444,1
25,2014-07-01,16540,1
26,2014-07-01,7899,1
27,2014-07-01,12795,1
28,2014-07-01,7214,1
29,2014-07-01,9726,1
30,2014-07-01,7763,1
31,2014-07-01,6897,1
33,2014-07-01,10269,1
34,2014-07-01,10543,1
35,2014-07-01,10966,1
37,2014-07-01,7726,1
38,2014-07-01,7615,1
39,2014-07-01,7934,1
40,2014-07-01,6305,1
42,2014-07-01,12017,1
43,2014-07-01,7380,1
44,2014-07-01,8065,1
45,2014-07-01,6461,1
47,2014-07-01,8487,1
48,2014-07-01,4435,1
49,2014-07-01,8945,1
50,2014-07-01,5407,1
1,2014-06-30,5738,1
2,2014-06-30,10682,1
3,2014-06-30,15689,1
4,2014-06-30,15672,1
5,2014-06-30,7954,1
6,2014-06-30,7662,1
7,2014-06-30,14428,1
8,2014-06-30,9775,1
9,2014-06-30,12046,1
10,2014-06-30,7707,1
11,2014-06-30,12710,1
12,2014-06-30,14265,1
13,2014-06-30,9192,1
14,2014-06-30,12620,1
15,2014-06-30,12830,1
16,2014-06-30,11163,1
17,2014-06-30,14024,1
18,2014-06-30,12802,1
19,2014-06-30,11102,1
20,2014-06-30,9229,1
21,2014-06-30,12776,1
22,2014-06-30,6757,1
23,2014-06-30,10308,1
24,2014-06-30,22015,1
25,2014-06-30,18468,1
26,2014-06-30,13047,1
27,2014-06-30,25737,1
28,2014-06-30,10961,1
29,2014-06-30,14784,1
30,2014-06-30,7961,1
31,2014-06-30,8203,1
32,2014-06-30,7094,1
33,2014-06-30,13631,1
34,2014-06-30,12950,1
35,2014-06-30,25506,1
36,2014-06-30,12138,1
37,2014-06-30,10531,1
38,2014-06-30,11630,1
39,2014-06-30,11340,1
40,2014-06-30,6912,1
41,2014-06-30,9086,1
42,2014-06-30,20786,1
43,2014-06-30,14531,1
44,2014-06-30,9887,1
45,2014-06-30,7756,1
46,2014-06-30,11673,1
47,2014-06-30,11958,1
48,2014-06-30,5193,1
49,2014-06-30,10593,1
50,2014-06-30,7752,1
1,2014-06-28,5162,1
2,2014-06-28,2644,1
3,2014-06-28,5802,1
4,2014-06-28,9601,1
5,2014-06-28,2206,1
6,2014-06-28,3343,1
7,2014-06-28,6696,1
8,2014-06-28,2810,1
9,2014-06-28,6162,1
10,2014-06-28,4606,1
11,2014-06-28,5729,1
12,2014-06-28,6416,1
13,2014-06-28,4455,1
14,2014-06-28,3691,1
15,2014-06-28,6092,1
16,2014-06-28,4983,1
17,2014-06-28,2606,1
18,2014-06-28,4621,1
19,2014-06-28,4180,1
20,2014-06-28,5572,1
21,2014-06-28,6443,1
22,2014-06-28,3142,1
23,2014-06-28,3994,1
24,2014-06-28,7699,1
25,2014-06-28,9050,1
26,2014-06-28,5718,1
27,2014-06-28,8164,1
28,2014-06-28,2608,1
29,2014-06-28,7380,1
30,2014-06-28,3865,1
31,2014-06-28,5733,1
32,2014-06-28,2142,1
33,2014-06-28,6991,1
34,2014-06-28,7482,1
35,2014-06-28,8048,1
36,2014-06-28,10295,1
37,2014-06-28,7777,1
38,2014-06-28,6728,1
39,2014-06-28,2960,1
40,2014-06-28,5515,1
41,2014-06-28,5617,1
42,2014-06-28,9000,1
43,2014-06-28,5259,1
44,2014-06-28,4055,1
45,2014-06-28,6195,1
46,2014-06-28,5509,1
47,2014-06-28,5425,1
48,2014-06-28,2776,1
49,2014-06-28,7782,1
50,2014-06-28,4555,1
1,2014-06-27,4019,1
2,2014-06-27,4646,1
3,2014-06-27,5162,1
4,2014-06-27,7556,1
5,2014-06-27,4264,1
6,2014-06-27,4786,1
7,2014-06-27,8138,1
8,2014-06-27,4334,1
9,2014-06-27,5780,1
10,2014-06-27,4626,1
11,2014-06-27,6364,1
12,2014-06-27,6691,1
13,2014-06-27,4376,1
14,2014-06-27,5393,1
15,2014-06-27,7378,1
16,2014-06-27,7479,1
17,2014-06-27,5192,1
18,2014-06-27,6731,1
19,2014-06-27,6231,1
20,2014-06-27,7149,1
21,2014-06-27,5000,1
22,2014-06-27,4103,1
23,2014-06-27,4776,1
24,2014-06-27,9152,1
25,2014-06-27,8606,1
26,2014-06-27,5600,1
27,2014-06-27,8456,1
28,2014-06-27,5114,1
29,2014-06-27,6155,1
30,2014-06-27,3667,1
31,2014-06-27,5274,1
32,2014-06-27,3797,1
33,2014-06-27,7136,1
34,2014-06-27,7557,1
35,2014-06-27,8441,1
36,2014-06-27,8588,1
37,2014-06-27,5772,1
38,2014-06-27,4693,1
39,2014-06-27,4132,1
40,2014-06-27,3909,1
41,2014-06-27,5299,1
42,2014-06-27,8976,1
43,2014-06-27,6600,1
44,2014-06-27,4636,1
45,2014-06-27,4114,1
46,2014-06-27,4918,1
47,2014-06-27,5691,1
48,2014-06-27,2929,1
49,2014-06-27,6789,1
50,2014-06-27,3816,1
1,2014-06-26,2749,1
2,2014-06-26,4215,1
3,2014-06-26,5766,1
4,2014-06-26,7080,1
5,2014-06-26,3115,1
6,2014-06-26,4103,1
7,2014-06-26,7129,1
8,2014-06-26,4779,1
9,2014-06-26,4515,1
10,2014-06-26,4633,1
11,2014-06-26,6375,1
12,2014-06-26,5093,1
13,2014-06-26,3165,1
14,2014-06-26,4501,1
15,2014-06-26,5948,1
16,2014-06-26,6204,1
17,2014-06-26,4790,1
18,2014-06-26,5589,1
19,2014-06-26,5897,1
20,2014-06-26,8118,1
21,2014-06-26,3527,1
22,2014-06-26,3499,1
23,2014-06-26,3843,1
24,2014-06-26,7087,1
25,2014-06-26,8690,1
26,2014-06-26,4559,1
27,2014-06-26,6664,1
28,2014-06-26,4567,1
29,2014-06-26,4739,1
30,2014-06-26,4155,1
31,2014-06-26,4429,1
32,2014-06-26,3422,1
33,2014-06-26,5715,1
34,2014-06-26,6387,1
35,2014-06-26,6398,1
36,2014-06-26,7684,1
37,2014-06-26,4481,1
38,2014-06-26,3500,1
39,2014-06-26,3779,1
40,2014-06-26,4054,1
41,2014-06-26,4317,1
42,2014-06-26,7762,1
43,2014-06-26,5736,1
44,2014-06-26,4110,1
45,2014-06-26,3809,1
46,2014-06-26,3323,1
47,2014-06-26,5256,1
48,2014-06-26,2807,1
49,2014-06-26,4701,1
50,2014-06-26,2323,1
1,2014-06-25,3727,1
2,2014-06-25,4767,1
3,2014-06-25,5618,1
4,2014-06-25,8450,1
5,2014-06-25,4026,1
6,2014-06-25,4299,1
7,2014-06-25,6372,1
8,2014-06-25,4058,1
9,2014-06-25,4961,1
10,2014-06-25,4823,1
11,2014-06-25,6913,1
12,2014-06-25,5858,1
13,2014-06-25,3123,1
14,2014-06-25,4776,1
15,2014-06-25,5223,1
16,2014-06-25,6970,1
17,2014-06-25,5026,1
18,2014-06-25,5654,1
19,2014-06-25,5390,1
20,2014-06-25,7212,1
21,2014-06-25,3719,1
22,2014-06-25,3987,1
23,2014-06-25,3932,1
24,2014-06-25,7418,1
25,2014-06-25,8441,1
26,2014-06-25,4952,1
27,2014-06-25,7766,1
28,2014-06-25,3700,1
29,2014-06-25,5562,1
30,2014-06-25,3153,1
31,2014-06-25,4063,1
32,2014-06-25,3493,1
33,2014-06-25,6322,1
34,2014-06-25,5857,1
35,2014-06-25,7299,1
36,2014-06-25,7800,1
37,2014-06-25,5110,1
38,2014-06-25,4456,1
39,2014-06-25,3565,1
40,2014-06-25,4471,1
41,2014-06-25,4676,1
42,2014-06-25,9217,1
43,2014-06-25,6266,1
44,2014-06-25,3877,1
45,2014-06-25,3631,1
46,2014-06-25,3344,1
47,2014-06-25,5538,1
48,2014-06-25,2788,1
49,2014-06-25,5550,1
50,2014-06-25,3038,1
1,2014-06-24,3351,1
2,2014-06-24,3787,1
3,2014-06-24,5599,1
4,2014-06-24,7723,1
5,2014-06-24,3748,1
6,2014-06-24,3938,1
7,2014-06-24,7980,1
8,2014-06-24,4828,1
9,2014-06-24,4965,1
10,2014-06-24,5442,1
11,2014-06-24,6345,1
12,2014-06-24,5532,1
13,2014-06-24,3214,1
14,2014-06-24,4779,1
15,2014-06-24,4784,1
16,2014-06-24,7388,1
17,2014-06-24,4624,1
18,2014-06-24,4739,1
19,2014-06-24,5831,1
20,2014-06-24,7104,1
21,2014-06-24,4077,1
22,2014-06-24,3463,1
23,2014-06-24,4230,1
24,2014-06-24,6385,1
25,2014-06-24,8581,1
26,2014-06-24,4448,1
27,2014-06-24,7391,1
28,2014-06-24,4178,1
29,2014-06-24,5043,1
30,2014-06-24,3969,1
31,2014-06-24,4355,1
32,2014-06-24,3700,1
33,2014-06-24,6484,1
34,2014-06-24,6544,1
35,2014-06-24,7468,1
36,2014-06-24,7048,1
37,2014-06-24,4668,1
38,2014-06-24,3352,1
39,2014-06-24,3923,1
40,2014-06-24,4258,1
41,2014-06-24,4771,1
42,2014-06-24,8268,1
43,2014-06-24,6421,1
44,2014-06-24,4097,1
45,2014-06-24,3178,1
46,2014-06-24,3812,1
47,2014-06-24,5510,1
48,2014-06-24,2687,1
49,2014-06-24,5688,1
50,2014-06-24,3050,1
1,2014-06-23,3755,1
2,2014-06-23,4066,1
3,2014-06-23,5182,1
4,2014-06-23,8998,1
5,2014-06-23,3964,1
6,2014-06-23,4689,1
7,2014-06-23,9151,1
8,2014-06-23,4795,1
9,2014-06-23,6044,1
10,2014-06-23,5683,1
11,2014-06-23,6314,1
12,2014-06-23,5262,1
13,2014-06-23,3496,1
14,2014-06-23,5243,1
15,2014-06-23,5258,1
16,2014-06-23,8136,1
17,2014-06-23,5251,1
18,2014-06-23,5987,1
19,2014-06-23,6247,1
20,2014-06-23,7856,1
21,2014-06-23,3725,1
22,2014-06-23,3826,1
23,2014-06-23,4315,1
24,2014-06-23,7902,1
25,2014-06-23,10671,1
26,2014-06-23,4605,1
27,2014-06-23,7592,1
28,2014-06-23,4677,1
29,2014-06-23,5524,1
30,2014-06-23,3971,1
31,2014-06-23,4593,1
32,2014-06-23,3706,1
33,2014-06-23,6742,1
34,2014-06-23,7847,1
35,2014-06-23,8165,1
36,2014-06-23,8028,1
37,2014-06-23,4657,1
38,2014-06-23,4063,1
39,2014-06-23,4214,1
40,2014-06-23,4601,1
41,2014-06-23,5168,1
42,2014-06-23,9330,1
43,2014-06-23,6840,1
44,2014-06-23,4909,1
45,2014-06-23,4455,1
46,2014-06-23,3991,1
47,2014-06-23,6305,1
48,2014-06-23,3284,1
49,2014-06-23,6000,1
50,2014-06-23,3015,1
1,2014-06-21,3982,1
2,2014-06-21,2514,1
3,2014-06-21,4208,1
4,2014-06-21,8683,1
5,2014-06-21,1816,1
6,2014-06-21,3093,1
7,2014-06-21,5278,1
8,2014-06-21,2759,1
9,2014-06-21,6441,1
10,2014-06-21,4282,1
11,2014-06-21,5890,1
12,2014-06-21,5657,1
13,2014-06-21,3847,1
14,2014-06-21,3763,1
15,2014-06-21,5560,1
16,2014-06-21,4718,1
17,2014-06-21,2212,1
18,2014-06-21,4271,1
19,2014-06-21,4164,1
20,2014-06-21,4862,1
21,2014-06-21,4118,1
22,2014-06-21,3435,1
23,2014-06-21,4320,1
24,2014-06-21,6935,1
25,2014-06-21,8170,1
26,2014-06-21,5447,1
27,2014-06-21,6955,1
28,2014-06-21,2147,1
29,2014-06-21,6869,1
30,2014-06-21,4339,1
31,2014-06-21,4796,1
32,2014-06-21,2509,1
33,2014-06-21,8395,1
34,2014-06-21,7164,1
35,2014-06-21,7641,1
36,2014-06-21,9174,1
37,2014-06-21,7074,1
38,2014-06-21,5479,1
39,2014-06-21,3163,1
40,2014-06-21,5398,1
41,2014-06-21,5357,1
42,2014-06-21,8340,1
43,2014-06-21,4905,1
44,2014-06-21,3629,1
45,2014-06-21,4839,1
46,2014-06-21,4351,1
47,2014-06-21,4617,1
48,2014-06-21,2702,1
49,2014-06-21,6705,1
50,2014-06-21,3933,1
1,2014-06-20,6362,1
2,2014-06-20,4572,1
3,2014-06-20,9752,1
4,2014-06-20,9503,1
5,2014-06-20,4741,1
6,2014-06-20,5661,1
7,2014-06-20,9885,1
8,2014-06-20,5236,1
9,2014-06-20,9912,1
10,2014-06-20,5656,1
11,2014-06-20,7951,1
12,2014-06-20,8407,1
13,2014-06-20,8313,1
14,2014-06-20,7821,1
15,2014-06-20,7650,1
16,2014-06-20,9442,1
17,2014-06-20,6516,1
18,2014-06-20,7606,1
19,2014-06-20,8633,1
20,2014-06-20,7783,1
21,2014-06-20,8241,1
22,2014-06-20,6302,1
23,2014-06-20,7869,1
24,2014-06-20,13215,1
25,2014-06-20,13579,1
26,2014-06-20,7857,1
27,2014-06-20,14042,1
28,2014-06-20,5815,1
29,2014-06-20,10703,1
30,2014-06-20,6268,1
31,2014-06-20,6405,1
32,2014-06-20,5299,1
33,2014-06-20,10863,1
34,2014-06-20,7739,1
35,2014-06-20,14113,1
36,2014-06-20,11480,1
37,2014-06-20,7716,1
38,2014-06-20,8032,1
39,2014-06-20,7106,1
40,2014-06-20,6792,1
41,2014-06-20,6302,1
42,2014-06-20,12999,1
43,2014-06-20,10480,1
44,2014-06-20,5975,1
45,2014-06-20,7431,1
46,2014-06-20,7983,1
47,2014-06-20,7269,1
48,2014-06-20,3456,1
49,2014-06-20,9996,1
50,2014-06-20,5973,1
2,2014-06-19,5451,1
4,2014-06-19,9446,1
5,2014-06-19,5307,1
6,2014-06-19,5173,1
7,2014-06-19,8992,1
8,2014-06-19,6638,1
10,2014-06-19,5484,1
11,2014-06-19,8144,1
12,2014-06-19,7762,1
15,2014-06-19,7401,1
17,2014-06-19,7556,1
18,2014-06-19,6763,1
26,2014-06-19,7927,1
28,2014-06-19,6139,1
31,2014-06-19,5439,1
34,2014-06-19,8103,1
37,2014-06-19,8516,1
44,2014-06-19,5571,1
47,2014-06-19,6616,1
48,2014-06-19,3943,1
1,2014-06-18,5256,1
2,2014-06-18,6300,1
3,2014-06-18,9218,1
4,2014-06-18,8791,1
5,2014-06-18,5432,1
6,2014-06-18,6214,1
7,2014-06-18,9435,1
8,2014-06-18,5944,1
9,2014-06-18,7765,1
10,2014-06-18,5833,1
11,2014-06-18,8603,1
12,2014-06-18,8013,1
13,2014-06-18,6659,1
14,2014-06-18,6666,1
15,2014-06-18,7414,1
16,2014-06-18,9138,1
17,2014-06-18,7279,1
18,2014-06-18,6792,1
19,2014-06-18,7487,1
20,2014-06-18,8983,1
21,2014-06-18,7690,1
22,2014-06-18,5230,1
23,2014-06-18,7783,1
24,2014-06-18,10414,1
25,2014-06-18,12079,1
26,2014-06-18,7306,1
27,2014-06-18,12041,1
28,2014-06-18,5942,1
29,2014-06-18,9692,1
30,2014-06-18,5748,1
31,2014-06-18,5791,1
32,2014-06-18,4994,1
33,2014-06-18,9969,1
34,2014-06-18,8666,1
35,2014-06-18,12471,1
36,2014-06-18,10560,1
37,2014-06-18,6843,1
38,2014-06-18,6576,1
39,2014-06-18,6425,1
40,2014-06-18,5156,1
41,2014-06-18,6334,1
42,2014-06-18,12508,1
43,2014-06-18,9081,1
44,2014-06-18,6422,1
45,2014-06-18,7310,1
46,2014-06-18,6938,1
47,2014-06-18,8390,1
48,2014-06-18,3684,1
49,2014-06-18,8964,1
50,2014-06-18,5046,1
1,2014-06-17,5770,1
2,2014-06-17,5830,1
3,2014-06-17,10249,1
4,2014-06-17,10097,1
5,2014-06-17,6171,1
6,2014-06-17,6429,1
7,2014-06-17,10319,1
8,2014-06-17,6640,1
9,2014-06-17,8134,1
10,2014-06-17,6750,1
11,2014-06-17,8027,1
12,2014-06-17,9316,1
13,2014-06-17,6547,1
14,2014-06-17,7253,1
15,2014-06-17,7214,1
16,2014-06-17,8841,1
17,2014-06-17,8697,1
18,2014-06-17,7076,1
19,2014-06-17,8756,1
20,2014-06-17,8746,1
21,2014-06-17,6751,1
22,2014-06-17,4510,1
23,2014-06-17,6993,1
24,2014-06-17,10524,1
25,2014-06-17,12942,1
26,2014-06-17,7889,1
27,2014-06-17,12724,1
28,2014-06-17,6699,1
29,2014-06-17,9444,1
30,2014-06-17,7305,1
31,2014-06-17,6235,1
32,2014-06-17,5408,1
33,2014-06-17,9468,1
34,2014-06-17,9699,1
35,2014-06-17,12185,1
36,2014-06-17,9346,1
37,2014-06-17,7111,1
38,2014-06-17,7078,1
39,2014-06-17,6297,1
40,2014-06-17,6110,1
41,2014-06-17,6249,1
42,2014-06-17,12940,1
43,2014-06-17,9200,1
44,2014-06-17,7389,1
45,2014-06-17,6668,1
46,2014-06-17,6858,1
47,2014-06-17,8740,1
48,2014-06-17,3971,1
49,2014-06-17,8633,1
50,2014-06-17,5574,1
1,2014-06-16,4788,1
2,2014-06-16,7394,1
3,2014-06-16,10299,1
4,2014-06-16,11121,1
5,2014-06-16,8065,1
6,2014-06-16,7068,1
7,2014-06-16,11289,1
8,2014-06-16,7949,1
9,2014-06-16,8999,1
10,2014-06-16,6816,1
11,2014-06-16,8992,1
12,2014-06-16,10956,1
13,2014-06-16,6869,1
14,2014-06-16,8350,1
15,2014-06-16,8827,1
16,2014-06-16,10157,1
17,2014-06-16,10950,1
18,2014-06-16,9875,1
19,2014-06-16,9987,1
20,2014-06-16,9044,1
21,2014-06-16,8391,1
22,2014-06-16,6022,1
23,2014-06-16,9123,1
24,2014-06-16,12748,1
25,2014-06-16,13068,1
26,2014-06-16,10543,1
27,2014-06-16,14876,1
28,2014-06-16,9443,1
29,2014-06-16,10773,1
30,2014-06-16,6979,1
31,2014-06-16,6431,1
32,2014-06-16,6460,1
33,2014-06-16,9478,1
34,2014-06-16,10375,1
35,2014-06-16,16054,1
36,2014-06-16,9814,1
37,2014-06-16,8749,1
38,2014-06-16,8561,1
39,2014-06-16,8258,1
40,2014-06-16,5813,1
41,2014-06-16,7188,1
42,2014-06-16,12662,1
43,2014-06-16,9378,1
44,2014-06-16,8249,1
45,2014-06-16,7055,1
46,2014-06-16,8821,1
47,2014-06-16,8554,1
48,2014-06-16,4354,1
49,2014-06-16,9466,1
50,2014-06-16,6275,1
1,2014-06-14,4757,1
2,2014-06-14,2897,1
3,2014-06-14,4517,1
4,2014-06-14,11209,1
5,2014-06-14,1991,1
6,2014-06-14,3171,1
7,2014-06-14,7753,1
8,2014-06-14,2576,1
9,2014-06-14,6392,1
10,2014-06-14,5188,1
11,2014-06-14,6093,1
12,2014-06-14,5945,1
13,2014-06-14,4542,1
14,2014-06-14,3202,1
15,2014-06-14,5720,1
16,2014-06-14,5194,1
17,2014-06-14,2676,1
18,2014-06-14,4665,1
19,2014-06-14,4350,1
20,2014-06-14,5347,1
21,2014-06-14,4320,1
22,2014-06-14,3069,1
23,2014-06-14,4910,1
24,2014-06-14,7572,1
25,2014-06-14,9222,1
26,2014-06-14,6093,1
27,2014-06-14,7436,1
28,2014-06-14,2795,1
29,2014-06-14,7329,1
30,2014-06-14,4299,1
31,2014-06-14,5397,1
32,2014-06-14,2233,1
33,2014-06-14,8192,1
34,2014-06-14,8268,1
35,2014-06-14,8575,1
36,2014-06-14,9233,1
37,2014-06-14,7872,1
38,2014-06-14,6462,1
39,2014-06-14,2680,1
40,2014-06-14,5058,1
41,2014-06-14,6129,1
42,2014-06-14,8581,1
43,2014-06-14,3345,1
44,2014-06-14,3837,1
45,2014-06-14,5819,1
46,2014-06-14,5048,1
47,2014-06-14,5376,1
48,2014-06-14,2614,1
49,2014-06-14,7559,1
50,2014-06-14,4389,1
1,2014-06-13,3901,1
2,2014-06-13,4568,1
3,2014-06-13,6343,1
4,2014-06-13,8077,1
5,2014-06-13,4176,1
6,2014-06-13,5461,1
7,2014-06-13,9202,1
8,2014-06-13,4417,1
9,2014-06-13,6052,1
10,2014-06-13,5047,1
11,2014-06-13,6433,1
12,2014-06-13,5791,1
13,2014-06-13,3760,1
14,2014-06-13,5548,1
15,2014-06-13,5571,1
16,2014-06-13,6516,1
17,2014-06-13,5699,1
18,2014-06-13,6429,1
19,2014-06-13,6469,1
20,2014-06-13,6590,1
21,2014-06-13,4425,1
22,2014-06-13,3903,1
23,2014-06-13,5043,1
24,2014-06-13,8190,1
25,2014-06-13,9709,1
26,2014-06-13,5895,1
27,2014-06-13,7879,1
28,2014-06-13,5098,1
29,2014-06-13,6201,1
30,2014-06-13,3851,1
31,2014-06-13,5161,1
32,2014-06-13,4058,1
33,2014-06-13,7374,1
34,2014-06-13,7114,1
35,2014-06-13,7866,1
36,2014-06-13,8330,1
37,2014-06-13,6621,1
38,2014-06-13,4371,1
39,2014-06-13,3196,1
40,2014-06-13,4025,1
41,2014-06-13,6652,1
42,2014-06-13,9021,1
43,2014-06-13,6164,1
44,2014-06-13,5360,1
45,2014-06-13,5024,1
46,2014-06-13,4491,1
47,2014-06-13,5626,1
48,2014-06-13,3243,1
49,2014-06-13,7018,1
50,2014-06-13,3534,1
1,2014-06-12,3702,1
2,2014-06-12,5187,1
3,2014-06-12,6889,1
4,2014-06-12,8637,1
5,2014-06-12,4585,1
6,2014-06-12,4546,1
7,2014-06-12,8160,1
8,2014-06-12,5671,1
9,2014-06-12,5728,1
10,2014-06-12,5746,1
11,2014-06-12,7638,1
12,2014-06-12,6615,1
13,2014-06-12,3593,1
14,2014-06-12,5387,1
15,2014-06-12,6188,1
16,2014-06-12,6945,1
17,2014-06-12,5732,1
18,2014-06-12,6098,1
19,2014-06-12,5918,1
20,2014-06-12,8745,1
21,2014-06-12,3486,1
22,2014-06-12,3671,1
23,2014-06-12,4248,1
24,2014-06-12,8541,1
25,2014-06-12,10346,1
26,2014-06-12,6839,1
27,2014-06-12,8186,1
28,2014-06-12,5779,1
29,2014-06-12,6268,1
30,2014-06-12,4889,1
31,2014-06-12,5157,1
32,2014-06-12,3840,1
33,2014-06-12,6782,1
34,2014-06-12,8636,1
35,2014-06-12,8188,1
36,2014-06-12,7631,1
37,2014-06-12,6072,1
38,2014-06-12,3986,1
39,2014-06-12,4378,1
40,2014-06-12,3875,1
41,2014-06-12,5261,1
42,2014-06-12,9666,1
43,2014-06-12,5884,1
44,2014-06-12,5050,1
45,2014-06-12,4468,1
46,2014-06-12,4318,1
47,2014-06-12,5831,1
48,2014-06-12,3410,1
49,2014-06-12,6290,1
50,2014-06-12,3730,1
1,2014-06-11,4207,1
2,2014-06-11,4976,1
3,2014-06-11,5947,1
4,2014-06-11,8163,1
5,2014-06-11,3857,1
6,2014-06-11,4961,1
7,2014-06-11,8592,1
8,2014-06-11,4787,1
9,2014-06-11,6042,1
10,2014-06-11,5163,1
11,2014-06-11,8031,1
12,2014-06-11,6395,1
13,2014-06-11,3415,1
14,2014-06-11,5081,1
15,2014-06-11,5951,1
16,2014-06-11,7274,1
17,2014-06-11,5154,1
18,2014-06-11,6427,1
19,2014-06-11,5724,1
20,2014-06-11,7652,1
21,2014-06-11,3857,1
22,2014-06-11,3704,1
23,2014-06-11,4726,1
24,2014-06-11,7064,1
25,2014-06-11,9891,1
26,2014-06-11,5669,1
27,2014-06-11,7927,1
28,2014-06-11,4029,1
29,2014-06-11,6064,1
30,2014-06-11,4155,1
31,2014-06-11,5180,1
32,2014-06-11,4044,1
33,2014-06-11,6668,1
34,2014-06-11,7218,1
35,2014-06-11,8352,1
36,2014-06-11,8626,1
37,2014-06-11,5047,1
38,2014-06-11,4402,1
39,2014-06-11,4228,1
40,2014-06-11,3812,1
41,2014-06-11,5679,1
42,2014-06-11,8776,1
43,2014-06-11,6462,1
44,2014-06-11,4642,1
45,2014-06-11,3791,1
46,2014-06-11,3966,1
47,2014-06-11,6463,1
48,2014-06-11,3323,1
49,2014-06-11,6374,1
50,2014-06-11,3354,1
1,2014-06-10,4607,1
2,2014-06-10,4403,1
3,2014-06-10,5831,1
4,2014-06-10,10239,1
5,2014-06-10,4196,1
6,2014-06-10,5179,1
7,2014-06-10,10432,1
8,2014-06-10,5891,1
9,2014-06-10,6937,1
10,2014-06-10,5762,1
11,2014-06-10,7761,1
12,2014-06-10,6604,1
13,2014-06-10,3589,1
14,2014-06-10,5824,1
15,2014-06-10,6525,1
16,2014-06-10,7559,1
17,2014-06-10,5480,1
18,2014-06-10,6171,1
19,2014-06-10,6445,1
20,2014-06-10,8986,1
21,2014-06-10,4338,1
22,2014-06-10,4527,1
23,2014-06-10,5112,1
24,2014-06-10,7585,1
25,2014-06-10,11493,1
26,2014-06-10,5239,1
27,2014-06-10,8642,1
28,2014-06-10,5094,1
29,2014-06-10,4920,1
30,2014-06-10,4459,1
31,2014-06-10,5873,1
32,2014-06-10,4047,1
33,2014-06-10,7970,1
34,2014-06-10,8373,1
35,2014-06-10,9192,1
36,2014-06-10,8774,1
37,2014-06-10,4853,1
38,2014-06-10,5187,1
39,2014-06-10,4510,1
40,2014-06-10,4341,1
41,2014-06-10,6259,1
42,2014-06-10,9405,1
43,2014-06-10,6810,1
44,2014-06-10,5370,1
45,2014-06-10,4774,1
46,2014-06-10,4549,1
47,2014-06-10,6539,1
48,2014-06-10,3311,1
49,2014-06-10,7487,1
50,2014-06-10,4400,1
1,2014-06-07,4923,1
2,2014-06-07,2893,1
3,2014-06-07,4903,1
4,2014-06-07,10164,1
5,2014-06-07,2461,1
6,2014-06-07,2355,1
7,2014-06-07,6822,1
8,2014-06-07,2878,1
9,2014-06-07,6677,1
10,2014-06-07,5189,1
11,2014-06-07,5480,1
12,2014-06-07,6030,1
13,2014-06-07,4408,1
14,2014-06-07,4034,1
15,2014-06-07,5760,1
16,2014-06-07,5542,1
17,2014-06-07,3064,1
18,2014-06-07,4420,1
19,2014-06-07,4708,1
20,2014-06-07,6138,1
21,2014-06-07,4951,1
22,2014-06-07,3795,1
23,2014-06-07,4370,1
24,2014-06-07,6875,1
25,2014-06-07,9017,1
26,2014-06-07,5394,1
27,2014-06-07,7705,1
28,2014-06-07,2892,1
29,2014-06-07,7212,1
30,2014-06-07,4275,1
31,2014-06-07,5313,1
32,2014-06-07,2760,1
33,2014-06-07,8487,1
34,2014-06-07,8441,1
35,2014-06-07,8150,1
36,2014-06-07,10589,1
37,2014-06-07,6580,1
38,2014-06-07,5621,1
39,2014-06-07,3445,1
40,2014-06-07,4994,1
41,2014-06-07,5402,1
42,2014-06-07,8180,1
43,2014-06-07,4581,1
44,2014-06-07,3769,1
45,2014-06-07,5814,1
46,2014-06-07,5704,1
47,2014-06-07,5179,1
48,2014-06-07,2334,1
49,2014-06-07,8051,1
50,2014-06-07,3988,1
1,2014-06-06,4957,1
2,2014-06-06,5064,1
3,2014-06-06,8015,1
4,2014-06-06,10705,1
5,2014-06-06,5884,1
6,2014-06-06,6658,1
7,2014-06-06,11061,1
8,2014-06-06,5789,1
9,2014-06-06,7976,1
10,2014-06-06,6907,1
11,2014-06-06,8649,1
12,2014-06-06,7309,1
13,2014-06-06,7027,1
14,2014-06-06,6660,1
15,2014-06-06,8476,1
16,2014-06-06,9883,1
17,2014-06-06,6699,1
18,2014-06-06,7579,1
19,2014-06-06,7084,1
20,2014-06-06,8497,1
21,2014-06-06,6801,1
22,2014-06-06,5868,1
23,2014-06-06,5799,1
24,2014-06-06,10188,1
25,2014-06-06,11044,1
26,2014-06-06,7802,1
27,2014-06-06,10653,1
28,2014-06-06,6170,1
29,2014-06-06,7581,1
30,2014-06-06,4977,1
31,2014-06-06,7160,1
32,2014-06-06,5667,1
33,2014-06-06,10022,1
34,2014-06-06,8586,1
35,2014-06-06,11642,1
36,2014-06-06,10417,1
37,2014-06-06,7888,1
38,2014-06-06,5044,1
39,2014-06-06,5573,1
40,2014-06-06,5466,1
41,2014-06-06,5499,1
42,2014-06-06,10906,1
43,2014-06-06,8024,1
44,2014-06-06,6560,1
45,2014-06-06,5635,1
46,2014-06-06,6071,1
47,2014-06-06,8266,1
48,2014-06-06,4497,1
49,2014-06-06,8806,1
50,2014-06-06,4846,1
1,2014-06-05,5278,1
2,2014-06-05,5957,1
3,2014-06-05,8018,1
4,2014-06-05,10774,1
5,2014-06-05,5247,1
6,2014-06-05,5409,1
7,2014-06-05,9786,1
8,2014-06-05,6476,1
9,2014-06-05,7192,1
10,2014-06-05,6711,1
11,2014-06-05,8078,1
12,2014-06-05,7994,1
13,2014-06-05,5582,1
14,2014-06-05,6151,1
15,2014-06-05,7580,1
16,2014-06-05,9389,1
17,2014-06-05,6982,1
18,2014-06-05,7664,1
19,2014-06-05,8106,1
20,2014-06-05,10021,1
21,2014-06-05,6133,1
22,2014-06-05,5419,1
23,2014-06-05,6271,1
24,2014-06-05,9977,1
25,2014-06-05,12066,1
26,2014-06-05,8312,1
27,2014-06-05,10638,1
28,2014-06-05,6416,1
29,2014-06-05,7916,1
30,2014-06-05,6727,1
31,2014-06-05,6333,1
32,2014-06-05,4879,1
33,2014-06-05,8597,1
34,2014-06-05,8083,1
35,2014-06-05,11506,1
36,2014-06-05,10003,1
37,2014-06-05,8851,1
38,2014-06-05,5715,1
39,2014-06-05,5167,1
40,2014-06-05,5674,1
41,2014-06-05,5896,1
42,2014-06-05,10967,1
43,2014-06-05,8151,1
44,2014-06-05,5555,1
45,2014-06-05,5957,1
46,2014-06-05,6134,1
47,2014-06-05,7377,1
48,2014-06-05,3114,1
49,2014-06-05,7391,1
50,2014-06-05,4812,1
1,2014-06-04,5229,1
2,2014-06-04,7006,1
3,2014-06-04,7768,1
4,2014-06-04,10584,1
5,2014-06-04,6056,1
6,2014-06-04,5885,1
7,2014-06-04,8848,1
8,2014-06-04,7052,1
9,2014-06-04,7814,1
10,2014-06-04,6406,1
11,2014-06-04,9281,1
12,2014-06-04,9235,1
13,2014-06-04,5621,1
14,2014-06-04,6998,1
15,2014-06-04,7080,1
16,2014-06-04,9560,1
17,2014-06-04,7497,1
18,2014-06-04,7178,1
19,2014-06-04,7385,1
20,2014-06-04,8896,1
21,2014-06-04,5779,1
22,2014-06-04,5508,1
23,2014-06-04,6407,1
24,2014-06-04,9984,1
25,2014-06-04,11801,1
26,2014-06-04,8372,1
27,2014-06-04,11825,1
28,2014-06-04,6176,1
29,2014-06-04,8753,1
30,2014-06-04,5923,1
31,2014-06-04,6123,1
32,2014-06-04,5757,1
33,2014-06-04,9290,1
34,2014-06-04,9680,1
35,2014-06-04,12144,1
36,2014-06-04,9295,1
37,2014-06-04,7509,1
38,2014-06-04,7204,1
39,2014-06-04,6134,1
40,2014-06-04,5281,1
41,2014-06-04,6543,1
42,2014-06-04,11961,1
43,2014-06-04,8182,1
44,2014-06-04,6819,1
45,2014-06-04,5736,1
46,2014-06-04,6538,1
47,2014-06-04,8784,1
48,2014-06-04,3496,1
49,2014-06-04,9340,1
50,2014-06-04,4966,1
1,2014-06-03,5614,1
2,2014-06-03,5619,1
3,2014-06-03,9614,1
4,2014-06-03,11083,1
5,2014-06-03,5732,1
6,2014-06-03,6792,1
7,2014-06-03,11509,1
8,2014-06-03,7251,1
9,2014-06-03,8225,1
10,2014-06-03,6491,1
11,2014-06-03,9521,1
12,2014-06-03,9576,1
13,2014-06-03,7053,1
14,2014-06-03,7806,1
15,2014-06-03,7805,1
16,2014-06-03,9438,1
17,2014-06-03,9096,1
18,2014-06-03,7537,1
19,2014-06-03,9048,1
20,2014-06-03,9777,1
21,2014-06-03,7180,1
22,2014-06-03,5507,1
23,2014-06-03,6360,1
24,2014-06-03,10534,1
25,2014-06-03,14094,1
26,2014-06-03,8275,1
27,2014-06-03,13131,1
28,2014-06-03,7342,1
29,2014-06-03,9964,1
30,2014-06-03,7601,1
31,2014-06-03,7002,1
32,2014-06-03,6050,1
33,2014-06-03,10045,1
34,2014-06-03,9452,1
35,2014-06-03,12508,1
36,2014-06-03,10609,1
37,2014-06-03,7891,1
38,2014-06-03,8435,1
39,2014-06-03,6947,1
40,2014-06-03,6127,1
41,2014-06-03,6567,1
42,2014-06-03,12872,1
43,2014-06-03,9474,1
44,2014-06-03,7288,1
45,2014-06-03,5339,1
46,2014-06-03,7193,1
47,2014-06-03,8991,1
48,2014-06-03,4132,1
49,2014-06-03,9462,1
50,2014-06-03,5320,1
1,2014-06-02,6071,1
2,2014-06-02,7320,1
3,2014-06-02,10912,1
4,2014-06-02,13087,1
5,2014-06-02,7860,1
6,2014-06-02,8111,1
7,2014-06-02,13694,1
8,2014-06-02,8799,1
9,2014-06-02,10768,1
10,2014-06-02,9211,1
11,2014-06-02,10142,1
12,2014-06-02,12240,1
13,2014-06-02,7982,1
14,2014-06-02,8274,1
15,2014-06-02,8456,1
16,2014-06-02,11015,1
17,2014-06-02,10499,1
18,2014-06-02,9935,1
19,2014-06-02,10696,1
20,2014-06-02,11591,1
21,2014-06-02,8949,1
22,2014-06-02,6509,1
23,2014-06-02,8870,1
24,2014-06-02,14498,1
25,2014-06-02,16344,1
26,2014-06-02,10433,1
27,2014-06-02,16037,1
28,2014-06-02,9874,1
29,2014-06-02,12247,1
30,2014-06-02,8058,1
31,2014-06-02,7507,1
32,2014-06-02,6747,1
33,2014-06-02,12287,1
34,2014-06-02,12617,1
35,2014-06-02,15689,1
36,2014-06-02,12312,1
37,2014-06-02,10941,1
38,2014-06-02,8970,1
39,2014-06-02,9064,1
40,2014-06-02,6506,1
41,2014-06-02,7576,1
42,2014-06-02,14315,1
43,2014-06-02,11606,1
44,2014-06-02,9518,1
45,2014-06-02,7210,1
46,2014-06-02,9397,1
47,2014-06-02,11123,1
48,2014-06-02,4933,1
49,2014-06-02,10996,1
50,2014-06-02,5976,1
1,2014-05-31,4985,1
2,2014-05-31,2953,1
3,2014-05-31,4725,1
4,2014-05-31,11018,1
5,2014-05-31,2026,1
6,2014-05-31,3438,1
7,2014-05-31,7692,1
8,2014-05-31,2990,1
9,2014-05-31,6444,1
10,2014-05-31,5322,1
11,2014-05-31,6383,1
12,2014-05-31,5905,1
13,2014-05-31,4695,1
14,2014-05-31,3390,1
15,2014-05-31,6328,1
16,2014-05-31,6143,1
17,2014-05-31,2897,1
18,2014-05-31,5238,1
19,2014-05-31,5450,1
20,2014-05-31,5704,1
21,2014-05-31,5053,1
22,2014-05-31,4022,1
23,2014-05-31,4040,1
24,2014-05-31,7585,1
25,2014-05-31,11137,1
26,2014-05-31,6176,1
27,2014-05-31,8390,1
28,2014-05-31,3500,1
29,2014-05-31,7071,1
30,2014-05-31,5268,1
31,2014-05-31,5479,1
32,2014-05-31,2819,1
33,2014-05-31,9143,1
34,2014-05-31,8759,1
35,2014-05-31,8187,1
36,2014-05-31,9878,1
37,2014-05-31,7435,1
38,2014-05-31,6306,1
39,2014-05-31,3598,1
40,2014-05-31,6146,1
41,2014-05-31,5877,1
42,2014-05-31,8901,1
43,2014-05-31,4717,1
44,2014-05-31,3895,1
45,2014-05-31,5252,1
46,2014-05-31,4938,1
47,2014-05-31,5714,1
48,2014-05-31,2411,1
49,2014-05-31,7239,1
50,2014-05-31,3855,1
1,2014-05-30,5407,1
2,2014-05-30,5694,1
3,2014-05-30,8510,1
4,2014-05-30,13149,1
5,2014-05-30,5858,1
6,2014-05-30,6171,1
7,2014-05-30,12695,1
8,2014-05-30,5717,1
9,2014-05-30,7724,1
10,2014-05-30,6624,1
11,2014-05-30,10152,1
12,2014-05-30,8308,1
13,2014-05-30,5823,1
14,2014-05-30,7000,1
15,2014-05-30,7332,1
16,2014-05-30,9489,1
17,2014-05-30,8027,1
18,2014-05-30,9563,1
19,2014-05-30,10554,1
20,2014-05-30,8782,1
21,2014-05-30,6026,1
22,2014-05-30,6514,1
23,2014-05-30,6244,1
24,2014-05-30,12334,1
25,2014-05-30,14941,1
26,2014-05-30,9775,1
27,2014-05-30,12334,1
28,2014-05-30,6508,1
29,2014-05-30,9213,1
30,2014-05-30,6585,1
31,2014-05-30,6491,1
32,2014-05-30,4341,1
33,2014-05-30,10275,1
34,2014-05-30,9793,1
35,2014-05-30,11962,1
36,2014-05-30,12034,1
37,2014-05-30,10653,1
38,2014-05-30,6723,1
39,2014-05-30,6420,1
40,2014-05-30,6521,1
41,2014-05-30,6722,1
42,2014-05-30,12373,1
43,2014-05-30,7394,1
44,2014-05-30,6524,1
45,2014-05-30,5996,1
46,2014-05-30,7146,1
47,2014-05-30,8384,1
48,2014-05-30,3840,1
49,2014-05-30,9285,1
50,2014-05-30,5376,1
1,2014-05-28,4616,1
2,2014-05-28,5203,1
3,2014-05-28,4925,1
4,2014-05-28,11073,1
5,2014-05-28,4613,1
6,2014-05-28,5015,1
7,2014-05-28,8845,1
8,2014-05-28,5137,1
9,2014-05-28,6645,1
10,2014-05-28,5230,1
11,2014-05-28,8386,1
12,2014-05-28,6714,1
13,2014-05-28,4943,1
14,2014-05-28,5324,1
15,2014-05-28,8601,1
16,2014-05-28,8499,1
17,2014-05-28,4992,1
18,2014-05-28,6871,1
19,2014-05-28,7701,1
20,2014-05-28,8387,1
21,2014-05-28,5495,1
22,2014-05-28,4533,1
23,2014-05-28,5754,1
24,2014-05-28,8909,1
25,2014-05-28,11434,1
26,2014-05-28,7117,1
27,2014-05-28,7281,1
28,2014-05-28,5558,1
29,2014-05-28,7814,1
30,2014-05-28,5117,1
31,2014-05-28,6165,1
32,2014-05-28,4172,1
33,2014-05-28,8713,1
34,2014-05-28,7522,1
35,2014-05-28,8973,1
36,2014-05-28,9453,1
37,2014-05-28,8236,1
38,2014-05-28,5977,1
39,2014-05-28,4732,1
40,2014-05-28,5081,1
41,2014-05-28,5973,1
42,2014-05-28,9530,1
43,2014-05-28,7855,1
44,2014-05-28,5216,1
45,2014-05-28,6044,1
46,2014-05-28,5286,1
47,2014-05-28,6839,1
48,2014-05-28,4597,1
49,2014-05-28,8674,1
50,2014-05-28,4061,1
1,2014-05-27,3971,1
2,2014-05-27,4042,1
3,2014-05-27,4651,1
4,2014-05-27,7193,1
5,2014-05-27,3849,1
6,2014-05-27,4179,1
7,2014-05-27,7925,1
8,2014-05-27,5174,1
9,2014-05-27,6037,1
10,2014-05-27,5303,1
11,2014-05-27,6818,1
12,2014-05-27,5891,1
13,2014-05-27,3745,1
14,2014-05-27,4498,1
15,2014-05-27,5281,1
16,2014-05-27,6365,1
17,2014-05-27,4779,1
18,2014-05-27,5354,1
19,2014-05-27,5759,1
20,2014-05-27,6608,1
21,2014-05-27,4786,1
22,2014-05-27,4052,1
23,2014-05-27,3807,1
24,2014-05-27,6349,1
25,2014-05-27,9716,1
26,2014-05-27,4907,1
27,2014-05-27,6469,1
28,2014-05-27,4864,1
29,2014-05-27,5736,1
30,2014-05-27,4033,1
31,2014-05-27,4699,1
32,2014-05-27,3161,1
33,2014-05-27,5956,1
34,2014-05-27,6662,1
35,2014-05-27,7677,1
36,2014-05-27,7547,1
37,2014-05-27,5384,1
38,2014-05-27,3639,1
39,2014-05-27,3748,1
40,2014-05-27,3915,1
41,2014-05-27,5196,1
42,2014-05-27,8788,1
43,2014-05-27,5424,1
44,2014-05-27,4465,1
45,2014-05-27,4319,1
46,2014-05-27,3892,1
47,2014-05-27,5982,1
48,2014-05-27,4167,1
49,2014-05-27,6810,1
50,2014-05-27,3542,1
1,2014-05-26,3912,1
2,2014-05-26,4173,1
3,2014-05-26,5458,1
4,2014-05-26,7949,1
5,2014-05-26,3736,1
6,2014-05-26,5274,1
7,2014-05-26,7687,1
8,2014-05-26,4871,1
9,2014-05-26,5037,1
10,2014-05-26,6172,1
11,2014-05-26,7172,1
12,2014-05-26,5991,1
13,2014-05-26,3438,1
14,2014-05-26,4505,1
15,2014-05-26,5229,1
16,2014-05-26,6724,1
17,2014-05-26,4708,1
18,2014-05-26,5340,1
19,2014-05-26,5649,1
20,2014-05-26,7336,1
21,2014-05-26,4450,1
22,2014-05-26,3547,1
23,2014-05-26,4494,1
24,2014-05-26,5966,1
25,2014-05-26,9780,1
26,2014-05-26,5094,1
27,2014-05-26,7462,1
28,2014-05-26,5264,1
29,2014-05-26,5425,1
30,2014-05-26,3315,1
31,2014-05-26,4483,1
32,2014-05-26,3717,1
33,2014-05-26,7083,1
34,2014-05-26,7543,1
35,2014-05-26,8004,1
36,2014-05-26,9592,1
37,2014-05-26,5498,1
38,2014-05-26,4062,1
39,2014-05-26,3698,1
40,2014-05-26,3303,1
41,2014-05-26,4620,1
42,2014-05-26,7639,1
43,2014-05-26,6108,1
44,2014-05-26,5146,1
45,2014-05-26,3948,1
46,2014-05-26,3614,1
47,2014-05-26,6457,1
48,2014-05-26,4272,1
49,2014-05-26,5777,1
50,2014-05-26,3281,1
1,2014-05-24,4574,1
2,2014-05-24,2516,1
3,2014-05-24,4236,1
4,2014-05-24,9218,1
5,2014-05-24,1888,1
6,2014-05-24,3165,1
7,2014-05-24,5452,1
8,2014-05-24,2657,1
9,2014-05-24,6528,1
10,2014-05-24,5034,1
11,2014-05-24,5785,1
12,2014-05-24,6194,1
13,2014-05-24,3652,1
14,2014-05-24,3381,1
15,2014-05-24,5481,1
16,2014-05-24,4839,1
17,2014-05-24,2609,1
18,2014-05-24,3964,1
19,2014-05-24,3822,1
20,2014-05-24,5812,1
21,2014-05-24,4879,1
22,2014-05-24,3287,1
23,2014-05-24,4070,1
24,2014-05-24,5701,1
25,2014-05-24,7681,1
26,2014-05-24,4876,1
27,2014-05-24,7525,1
28,2014-05-24,2361,1
29,2014-05-24,6593,1
30,2014-05-24,4127,1
31,2014-05-24,5641,1
32,2014-05-24,2269,1
33,2014-05-24,7963,1
34,2014-05-24,8022,1
35,2014-05-24,7275,1
36,2014-05-24,8745,1
37,2014-05-24,7298,1
38,2014-05-24,6529,1
39,2014-05-24,2564,1
40,2014-05-24,5393,1
41,2014-05-24,5799,1
42,2014-05-24,7622,1
43,2014-05-24,4357,1
44,2014-05-24,3557,1
45,2014-05-24,4909,1
46,2014-05-24,4419,1
47,2014-05-24,5178,1
48,2014-05-24,3234,1
49,2014-05-24,8117,1
50,2014-05-24,4291,1
1,2014-05-23,4968,1
2,2014-05-23,4802,1
3,2014-05-23,6619,1
4,2014-05-23,8611,1
5,2014-05-23,4818,1
6,2014-05-23,5324,1
7,2014-05-23,8719,1
8,2014-05-23,4887,1
9,2014-05-23,6776,1
10,2014-05-23,5890,1
11,2014-05-23,6059,1
12,2014-05-23,7761,1
13,2014-05-23,5902,1
14,2014-05-23,6334,1
15,2014-05-23,7173,1
16,2014-05-23,8064,1
17,2014-05-23,6070,1
18,2014-05-23,7136,1
19,2014-05-23,7235,1
20,2014-05-23,8081,1
21,2014-05-23,7577,1
22,2014-05-23,5005,1
23,2014-05-23,6288,1
24,2014-05-23,9127,1
25,2014-05-23,10088,1
26,2014-05-23,7574,1
27,2014-05-23,8405,1
28,2014-05-23,6154,1
29,2014-05-23,7838,1
30,2014-05-23,4787,1
31,2014-05-23,6665,1
32,2014-05-23,4552,1
33,2014-05-23,8752,1
34,2014-05-23,7372,1
35,2014-05-23,9624,1
36,2014-05-23,9257,1
37,2014-05-23,8189,1
38,2014-05-23,5958,1
39,2014-05-23,4582,1
40,2014-05-23,5291,1
41,2014-05-23,5754,1
42,2014-05-23,9496,1
43,2014-05-23,8363,1
44,2014-05-23,5564,1
45,2014-05-23,5364,1
46,2014-05-23,6513,1
47,2014-05-23,6918,1
48,2014-05-23,4319,1
49,2014-05-23,7999,1
50,2014-05-23,4545,1
1,2014-05-22,3801,1
2,2014-05-22,4887,1
3,2014-05-22,6899,1
4,2014-05-22,8924,1
5,2014-05-22,4669,1
6,2014-05-22,6049,1
7,2014-05-22,7348,1
8,2014-05-22,6673,1
9,2014-05-22,5849,1
10,2014-05-22,5448,1
11,2014-05-22,7011,1
12,2014-05-22,7085,1
13,2014-05-22,4345,1
14,2014-05-22,5923,1
15,2014-05-22,6468,1
16,2014-05-22,7744,1
17,2014-05-22,6035,1
18,2014-05-22,5864,1
19,2014-05-22,6419,1
20,2014-05-22,8654,1
21,2014-05-22,5271,1
22,2014-05-22,4537,1
23,2014-05-22,5142,1
24,2014-05-22,8041,1
25,2014-05-22,10285,1
26,2014-05-22,6913,1
27,2014-05-22,8926,1
28,2014-05-22,6305,1
29,2014-05-22,6885,1
30,2014-05-22,5213,1
31,2014-05-22,5164,1
32,2014-05-22,4749,1
33,2014-05-22,7653,1
34,2014-05-22,8589,1
35,2014-05-22,10759,1
36,2014-05-22,8772,1
37,2014-05-22,7018,1
38,2014-05-22,5895,1
39,2014-05-22,5516,1
40,2014-05-22,4866,1
41,2014-05-22,4788,1
42,2014-05-22,10634,1
43,2014-05-22,8508,1
44,2014-05-22,5177,1
45,2014-05-22,5316,1
46,2014-05-22,5436,1
47,2014-05-22,6736,1
48,2014-05-22,3930,1
49,2014-05-22,6307,1
50,2014-05-22,4436,1
1,2014-05-21,4298,1
2,2014-05-21,5584,1
3,2014-05-21,7139,1
4,2014-05-21,8408,1
5,2014-05-21,5035,1
6,2014-05-21,5945,1
7,2014-05-21,8214,1
8,2014-05-21,5064,1
9,2014-05-21,6174,1
10,2014-05-21,5724,1
11,2014-05-21,8058,1
12,2014-05-21,8241,1
13,2014-05-21,4902,1
14,2014-05-21,5941,1
15,2014-05-21,6036,1
16,2014-05-21,7918,1
17,2014-05-21,6390,1
18,2014-05-21,6898,1
19,2014-05-21,7464,1
20,2014-05-21,8725,1
21,2014-05-21,5708,1
22,2014-05-21,4065,1
23,2014-05-21,5386,1
24,2014-05-21,9802,1
25,2014-05-21,8867,1
26,2014-05-21,6229,1
27,2014-05-21,9526,1
28,2014-05-21,5296,1
29,2014-05-21,7205,1
30,2014-05-21,5166,1
31,2014-05-21,5068,1
32,2014-05-21,4761,1
33,2014-05-21,7825,1
34,2014-05-21,7996,1
35,2014-05-21,9424,1
36,2014-05-21,9258,1
37,2014-05-21,6593,1
38,2014-05-21,6176,1
39,2014-05-21,5838,1
40,2014-05-21,4575,1
41,2014-05-21,4300,1
42,2014-05-21,11182,1
43,2014-05-21,7247,1
44,2014-05-21,5999,1
45,2014-05-21,5139,1
46,2014-05-21,5088,1
47,2014-05-21,7777,1
48,2014-05-21,4374,1
49,2014-05-21,8131,1
50,2014-05-21,4493,1
1,2014-05-20,4909,1
2,2014-05-20,5155,1
3,2014-05-20,7828,1
4,2014-05-20,8127,1
5,2014-05-20,4986,1
6,2014-05-20,6093,1
7,2014-05-20,8857,1
8,2014-05-20,6191,1
9,2014-05-20,6740,1
10,2014-05-20,6611,1
11,2014-05-20,7805,1
12,2014-05-20,8560,1
13,2014-05-20,5849,1
14,2014-05-20,6290,1
15,2014-05-20,6551,1
16,2014-05-20,9283,1
17,2014-05-20,7512,1
18,2014-05-20,6675,1
19,2014-05-20,7254,1
20,2014-05-20,9530,1
21,2014-05-20,5975,1
22,2014-05-20,4534,1
23,2014-05-20,5589,1
24,2014-05-20,9280,1
25,2014-05-20,12091,1
26,2014-05-20,6344,1
27,2014-05-20,9810,1
28,2014-05-20,6568,1
29,2014-05-20,8330,1
30,2014-05-20,6317,1
31,2014-05-20,5700,1
32,2014-05-20,5564,1
33,2014-05-20,9483,1
34,2014-05-20,8999,1
35,2014-05-20,9927,1
36,2014-05-20,9428,1
37,2014-05-20,6194,1
38,2014-05-20,7082,1
39,2014-05-20,5633,1
40,2014-05-20,5269,1
41,2014-05-20,4850,1
42,2014-05-20,10453,1
43,2014-05-20,7802,1
44,2014-05-20,6719,1
45,2014-05-20,5272,1
46,2014-05-20,5267,1
47,2014-05-20,7425,1
48,2014-05-20,4508,1
49,2014-05-20,7549,1
50,2014-05-20,4162,1
1,2014-05-19,5637,1
2,2014-05-19,6996,1
3,2014-05-19,9011,1
4,2014-05-19,11433,1
5,2014-05-19,7560,1
6,2014-05-19,7335,1
7,2014-05-19,11953,1
8,2014-05-19,7996,1
9,2014-05-19,8557,1
10,2014-05-19,7880,1
11,2014-05-19,8886,1
12,2014-05-19,10287,1
13,2014-05-19,6331,1
14,2014-05-19,8063,1
15,2014-05-19,8142,1
16,2014-05-19,9188,1
17,2014-05-19,9550,1
18,2014-05-19,8222,1
19,2014-05-19,8126,1
20,2014-05-19,9104,1
21,2014-05-19,7252,1
22,2014-05-19,5164,1
23,2014-05-19,7624,1
24,2014-05-19,11240,1
25,2014-05-19,12177,1
26,2014-05-19,8507,1
27,2014-05-19,12108,1
28,2014-05-19,8683,1
29,2014-05-19,11528,1
30,2014-05-19,7249,1
31,2014-05-19,6672,1
32,2014-05-19,5725,1
33,2014-05-19,10104,1
34,2014-05-19,10697,1
35,2014-05-19,13084,1
36,2014-05-19,10476,1
37,2014-05-19,9180,1
38,2014-05-19,8858,1
39,2014-05-19,6833,1
40,2014-05-19,6169,1
41,2014-05-19,6319,1
42,2014-05-19,12063,1
43,2014-05-19,9629,1
44,2014-05-19,8804,1
45,2014-05-19,6444,1
46,2014-05-19,7708,1
47,2014-05-19,9350,1
48,2014-05-19,5581,1
49,2014-05-19,8267,1
50,2014-05-19,5368,1
1,2014-05-17,3785,1
2,2014-05-17,2532,1
3,2014-05-17,3485,1
4,2014-05-17,9040,1
5,2014-05-17,1698,1
6,2014-05-17,3045,1
7,2014-05-17,5486,1
8,2014-05-17,2617,1
9,2014-05-17,5333,1
10,2014-05-17,4608,1
11,2014-05-17,5483,1
12,2014-05-17,5390,1
13,2014-05-17,4467,1
14,2014-05-17,3261,1
15,2014-05-17,5056,1
16,2014-05-17,4956,1
17,2014-05-17,2563,1
18,2014-05-17,4357,1
19,2014-05-17,3980,1
20,2014-05-17,5977,1
21,2014-05-17,4887,1
22,2014-05-17,3523,1
23,2014-05-17,3390,1
24,2014-05-17,6336,1
25,2014-05-17,7720,1
26,2014-05-17,5247,1
27,2014-05-17,6321,1
28,2014-05-17,2428,1
29,2014-05-17,6675,1
30,2014-05-17,3820,1
31,2014-05-17,5403,1
32,2014-05-17,2000,1
33,2014-05-17,8080,1
34,2014-05-17,7537,1
35,2014-05-17,6741,1
36,2014-05-17,9988,1
37,2014-05-17,7511,1
38,2014-05-17,5420,1
39,2014-05-17,2830,1
40,2014-05-17,5057,1
41,2014-05-17,6099,1
42,2014-05-17,7902,1
43,2014-05-17,3928,1
44,2014-05-17,3594,1
45,2014-05-17,5004,1
46,2014-05-17,5812,1
47,2014-05-17,5074,1
48,2014-05-17,3051,1
49,2014-05-17,6731,1
50,2014-05-17,3823,1
1,2014-05-16,3863,1
2,2014-05-16,3779,1
3,2014-05-16,5744,1
4,2014-05-16,7948,1
5,2014-05-16,4208,1
6,2014-05-16,4848,1
7,2014-05-16,7111,1
8,2014-05-16,3941,1
9,2014-05-16,5806,1
10,2014-05-16,5023,1
11,2014-05-16,6464,1
12,2014-05-16,5353,1
13,2014-05-16,3797,1
14,2014-05-16,4916,1
15,2014-05-16,5293,1
16,2014-05-16,7606,1
17,2014-05-16,4692,1
18,2014-05-16,5995,1
19,2014-05-16,5544,1
20,2014-05-16,6491,1
21,2014-05-16,4236,1
22,2014-05-16,3999,1
23,2014-05-16,4303,1
24,2014-05-16,7795,1
25,2014-05-16,9250,1
26,2014-05-16,5608,1
27,2014-05-16,7198,1
28,2014-05-16,4938,1
29,2014-05-16,5750,1
30,2014-05-16,3577,1
31,2014-05-16,5414,1
32,2014-05-16,3197,1
33,2014-05-16,6486,1
34,2014-05-16,6657,1
35,2014-05-16,6819,1
36,2014-05-16,9348,1
37,2014-05-16,5328,1
38,2014-05-16,4920,1
39,2014-05-16,3528,1
40,2014-05-16,3947,1
41,2014-05-16,4980,1
42,2014-05-16,7744,1
43,2014-05-16,5726,1
44,2014-05-16,4834,1
45,2014-05-16,3803,1
46,2014-05-16,4061,1
47,2014-05-16,5339,1
48,2014-05-16,3522,1
49,2014-05-16,6243,1
50,2014-05-16,2871,1
1,2014-05-15,3589,1
2,2014-05-15,4108,1
3,2014-05-15,5190,1
4,2014-05-15,7145,1
5,2014-05-15,3996,1
6,2014-05-15,4261,1
7,2014-05-15,6722,1
8,2014-05-15,4808,1
9,2014-05-15,5650,1
10,2014-05-15,4677,1
11,2014-05-15,6872,1
12,2014-05-15,6256,1
13,2014-05-15,3563,1
14,2014-05-15,5215,1
15,2014-05-15,4851,1
16,2014-05-15,6257,1
17,2014-05-15,4727,1
18,2014-05-15,5005,1
19,2014-05-15,5313,1
20,2014-05-15,8037,1
21,2014-05-15,3485,1
22,2014-05-15,3772,1
23,2014-05-15,4011,1
24,2014-05-15,7573,1
25,2014-05-15,9606,1
26,2014-05-15,4900,1
27,2014-05-15,6792,1
28,2014-05-15,5027,1
29,2014-05-15,5487,1
30,2014-05-15,4027,1
31,2014-05-15,4733,1
32,2014-05-15,3257,1
33,2014-05-15,6321,1
34,2014-05-15,6581,1
35,2014-05-15,7093,1
36,2014-05-15,8582,1
37,2014-05-15,5267,1
38,2014-05-15,4208,1
39,2014-05-15,4142,1
40,2014-05-15,4602,1
41,2014-05-15,4895,1
42,2014-05-15,8231,1
43,2014-05-15,5456,1
44,2014-05-15,4289,1
45,2014-05-15,3584,1
46,2014-05-15,3945,1
47,2014-05-15,5630,1
48,2014-05-15,3699,1
49,2014-05-15,5476,1
50,2014-05-15,3472,1
1,2014-05-14,3710,1
2,2014-05-14,4700,1
3,2014-05-14,5142,1
4,2014-05-14,7268,1
5,2014-05-14,4207,1
6,2014-05-14,4309,1
7,2014-05-14,6696,1
8,2014-05-14,5203,1
9,2014-05-14,4589,1
10,2014-05-14,5002,1
11,2014-05-14,6876,1
12,2014-05-14,5784,1
13,2014-05-14,3566,1
14,2014-05-14,4576,1
15,2014-05-14,5276,1
16,2014-05-14,7110,1
17,2014-05-14,4928,1
18,2014-05-14,5267,1
19,2014-05-14,5552,1
20,2014-05-14,7047,1
21,2014-05-14,3424,1
22,2014-05-14,3483,1
23,2014-05-14,3831,1
24,2014-05-14,7407,1
25,2014-05-14,9049,1
26,2014-05-14,4650,1
27,2014-05-14,6270,1
28,2014-05-14,4151,1
29,2014-05-14,5543,1
30,2014-05-14,3103,1
31,2014-05-14,4186,1
32,2014-05-14,3676,1
33,2014-05-14,6602,1
34,2014-05-14,6786,1
35,2014-05-14,6842,1
36,2014-05-14,8456,1
37,2014-05-14,4744,1
38,2014-05-14,4355,1
39,2014-05-14,3962,1
40,2014-05-14,3871,1
41,2014-05-14,4600,1
42,2014-05-14,8353,1
43,2014-05-14,4987,1
44,2014-05-14,4288,1
45,2014-05-14,3580,1
46,2014-05-14,4145,1
47,2014-05-14,6118,1
48,2014-05-14,3829,1
49,2014-05-14,6080,1
50,2014-05-14,2850,1
1,2014-05-13,3535,1
2,2014-05-13,3974,1
3,2014-05-13,6174,1
4,2014-05-13,7508,1
5,2014-05-13,3710,1
6,2014-05-13,4166,1
7,2014-05-13,7974,1
8,2014-05-13,4609,1
9,2014-05-13,5398,1
10,2014-05-13,5471,1
11,2014-05-13,6525,1
12,2014-05-13,5759,1
13,2014-05-13,3301,1
14,2014-05-13,4898,1
15,2014-05-13,5108,1
16,2014-05-13,6819,1
17,2014-05-13,5127,1
18,2014-05-13,5043,1
19,2014-05-13,5376,1
20,2014-05-13,6664,1
21,2014-05-13,3928,1
22,2014-05-13,3834,1
23,2014-05-13,3968,1
24,2014-05-13,6918,1
25,2014-05-13,9156,1
26,2014-05-13,3990,1
27,2014-05-13,7814,1
28,2014-05-13,4625,1
29,2014-05-13,5438,1
30,2014-05-13,3729,1
31,2014-05-13,4013,1
32,2014-05-13,3383,1
33,2014-05-13,6268,1
34,2014-05-13,6522,1
35,2014-05-13,7969,1
36,2014-05-13,8714,1
37,2014-05-13,5017,1
38,2014-05-13,3963,1
39,2014-05-13,4017,1
40,2014-05-13,3863,1
41,2014-05-13,3927,1
42,2014-05-13,8158,1
43,2014-05-13,5417,1
44,2014-05-13,4247,1
45,2014-05-13,3277,1
46,2014-05-13,3828,1
47,2014-05-13,6077,1
48,2014-05-13,4030,1
49,2014-05-13,6213,1
50,2014-05-13,2591,1
1,2014-05-12,3957,1
2,2014-05-12,3860,1
3,2014-05-12,4367,1
4,2014-05-12,8484,1
5,2014-05-12,4123,1
6,2014-05-12,4643,1
7,2014-05-12,7233,1
8,2014-05-12,4623,1
9,2014-05-12,6028,1
10,2014-05-12,4404,1
11,2014-05-12,6606,1
12,2014-05-12,5660,1
13,2014-05-12,3136,1
14,2014-05-12,5367,1
15,2014-05-12,5631,1
16,2014-05-12,7154,1
17,2014-05-12,4992,1
18,2014-05-12,5279,1
19,2014-05-12,5430,1
20,2014-05-12,7599,1
21,2014-05-12,3592,1
22,2014-05-12,3502,1
23,2014-05-12,3723,1
24,2014-05-12,6030,1
25,2014-05-12,10957,1
26,2014-05-12,4734,1
27,2014-05-12,6600,1
28,2014-05-12,4287,1
29,2014-05-12,6012,1
30,2014-05-12,3577,1
31,2014-05-12,4829,1
32,2014-05-12,3634,1
33,2014-05-12,6702,1
34,2014-05-12,7188,1
35,2014-05-12,7716,1
36,2014-05-12,9492,1
37,2014-05-12,4397,1
38,2014-05-12,4405,1
39,2014-05-12,3963,1
40,2014-05-12,3422,1
41,2014-05-12,4320,1
42,2014-05-12,7615,1
43,2014-05-12,5641,1
44,2014-05-12,4755,1
45,2014-05-12,3792,1
46,2014-05-12,3862,1
47,2014-05-12,5448,1
48,2014-05-12,3814,1
49,2014-05-12,5344,1
50,2014-05-12,2888,1
1,2014-05-10,5996,1
2,2014-05-10,2430,1
3,2014-05-10,5868,1
4,2014-05-10,10559,1
5,2014-05-10,2350,1
6,2014-05-10,3718,1
7,2014-05-10,6518,1
8,2014-05-10,2713,1
9,2014-05-10,5898,1
10,2014-05-10,4632,1
11,2014-05-10,6672,1
12,2014-05-10,6325,1
13,2014-05-10,4346,1
14,2014-05-10,3566,1
15,2014-05-10,6451,1
16,2014-05-10,5974,1
17,2014-05-10,2753,1
18,2014-05-10,4443,1
19,2014-05-10,4617,1
20,2014-05-10,5249,1
21,2014-05-10,4852,1
22,2014-05-10,3092,1
23,2014-05-10,5676,1
24,2014-05-10,7686,1
25,2014-05-10,9394,1
26,2014-05-10,5971,1
27,2014-05-10,7836,1
28,2014-05-10,2832,1
29,2014-05-10,8294,1
30,2014-05-10,4351,1
31,2014-05-10,5830,1
32,2014-05-10,2617,1
33,2014-05-10,8826,1
34,2014-05-10,7476,1
35,2014-05-10,8646,1
36,2014-05-10,9305,1
37,2014-05-10,8122,1
38,2014-05-10,6001,1
39,2014-05-10,2659,1
40,2014-05-10,4740,1
41,2014-05-10,6440,1
42,2014-05-10,8686,1
43,2014-05-10,4428,1
44,2014-05-10,3638,1
45,2014-05-10,5701,1
46,2014-05-10,5209,1
47,2014-05-10,5643,1
48,2014-05-10,3894,1
49,2014-05-10,8650,1
50,2014-05-10,4489,1
1,2014-05-09,5237,1
2,2014-05-09,5979,1
3,2014-05-09,7499,1
4,2014-05-09,10880,1
5,2014-05-09,5883,1
6,2014-05-09,5534,1
7,2014-05-09,9399,1
8,2014-05-09,5925,1
9,2014-05-09,6718,1
10,2014-05-09,6547,1
11,2014-05-09,7915,1
12,2014-05-09,8109,1
13,2014-05-09,6095,1
14,2014-05-09,6545,1
15,2014-05-09,8042,1
16,2014-05-09,8774,1
17,2014-05-09,6997,1
18,2014-05-09,7360,1
19,2014-05-09,7919,1
20,2014-05-09,7544,1
21,2014-05-09,6119,1
22,2014-05-09,5453,1
23,2014-05-09,6946,1
24,2014-05-09,10416,1
25,2014-05-09,11575,1
26,2014-05-09,7780,1
27,2014-05-09,10857,1
28,2014-05-09,6137,1
29,2014-05-09,8857,1
30,2014-05-09,4539,1
31,2014-05-09,6376,1
32,2014-05-09,4862,1
33,2014-05-09,9849,1
34,2014-05-09,8937,1
35,2014-05-09,11549,1
36,2014-05-09,9946,1
37,2014-05-09,7982,1
38,2014-05-09,6842,1
39,2014-05-09,5633,1
40,2014-05-09,5609,1
41,2014-05-09,7251,1
42,2014-05-09,11652,1
43,2014-05-09,8317,1
44,2014-05-09,6361,1
45,2014-05-09,5763,1
46,2014-05-09,6934,1
47,2014-05-09,7394,1
48,2014-05-09,3749,1
49,2014-05-09,8659,1
50,2014-05-09,5063,1
1,2014-05-08,5222,1
2,2014-05-08,5151,1
3,2014-05-08,7396,1
4,2014-05-08,9227,1
5,2014-05-08,5410,1
6,2014-05-08,5427,1
7,2014-05-08,7583,1
8,2014-05-08,5968,1
9,2014-05-08,6325,1
10,2014-05-08,6279,1
11,2014-05-08,7690,1
12,2014-05-08,7155,1
13,2014-05-08,5544,1
14,2014-05-08,6166,1
15,2014-05-08,6647,1
16,2014-05-08,8125,1
17,2014-05-08,7493,1
18,2014-05-08,7221,1
19,2014-05-08,7896,1
20,2014-05-08,9625,1
21,2014-05-08,5627,1
22,2014-05-08,5035,1
23,2014-05-08,6392,1
24,2014-05-08,7812,1
25,2014-05-08,11907,1
26,2014-05-08,8284,1
27,2014-05-08,10654,1
28,2014-05-08,6335,1
29,2014-05-08,7272,1
30,2014-05-08,5378,1
31,2014-05-08,5952,1
32,2014-05-08,4744,1
33,2014-05-08,8932,1
34,2014-05-08,9186,1
35,2014-05-08,10896,1
36,2014-05-08,9803,1
37,2014-05-08,7893,1
38,2014-05-08,6663,1
39,2014-05-08,5818,1
40,2014-05-08,5650,1
41,2014-05-08,6162,1
42,2014-05-08,11190,1
43,2014-05-08,7838,1
44,2014-05-08,5922,1
45,2014-05-08,5855,1
46,2014-05-08,5726,1
47,2014-05-08,6834,1
48,2014-05-08,4283,1
49,2014-05-08,6999,1
50,2014-05-08,4213,1
1,2014-05-07,5075,1
2,2014-05-07,6733,1
3,2014-05-07,8435,1
4,2014-05-07,9245,1
5,2014-05-07,5795,1
6,2014-05-07,6073,1
7,2014-05-07,8654,1
8,2014-05-07,5357,1
9,2014-05-07,7271,1
10,2014-05-07,6372,1
11,2014-05-07,9180,1
12,2014-05-07,8380,1
13,2014-05-07,5887,1
14,2014-05-07,6274,1
15,2014-05-07,6643,1
16,2014-05-07,8939,1
17,2014-05-07,7810,1
18,2014-05-07,6912,1
19,2014-05-07,6889,1
20,2014-05-07,7109,1
21,2014-05-07,6939,1
22,2014-05-07,4789,1
23,2014-05-07,6030,1
24,2014-05-07,10116,1
25,2014-05-07,11239,1
26,2014-05-07,7538,1
27,2014-05-07,11423,1
28,2014-05-07,6335,1
29,2014-05-07,8811,1
30,2014-05-07,5048,1
31,2014-05-07,6044,1
32,2014-05-07,4289,1
33,2014-05-07,9167,1
34,2014-05-07,9001,1
35,2014-05-07,10575,1
36,2014-05-07,8961,1
37,2014-05-07,7475,1
38,2014-05-07,7062,1
39,2014-05-07,6397,1
40,2014-05-07,5157,1
41,2014-05-07,5687,1
42,2014-05-07,11651,1
43,2014-05-07,8264,1
44,2014-05-07,6315,1
45,2014-05-07,5189,1
46,2014-05-07,6605,1
47,2014-05-07,7876,1
48,2014-05-07,4007,1
49,2014-05-07,8153,1
50,2014-05-07,4930,1
1,2014-05-06,5055,1
2,2014-05-06,5992,1
3,2014-05-06,8925,1
4,2014-05-06,9723,1
5,2014-05-06,5777,1
6,2014-05-06,6304,1
7,2014-05-06,11540,1
8,2014-05-06,7095,1
9,2014-05-06,7348,1
10,2014-05-06,6837,1
11,2014-05-06,8936,1
12,2014-05-06,8946,1
13,2014-05-06,6402,1
14,2014-05-06,6833,1
15,2014-05-06,7946,1
16,2014-05-06,10172,1
17,2014-05-06,8397,1
18,2014-05-06,7135,1
19,2014-05-06,7782,1
20,2014-05-06,9111,1
21,2014-05-06,6570,1
22,2014-05-06,5592,1
23,2014-05-06,6645,1
24,2014-05-06,10477,1
25,2014-05-06,13437,1
26,2014-05-06,7154,1
27,2014-05-06,11906,1
28,2014-05-06,7230,1
29,2014-05-06,9302,1
30,2014-05-06,6594,1
31,2014-05-06,6452,1
32,2014-05-06,5960,1
33,2014-05-06,10154,1
34,2014-05-06,9434,1
35,2014-05-06,11799,1
36,2014-05-06,9886,1
37,2014-05-06,6721,1
38,2014-05-06,7766,1
39,2014-05-06,7621,1
40,2014-05-06,5251,1
41,2014-05-06,5456,1
42,2014-05-06,11969,1
43,2014-05-06,8508,1
44,2014-05-06,7076,1
45,2014-05-06,5405,1
46,2014-05-06,6421,1
47,2014-05-06,8425,1
48,2014-05-06,5186,1
49,2014-05-06,8154,1
50,2014-05-06,4838,1
1,2014-05-05,5325,1
2,2014-05-05,7242,1
3,2014-05-05,9327,1
4,2014-05-05,11986,1
5,2014-05-05,7446,1
6,2014-05-05,7722,1
7,2014-05-05,13594,1
8,2014-05-05,8967,1
9,2014-05-05,9326,1
10,2014-05-05,7714,1
11,2014-05-05,10348,1
12,2014-05-05,10699,1
13,2014-05-05,6934,1
14,2014-05-05,7891,1
15,2014-05-05,9044,1
16,2014-05-05,11044,1
17,2014-05-05,10149,1
18,2014-05-05,8975,1
19,2014-05-05,10215,1
20,2014-05-05,10073,1
21,2014-05-05,8317,1
22,2014-05-05,6622,1
23,2014-05-05,8297,1
24,2014-05-05,12024,1
25,2014-05-05,14455,1
26,2014-05-05,10475,1
27,2014-05-05,13920,1
28,2014-05-05,9743,1
29,2014-05-05,11048,1
30,2014-05-05,7409,1
31,2014-05-05,7438,1
32,2014-05-05,6118,1
33,2014-05-05,10033,1
34,2014-05-05,11155,1
35,2014-05-05,13515,1
36,2014-05-05,11242,1
37,2014-05-05,8311,1
38,2014-05-05,9170,1
39,2014-05-05,9213,1
40,2014-05-05,5677,1
41,2014-05-05,7552,1
42,2014-05-05,14005,1
43,2014-05-05,10250,1
44,2014-05-05,8705,1
45,2014-05-05,7022,1
46,2014-05-05,8539,1
47,2014-05-05,10289,1
48,2014-05-05,5565,1
49,2014-05-05,9158,1
50,2014-05-05,6039,1
1,2014-05-03,5498,1
2,2014-05-03,2968,1
3,2014-05-03,4950,1
4,2014-05-03,10330,1
5,2014-05-03,2061,1
6,2014-05-03,3711,1
7,2014-05-03,6696,1
8,2014-05-03,2907,1
9,2014-05-03,5975,1
10,2014-05-03,5116,1
11,2014-05-03,6571,1
12,2014-05-03,6343,1
13,2014-05-03,4561,1
14,2014-05-03,3794,1
15,2014-05-03,5373,1
16,2014-05-03,5998,1
17,2014-05-03,2915,1
18,2014-05-03,4897,1
19,2014-05-03,4368,1
20,2014-05-03,5413,1
21,2014-05-03,5735,1
22,2014-05-03,3922,1
23,2014-05-03,4679,1
24,2014-05-03,7300,1
25,2014-05-03,9848,1
26,2014-05-03,5513,1
27,2014-05-03,8295,1
28,2014-05-03,3075,1
29,2014-05-03,7608,1
30,2014-05-03,4392,1
31,2014-05-03,5819,1
32,2014-05-03,2428,1
33,2014-05-03,9196,1
34,2014-05-03,7875,1
35,2014-05-03,7850,1
36,2014-05-03,9766,1
37,2014-05-03,7895,1
38,2014-05-03,6447,1
39,2014-05-03,3754,1
40,2014-05-03,5961,1
41,2014-05-03,5977,1
42,2014-05-03,8703,1
43,2014-05-03,4726,1
44,2014-05-03,4325,1
45,2014-05-03,5662,1
46,2014-05-03,5324,1
47,2014-05-03,5504,1
48,2014-05-03,3348,1
49,2014-05-03,7449,1
50,2014-05-03,4282,1
1,2014-05-02,6790,1
2,2014-05-02,7176,1
3,2014-05-02,10994,1
4,2014-05-02,15274,1
5,2014-05-02,6978,1
6,2014-05-02,6945,1
7,2014-05-02,16037,1
8,2014-05-02,6775,1
9,2014-05-02,9004,1
10,2014-05-02,8145,1
11,2014-05-02,11968,1
12,2014-05-02,10426,1
13,2014-05-02,6183,1
14,2014-05-02,8089,1
15,2014-05-02,10006,1
16,2014-05-02,11195,1
17,2014-05-02,9227,1
18,2014-05-02,9631,1
19,2014-05-02,9803,1
20,2014-05-02,9311,1
21,2014-05-02,8524,1
22,2014-05-02,6835,1
23,2014-05-02,8086,1
24,2014-05-02,14051,1
25,2014-05-02,14815,1
26,2014-05-02,11290,1
27,2014-05-02,14844,1
28,2014-05-02,8094,1
29,2014-05-02,10383,1
30,2014-05-02,6740,1
31,2014-05-02,9537,1
32,2014-05-02,5154,1
33,2014-05-02,11604,1
34,2014-05-02,11665,1
35,2014-05-02,15502,1
36,2014-05-02,11785,1
37,2014-05-02,12524,1
38,2014-05-02,9761,1
39,2014-05-02,6470,1
40,2014-05-02,6043,1
41,2014-05-02,8251,1
42,2014-05-02,14854,1
43,2014-05-02,11606,1
44,2014-05-02,7883,1
45,2014-05-02,7300,1
46,2014-05-02,9165,1
47,2014-05-02,9375,1
48,2014-05-02,5194,1
49,2014-05-02,9553,1
50,2014-05-02,6083,1
1,2014-04-30,5870,1
2,2014-04-30,7646,1
3,2014-04-30,10482,1
4,2014-04-30,14743,1
5,2014-04-30,6543,1
6,2014-04-30,7710,1
7,2014-04-30,12397,1
8,2014-04-30,7589,1
9,2014-04-30,7812,1
10,2014-04-30,7006,1
11,2014-04-30,10751,1
12,2014-04-30,9483,1
13,2014-04-30,9536,1
14,2014-04-30,8115,1
15,2014-04-30,9997,1
16,2014-04-30,9928,1
17,2014-04-30,9424,1
18,2014-04-30,9226,1
19,2014-04-30,9870,1
20,2014-04-30,10351,1
21,2014-04-30,8184,1
22,2014-04-30,6106,1
23,2014-04-30,8192,1
24,2014-04-30,14460,1
25,2014-04-30,16596,1
26,2014-04-30,9183,1
27,2014-04-30,14745,1
28,2014-04-30,7629,1
29,2014-04-30,10308,1
30,2014-04-30,6943,1
31,2014-04-30,8284,1
32,2014-04-30,7214,1
33,2014-04-30,11835,1
34,2014-04-30,10565,1
35,2014-04-30,14832,1
36,2014-04-30,10851,1
37,2014-04-30,8314,1
38,2014-04-30,8636,1
39,2014-04-30,9614,1
40,2014-04-30,6705,1
41,2014-04-30,7767,1
42,2014-04-30,15681,1
43,2014-04-30,9759,1
44,2014-04-30,8031,1
45,2014-04-30,8859,1
46,2014-04-30,7177,1
47,2014-04-30,11135,1
48,2014-04-30,4997,1
49,2014-04-30,8981,1
50,2014-04-30,6209,1
1,2014-04-29,5923,1
2,2014-04-29,6667,1
3,2014-04-29,8455,1
4,2014-04-29,9680,1
5,2014-04-29,6274,1
6,2014-04-29,6236,1
7,2014-04-29,11787,1
8,2014-04-29,6998,1
9,2014-04-29,7872,1
10,2014-04-29,6685,1
11,2014-04-29,9988,1
12,2014-04-29,9042,1
13,2014-04-29,8360,1
14,2014-04-29,6668,1
15,2014-04-29,8942,1
16,2014-04-29,10175,1
17,2014-04-29,9318,1
18,2014-04-29,7519,1
19,2014-04-29,9976,1
20,2014-04-29,8837,1
21,2014-04-29,8315,1
22,2014-04-29,5267,1
23,2014-04-29,5993,1
24,2014-04-29,10681,1
25,2014-04-29,12904,1
26,2014-04-29,8030,1
27,2014-04-29,12784,1
28,2014-04-29,7950,1
29,2014-04-29,9035,1
30,2014-04-29,6780,1
31,2014-04-29,7130,1
32,2014-04-29,6340,1
33,2014-04-29,9855,1
34,2014-04-29,9644,1
35,2014-04-29,11836,1
36,2014-04-29,9504,1
37,2014-04-29,8120,1
38,2014-04-29,8291,1
39,2014-04-29,8034,1
40,2014-04-29,6523,1
41,2014-04-29,5929,1
42,2014-04-29,11234,1
43,2014-04-29,8819,1
44,2014-04-29,7060,1
45,2014-04-29,5568,1
46,2014-04-29,6983,1
47,2014-04-29,8032,1
48,2014-04-29,4648,1
49,2014-04-29,9450,1
50,2014-04-29,5271,1
1,2014-04-28,5488,1
2,2014-04-28,6520,1
3,2014-04-28,9500,1
4,2014-04-28,11863,1
5,2014-04-28,7184,1
6,2014-04-28,7894,1
7,2014-04-28,11295,1
8,2014-04-28,7840,1
9,2014-04-28,8390,1
10,2014-04-28,7910,1
11,2014-04-28,9870,1
12,2014-04-28,11263,1
13,2014-04-28,8413,1
14,2014-04-28,7729,1
15,2014-04-28,8293,1
16,2014-04-28,10078,1
17,2014-04-28,9407,1
18,2014-04-28,8168,1
19,2014-04-28,10046,1
20,2014-04-28,9825,1
21,2014-04-28,8658,1
22,2014-04-28,5634,1
23,2014-04-28,7564,1
24,2014-04-28,12407,1
25,2014-04-28,13416,1
26,2014-04-28,10161,1
27,2014-04-28,13380,1
28,2014-04-28,9491,1
29,2014-04-28,12273,1
30,2014-04-28,7126,1
31,2014-04-28,6969,1
32,2014-04-28,6219,1
33,2014-04-28,10926,1
34,2014-04-28,10546,1
35,2014-04-28,14183,1
36,2014-04-28,10207,1
37,2014-04-28,9377,1
38,2014-04-28,10042,1
39,2014-04-28,8687,1
40,2014-04-28,6737,1
41,2014-04-28,6862,1
42,2014-04-28,12428,1
43,2014-04-28,11080,1
44,2014-04-28,9214,1
45,2014-04-28,7216,1
46,2014-04-28,8824,1
47,2014-04-28,7996,1
48,2014-04-28,5170,1
49,2014-04-28,8895,1
50,2014-04-28,6392,1
1,2014-04-26,3989,1
2,2014-04-26,2701,1
3,2014-04-26,3906,1
4,2014-04-26,8650,1
5,2014-04-26,1802,1
6,2014-04-26,3063,1
7,2014-04-26,5553,1
8,2014-04-26,2298,1
9,2014-04-26,5970,1
10,2014-04-26,4804,1
11,2014-04-26,5029,1
12,2014-04-26,5202,1
13,2014-04-26,4600,1
14,2014-04-26,3143,1
15,2014-04-26,4495,1
16,2014-04-26,4957,1
17,2014-04-26,2350,1
18,2014-04-26,3606,1
19,2014-04-26,3479,1
20,2014-04-26,5614,1
21,2014-04-26,5012,1
22,2014-04-26,2720,1
23,2014-04-26,4710,1
24,2014-04-26,6844,1
25,2014-04-26,7952,1
26,2014-04-26,4713,1
27,2014-04-26,5948,1
28,2014-04-26,2367,1
29,2014-04-26,6014,1
30,2014-04-26,3917,1
31,2014-04-26,4656,1
32,2014-04-26,2408,1
33,2014-04-26,7961,1
34,2014-04-26,7142,1
35,2014-04-26,6495,1
36,2014-04-26,8576,1
37,2014-04-26,5720,1
38,2014-04-26,6425,1
39,2014-04-26,2852,1
40,2014-04-26,5103,1
41,2014-04-26,5267,1
42,2014-04-26,7593,1
43,2014-04-26,5264,1
44,2014-04-26,3858,1
45,2014-04-26,5000,1
46,2014-04-26,4591,1
47,2014-04-26,5040,1
48,2014-04-26,3041,1
49,2014-04-26,6301,1
50,2014-04-26,4383,1
1,2014-04-25,3710,1
2,2014-04-25,3795,1
3,2014-04-25,5241,1
4,2014-04-25,7041,1
5,2014-04-25,3659,1
6,2014-04-25,4341,1
7,2014-04-25,7418,1
8,2014-04-25,3364,1
9,2014-04-25,4599,1
10,2014-04-25,4936,1
11,2014-04-25,5540,1
12,2014-04-25,5587,1
13,2014-04-25,3940,1
14,2014-04-25,5309,1
15,2014-04-25,5296,1
16,2014-04-25,6548,1
17,2014-04-25,4761,1
18,2014-04-25,5926,1
19,2014-04-25,5139,1
20,2014-04-25,6290,1
21,2014-04-25,3622,1
22,2014-04-25,4020,1
23,2014-04-25,4450,1
24,2014-04-25,7306,1
25,2014-04-25,7619,1
26,2014-04-25,6263,1
27,2014-04-25,6734,1
28,2014-04-25,4402,1
29,2014-04-25,4971,1
30,2014-04-25,3204,1
31,2014-04-25,4924,1
32,2014-04-25,3720,1
33,2014-04-25,6032,1
34,2014-04-25,6799,1
35,2014-04-25,7223,1
36,2014-04-25,7164,1
37,2014-04-25,4978,1
38,2014-04-25,4064,1
39,2014-04-25,3856,1
40,2014-04-25,4063,1
41,2014-04-25,4637,1
42,2014-04-25,8108,1
43,2014-04-25,5355,1
44,2014-04-25,4568,1
45,2014-04-25,3701,1
46,2014-04-25,4218,1
47,2014-04-25,5241,1
48,2014-04-25,4092,1
49,2014-04-25,6309,1
50,2014-04-25,3362,1
1,2014-04-24,3376,1
2,2014-04-24,3675,1
3,2014-04-24,5389,1
4,2014-04-24,7294,1
5,2014-04-24,3661,1
6,2014-04-24,4718,1
7,2014-04-24,7252,1
8,2014-04-24,4888,1
9,2014-04-24,4646,1
10,2014-04-24,4533,1
11,2014-04-24,6475,1
12,2014-04-24,5437,1
13,2014-04-24,3914,1
14,2014-04-24,4770,1
15,2014-04-24,5060,1
16,2014-04-24,5849,1
17,2014-04-24,4926,1
18,2014-04-24,5753,1
19,2014-04-24,4808,1
20,2014-04-24,7715,1
21,2014-04-24,3357,1
22,2014-04-24,3221,1
23,2014-04-24,4608,1
24,2014-04-24,6143,1
25,2014-04-24,8479,1
26,2014-04-24,5662,1
27,2014-04-24,6926,1
28,2014-04-24,4766,1
29,2014-04-24,5106,1
30,2014-04-24,3651,1
31,2014-04-24,4482,1
32,2014-04-24,3324,1
33,2014-04-24,6484,1
34,2014-04-24,5997,1
35,2014-04-24,5596,1
36,2014-04-24,6689,1
37,2014-04-24,5272,1
38,2014-04-24,4586,1
39,2014-04-24,3645,1
40,2014-04-24,4591,1
41,2014-04-24,4709,1
42,2014-04-24,7983,1
43,2014-04-24,4962,1
44,2014-04-24,4348,1
45,2014-04-24,3646,1
46,2014-04-24,3613,1
47,2014-04-24,6179,1
48,2014-04-24,4314,1
49,2014-04-24,5177,1
50,2014-04-24,2755,1
1,2014-04-23,3482,1
2,2014-04-23,4757,1
3,2014-04-23,5561,1
4,2014-04-23,7352,1
5,2014-04-23,3875,1
6,2014-04-23,4270,1
7,2014-04-23,6942,1
8,2014-04-23,4229,1
9,2014-04-23,4613,1
10,2014-04-23,4712,1
11,2014-04-23,6845,1
12,2014-04-23,5969,1
13,2014-04-23,3139,1
14,2014-04-23,4716,1
15,2014-04-23,5158,1
16,2014-04-23,6945,1
17,2014-04-23,4923,1
18,2014-04-23,5498,1
19,2014-04-23,4926,1
20,2014-04-23,7769,1
21,2014-04-23,3557,1
22,2014-04-23,3227,1
23,2014-04-23,3912,1
24,2014-04-23,6842,1
25,2014-04-23,8333,1
26,2014-04-23,4876,1
27,2014-04-23,7100,1
28,2014-04-23,4177,1
29,2014-04-23,5359,1
30,2014-04-23,3350,1
31,2014-04-23,4246,1
32,2014-04-23,3430,1
33,2014-04-23,6124,1
34,2014-04-23,7127,1
35,2014-04-23,5725,1
36,2014-04-23,7098,1
37,2014-04-23,4204,1
38,2014-04-23,4396,1
39,2014-04-23,4227,1
40,2014-04-23,3857,1
41,2014-04-23,4851,1
42,2014-04-23,8271,1
43,2014-04-23,5257,1
44,2014-04-23,4578,1
45,2014-04-23,3762,1
46,2014-04-23,3529,1
47,2014-04-23,6241,1
48,2014-04-23,4376,1
49,2014-04-23,5688,1
50,2014-04-23,2610,1
1,2014-04-22,4133,1
2,2014-04-22,4419,1
3,2014-04-22,6172,1
4,2014-04-22,9723,1
5,2014-04-22,3615,1
6,2014-04-22,5001,1
7,2014-04-22,9538,1
8,2014-04-22,4863,1
9,2014-04-22,5451,1
10,2014-04-22,5969,1
11,2014-04-22,7618,1
12,2014-04-22,5953,1
13,2014-04-22,3811,1
14,2014-04-22,5479,1
15,2014-04-22,5015,1
16,2014-04-22,8344,1
17,2014-04-22,5845,1
18,2014-04-22,5193,1
19,2014-04-22,5943,1
20,2014-04-22,8565,1
21,2014-04-22,4487,1
22,2014-04-22,4088,1
23,2014-04-22,5079,1
24,2014-04-22,7764,1
25,2014-04-22,10422,1
26,2014-04-22,4279,1
27,2014-04-22,7376,1
28,2014-04-22,4680,1
29,2014-04-22,5919,1
30,2014-04-22,3933,1
31,2014-04-22,4859,1
32,2014-04-22,3854,1
33,2014-04-22,7878,1
34,2014-04-22,6985,1
35,2014-04-22,8354,1
36,2014-04-22,9890,1
37,2014-04-22,4888,1
38,2014-04-22,4789,1
39,2014-04-22,4374,1
40,2014-04-22,4459,1
41,2014-04-22,5645,1
42,2014-04-22,9388,1
43,2014-04-22,6527,1
44,2014-04-22,5147,1
45,2014-04-22,4080,1
46,2014-04-22,4089,1
47,2014-04-22,6177,1
48,2014-04-22,3864,1
49,2014-04-22,5961,1
50,2014-04-22,3361,1
1,2014-04-19,5871,1
2,2014-04-19,4146,1
3,2014-04-19,5794,1
4,2014-04-19,10613,1
5,2014-04-19,3153,1
6,2014-04-19,4415,1
7,2014-04-19,11203,1
8,2014-04-19,3144,1
9,2014-04-19,6885,1
10,2014-04-19,6187,1
11,2014-04-19,9656,1
12,2014-04-19,8678,1
13,2014-04-19,5509,1
14,2014-04-19,3965,1
15,2014-04-19,7618,1
16,2014-04-19,6939,1
17,2014-04-19,4822,1
18,2014-04-19,6346,1
19,2014-04-19,5524,1
20,2014-04-19,5378,1
21,2014-04-19,6145,1
22,2014-04-19,4508,1
23,2014-04-19,5931,1
24,2014-04-19,9147,1
25,2014-04-19,10379,1
26,2014-04-19,7678,1
27,2014-04-19,8847,1
28,2014-04-19,4710,1
29,2014-04-19,8960,1
30,2014-04-19,5647,1
31,2014-04-19,8482,1
32,2014-04-19,3108,1
33,2014-04-19,9731,1
34,2014-04-19,7667,1
35,2014-04-19,9551,1
36,2014-04-19,11526,1
37,2014-04-19,9679,1
38,2014-04-19,6817,1
39,2014-04-19,3721,1
40,2014-04-19,6201,1
41,2014-04-19,8619,1
42,2014-04-19,10631,1
43,2014-04-19,6082,1
44,2014-04-19,5001,1
45,2014-04-19,7121,1
46,2014-04-19,5973,1
47,2014-04-19,7642,1
48,2014-04-19,4185,1
49,2014-04-19,11131,1
50,2014-04-19,4819,1
1,2014-04-17,6160,1
2,2014-04-17,6647,1
3,2014-04-17,8309,1
4,2014-04-17,13084,1
5,2014-04-17,6690,1
6,2014-04-17,7618,1
7,2014-04-17,12195,1
8,2014-04-17,7662,1
9,2014-04-17,7819,1
10,2014-04-17,6250,1
11,2014-04-17,11615,1
12,2014-04-17,10882,1
13,2014-04-17,6932,1
14,2014-04-17,7727,1
15,2014-04-17,10008,1
16,2014-04-17,10241,1
17,2014-04-17,8678,1
18,2014-04-17,8462,1
19,2014-04-17,7983,1
20,2014-04-17,10980,1
21,2014-04-17,7862,1
22,2014-04-17,5956,1
23,2014-04-17,7777,1
24,2014-04-17,11211,1
25,2014-04-17,13122,1
26,2014-04-17,9247,1
27,2014-04-17,12469,1
28,2014-04-17,7989,1
29,2014-04-17,8855,1
30,2014-04-17,6301,1
31,2014-04-17,9489,1
32,2014-04-17,5997,1
33,2014-04-17,10486,1
34,2014-04-17,10768,1
35,2014-04-17,12248,1
36,2014-04-17,11800,1
37,2014-04-17,10342,1
38,2014-04-17,6931,1
39,2014-04-17,5928,1
40,2014-04-17,6158,1
41,2014-04-17,7691,1
42,2014-04-17,12253,1
43,2014-04-17,8968,1
44,2014-04-17,7682,1
45,2014-04-17,7339,1
46,2014-04-17,7161,1
47,2014-04-17,9997,1
48,2014-04-17,5852,1
49,2014-04-17,10092,1
50,2014-04-17,5024,1
1,2014-04-16,6381,1
2,2014-04-16,7317,1
3,2014-04-16,9311,1
4,2014-04-16,11237,1
5,2014-04-16,7722,1
6,2014-04-16,7317,1
7,2014-04-16,10740,1
8,2014-04-16,6931,1
9,2014-04-16,7135,1
10,2014-04-16,5629,1
11,2014-04-16,11529,1
12,2014-04-16,10847,1
13,2014-04-16,7219,1
14,2014-04-16,6270,1
15,2014-04-16,9429,1
16,2014-04-16,10939,1
17,2014-04-16,9866,1
18,2014-04-16,8935,1
19,2014-04-16,7259,1
20,2014-04-16,9965,1
21,2014-04-16,7737,1
22,2014-04-16,5112,1
23,2014-04-16,7202,1
24,2014-04-16,11607,1
25,2014-04-16,11823,1
26,2014-04-16,10428,1
27,2014-04-16,13093,1
28,2014-04-16,7778,1
29,2014-04-16,8871,1
30,2014-04-16,5664,1
31,2014-04-16,7122,1
32,2014-04-16,5899,1
33,2014-04-16,9692,1
34,2014-04-16,10248,1
35,2014-04-16,12051,1
36,2014-04-16,10452,1
37,2014-04-16,9100,1
38,2014-04-16,6904,1
39,2014-04-16,6612,1
40,2014-04-16,5842,1
41,2014-04-16,7352,1
42,2014-04-16,13325,1
43,2014-04-16,9357,1
44,2014-04-16,7325,1
45,2014-04-16,6732,1
46,2014-04-16,7057,1
47,2014-04-16,10959,1
48,2014-04-16,5314,1
49,2014-04-16,9234,1
50,2014-04-16,4820,1
1,2014-04-15,6196,1
2,2014-04-15,7701,1
3,2014-04-15,10021,1
4,2014-04-15,11191,1
5,2014-04-15,7439,1
6,2014-04-15,7890,1
7,2014-04-15,14230,1
8,2014-04-15,8942,1
9,2014-04-15,8318,1
10,2014-04-15,6087,1
11,2014-04-15,12058,1
12,2014-04-15,11971,1
13,2014-04-15,7613,1
14,2014-04-15,7437,1
15,2014-04-15,8869,1
16,2014-04-15,10933,1
17,2014-04-15,10691,1
18,2014-04-15,8809,1
19,2014-04-15,8476,1
20,2014-04-15,9969,1
21,2014-04-15,7475,1
22,2014-04-15,6091,1
23,2014-04-15,8301,1
24,2014-04-15,12453,1
25,2014-04-15,13833,1
26,2014-04-15,9553,1
27,2014-04-15,15278,1
28,2014-04-15,8643,1
29,2014-04-15,9477,1
30,2014-04-15,7333,1
31,2014-04-15,7601,1
32,2014-04-15,5814,1
33,2014-04-15,10446,1
34,2014-04-15,10016,1
35,2014-04-15,13291,1
36,2014-04-15,11088,1
37,2014-04-15,9979,1
38,2014-04-15,8383,1
39,2014-04-15,7266,1
40,2014-04-15,6783,1
41,2014-04-15,7618,1
42,2014-04-15,13123,1
43,2014-04-15,9256,1
44,2014-04-15,8715,1
45,2014-04-15,5060,1
46,2014-04-15,8754,1
47,2014-04-15,10008,1
48,2014-04-15,5390,1
49,2014-04-15,9910,1
50,2014-04-15,5436,1
1,2014-04-14,6803,1
2,2014-04-14,7714,1
3,2014-04-14,10103,1
4,2014-04-14,12391,1
5,2014-04-14,7980,1
6,2014-04-14,8204,1
7,2014-04-14,13875,1
8,2014-04-14,8189,1
9,2014-04-14,9731,1
10,2014-04-14,6419,1
11,2014-04-14,11668,1
12,2014-04-14,12281,1
13,2014-04-14,8311,1
14,2014-04-14,8529,1
15,2014-04-14,9717,1
16,2014-04-14,12116,1
17,2014-04-14,11638,1
18,2014-04-14,10514,1
19,2014-04-14,9520,1
20,2014-04-14,11279,1
21,2014-04-14,8718,1
22,2014-04-14,6454,1
23,2014-04-14,9126,1
24,2014-04-14,13655,1
25,2014-04-14,14192,1
26,2014-04-14,11269,1
27,2014-04-14,15063,1
28,2014-04-14,10183,1
29,2014-04-14,12482,1
30,2014-04-14,6859,1
31,2014-04-14,8726,1
32,2014-04-14,5983,1
33,2014-04-14,10464,1
34,2014-04-14,11383,1
35,2014-04-14,15730,1
36,2014-04-14,11945,1
37,2014-04-14,10648,1
38,2014-04-14,11022,1
39,2014-04-14,8332,1
40,2014-04-14,6189,1
41,2014-04-14,7783,1
42,2014-04-14,13754,1
43,2014-04-14,10889,1
44,2014-04-14,8598,1
45,2014-04-14,8205,1
46,2014-04-14,9206,1
47,2014-04-14,9357,1
48,2014-04-14,5650,1
49,2014-04-14,10193,1
50,2014-04-14,6381,1
1,2014-04-12,4435,1
2,2014-04-12,2574,1
3,2014-04-12,3795,1
4,2014-04-12,9200,1
5,2014-04-12,1423,1
6,2014-04-12,3350,1
7,2014-04-12,6407,1
8,2014-04-12,2833,1
9,2014-04-12,5998,1
10,2014-04-12,4540,1
11,2014-04-12,6617,1
12,2014-04-12,6159,1
13,2014-04-12,3831,1
14,2014-04-12,3503,1
15,2014-04-12,6133,1
16,2014-04-12,5158,1
17,2014-04-12,2524,1
18,2014-04-12,4559,1
19,2014-04-12,4268,1
20,2014-04-12,6757,1
21,2014-04-12,5171,1
22,2014-04-12,3426,1
23,2014-04-12,4357,1
24,2014-04-12,6328,1
25,2014-04-12,8306,1
26,2014-04-12,5586,1
27,2014-04-12,7207,1
28,2014-04-12,2757,1
29,2014-04-12,6965,1
30,2014-04-12,3997,1
31,2014-04-12,5422,1
32,2014-04-12,2367,1
33,2014-04-12,8295,1
34,2014-04-12,7802,1
35,2014-04-12,6788,1
36,2014-04-12,9558,1
37,2014-04-12,7860,1
38,2014-04-12,5658,1
39,2014-04-12,2706,1
40,2014-04-12,5661,1
41,2014-04-12,5046,1
42,2014-04-12,8791,1
43,2014-04-12,4808,1
44,2014-04-12,3615,1
45,2014-04-12,4969,1
46,2014-04-12,4773,1
47,2014-04-12,5243,1
48,2014-04-12,3397,1
49,2014-04-12,7014,1
50,2014-04-12,4110,1
1,2014-04-11,3733,1
2,2014-04-11,4701,1
3,2014-04-11,6169,1
4,2014-04-11,7682,1
5,2014-04-11,3623,1
6,2014-04-11,4889,1
7,2014-04-11,7861,1
8,2014-04-11,4194,1
9,2014-04-11,5426,1
10,2014-04-11,4456,1
11,2014-04-11,7547,1
12,2014-04-11,6210,1
13,2014-04-11,4239,1
14,2014-04-11,5272,1
15,2014-04-11,6818,1
16,2014-04-11,7324,1
17,2014-04-11,5267,1
18,2014-04-11,6618,1
19,2014-04-11,5959,1
20,2014-04-11,7684,1
21,2014-04-11,3977,1
22,2014-04-11,4676,1
23,2014-04-11,5722,1
24,2014-04-11,7930,1
25,2014-04-11,8961,1
26,2014-04-11,5638,1
27,2014-04-11,7749,1
28,2014-04-11,5190,1
29,2014-04-11,6280,1
30,2014-04-11,3716,1
31,2014-04-11,5362,1
32,2014-04-11,3781,1
33,2014-04-11,7509,1
34,2014-04-11,7151,1
35,2014-04-11,8468,1
36,2014-04-11,9096,1
37,2014-04-11,5962,1
38,2014-04-11,4498,1
39,2014-04-11,3768,1
40,2014-04-11,4126,1
41,2014-04-11,5176,1
42,2014-04-11,9214,1
43,2014-04-11,6492,1
44,2014-04-11,4972,1
45,2014-04-11,4599,1
46,2014-04-11,4467,1
47,2014-04-11,6082,1
48,2014-04-11,4020,1
49,2014-04-11,6809,1
50,2014-04-11,3072,1
1,2014-04-10,3948,1
2,2014-04-10,3691,1
3,2014-04-10,5683,1
4,2014-04-10,7714,1
5,2014-04-10,3526,1
6,2014-04-10,4077,1
7,2014-04-10,7443,1
8,2014-04-10,5381,1
9,2014-04-10,5367,1
10,2014-04-10,4584,1
11,2014-04-10,6802,1
12,2014-04-10,6455,1
13,2014-04-10,3829,1
14,2014-04-10,5216,1
15,2014-04-10,5400,1
16,2014-04-10,6693,1
17,2014-04-10,5197,1
18,2014-04-10,5408,1
19,2014-04-10,5889,1
20,2014-04-10,8490,1
21,2014-04-10,3709,1
22,2014-04-10,3518,1
23,2014-04-10,4427,1
24,2014-04-10,7033,1
25,2014-04-10,9338,1
26,2014-04-10,5052,1
27,2014-04-10,7987,1
28,2014-04-10,4987,1
29,2014-04-10,5359,1
30,2014-04-10,3829,1
31,2014-04-10,4861,1
32,2014-04-10,3387,1
33,2014-04-10,6582,1
34,2014-04-10,6191,1
35,2014-04-10,7747,1
36,2014-04-10,7790,1
37,2014-04-10,5867,1
38,2014-04-10,3779,1
39,2014-04-10,3735,1
40,2014-04-10,4438,1
41,2014-04-10,5197,1
42,2014-04-10,8819,1
43,2014-04-10,6008,1
44,2014-04-10,4811,1
45,2014-04-10,4242,1
46,2014-04-10,3939,1
47,2014-04-10,5586,1
48,2014-04-10,3778,1
49,2014-04-10,6272,1
50,2014-04-10,2814,1
1,2014-04-09,3919,1
2,2014-04-09,5142,1
3,2014-04-09,5389,1
4,2014-04-09,7890,1
5,2014-04-09,4013,1
6,2014-04-09,4196,1
7,2014-04-09,6923,1
8,2014-04-09,4406,1
9,2014-04-09,5492,1
10,2014-04-09,4152,1
11,2014-04-09,7561,1
12,2014-04-09,7020,1
13,2014-04-09,3473,1
14,2014-04-09,5242,1
15,2014-04-09,5134,1
16,2014-04-09,6923,1
17,2014-04-09,5070,1
18,2014-04-09,6027,1
19,2014-04-09,5667,1
20,2014-04-09,8385,1
21,2014-04-09,3436,1
22,2014-04-09,3975,1
23,2014-04-09,4348,1
24,2014-04-09,7317,1
25,2014-04-09,9263,1
26,2014-04-09,4646,1
27,2014-04-09,7359,1
28,2014-04-09,4528,1
29,2014-04-09,6050,1
30,2014-04-09,3657,1
31,2014-04-09,4854,1
32,2014-04-09,3586,1
33,2014-04-09,6845,1
34,2014-04-09,6926,1
35,2014-04-09,7447,1
36,2014-04-09,7881,1
37,2014-04-09,4439,1
38,2014-04-09,3866,1
39,2014-04-09,3810,1
40,2014-04-09,3970,1
41,2014-04-09,4327,1
42,2014-04-09,9695,1
43,2014-04-09,5483,1
44,2014-04-09,4715,1
45,2014-04-09,3674,1
46,2014-04-09,3823,1
47,2014-04-09,6287,1
48,2014-04-09,3837,1
49,2014-04-09,6335,1
50,2014-04-09,2673,1
1,2014-04-08,3990,1
2,2014-04-08,4475,1
3,2014-04-08,5218,1
4,2014-04-08,7074,1
5,2014-04-08,3823,1
6,2014-04-08,4754,1
7,2014-04-08,7048,1
8,2014-04-08,4506,1
9,2014-04-08,5137,1
10,2014-04-08,4525,1
11,2014-04-08,6181,1
12,2014-04-08,5706,1
13,2014-04-08,3321,1
14,2014-04-08,4745,1
15,2014-04-08,4972,1
16,2014-04-08,7025,1
17,2014-04-08,5042,1
18,2014-04-08,4971,1
19,2014-04-08,5842,1
20,2014-04-08,7720,1
21,2014-04-08,4015,1
22,2014-04-08,3440,1
23,2014-04-08,3998,1
24,2014-04-08,7347,1
25,2014-04-08,9693,1
26,2014-04-08,4267,1
27,2014-04-08,7046,1
28,2014-04-08,4592,1
29,2014-04-08,5626,1
30,2014-04-08,3601,1
31,2014-04-08,4397,1
32,2014-04-08,3636,1
33,2014-04-08,6557,1
34,2014-04-08,6615,1
35,2014-04-08,7342,1
36,2014-04-08,8803,1
37,2014-04-08,4359,1
38,2014-04-08,4015,1
39,2014-04-08,3452,1
40,2014-04-08,3916,1
41,2014-04-08,4270,1
42,2014-04-08,8471,1
43,2014-04-08,6342,1
44,2014-04-08,4393,1
45,2014-04-08,3804,1
46,2014-04-08,4281,1
47,2014-04-08,6362,1
48,2014-04-08,3429,1
49,2014-04-08,5151,1
50,2014-04-08,2714,1
1,2014-04-07,3751,1
2,2014-04-07,3941,1
3,2014-04-07,5121,1
4,2014-04-07,7733,1
5,2014-04-07,4014,1
6,2014-04-07,4749,1
7,2014-04-07,7377,1
8,2014-04-07,4816,1
9,2014-04-07,6753,1
10,2014-04-07,4828,1
11,2014-04-07,7404,1
12,2014-04-07,6662,1
13,2014-04-07,3783,1
14,2014-04-07,5554,1
15,2014-04-07,5098,1
16,2014-04-07,7240,1
17,2014-04-07,5283,1
18,2014-04-07,5582,1
19,2014-04-07,6231,1
20,2014-04-07,10284,1
21,2014-04-07,4070,1
22,2014-04-07,3860,1
23,2014-04-07,4105,1
24,2014-04-07,7561,1
25,2014-04-07,10096,1
26,2014-04-07,4906,1
27,2014-04-07,7230,1
28,2014-04-07,4647,1
29,2014-04-07,5706,1
30,2014-04-07,3954,1
31,2014-04-07,4217,1
32,2014-04-07,3872,1
33,2014-04-07,7702,1
34,2014-04-07,7104,1
35,2014-04-07,7396,1
36,2014-04-07,9045,1
37,2014-04-07,4651,1
38,2014-04-07,3964,1
39,2014-04-07,4047,1
40,2014-04-07,3811,1
41,2014-04-07,4460,1
42,2014-04-07,8846,1
43,2014-04-07,6136,1
44,2014-04-07,5422,1
45,2014-04-07,3674,1
46,2014-04-07,3465,1
47,2014-04-07,6160,1
48,2014-04-07,4302,1
49,2014-04-07,5395,1
50,2014-04-07,2939,1
1,2014-04-05,4599,1
2,2014-04-05,2655,1
3,2014-04-05,3904,1
4,2014-04-05,9423,1
5,2014-04-05,1911,1
6,2014-04-05,3335,1
7,2014-04-05,4586,1
8,2014-04-05,2677,1
9,2014-04-05,5996,1
10,2014-04-05,4778,1
11,2014-04-05,6312,1
12,2014-04-05,5581,1
13,2014-04-05,4190,1
14,2014-04-05,3381,1
15,2014-04-05,5711,1
16,2014-04-05,5277,1
17,2014-04-05,2826,1
18,2014-04-05,4299,1
19,2014-04-05,4128,1
20,2014-04-05,7534,1
21,2014-04-05,5500,1
22,2014-04-05,3331,1
23,2014-04-05,4807,1
24,2014-04-05,6783,1
25,2014-04-05,8531,1
26,2014-04-05,5163,1
27,2014-04-05,7485,1
28,2014-04-05,2673,1
29,2014-04-05,7212,1
30,2014-04-05,4177,1
31,2014-04-05,5511,1
32,2014-04-05,2549,1
33,2014-04-05,7721,1
34,2014-04-05,7595,1
35,2014-04-05,8625,1
36,2014-04-05,9756,1
37,2014-04-05,7623,1
38,2014-04-05,7247,1
39,2014-04-05,3122,1
40,2014-04-05,5736,1
41,2014-04-05,5892,1
42,2014-04-05,8713,1
43,2014-04-05,4750,1
44,2014-04-05,3613,1
45,2014-04-05,4982,1
46,2014-04-05,5095,1
47,2014-04-05,4937,1
48,2014-04-05,3443,1
49,2014-04-05,7423,1
50,2014-04-05,4206,1
1,2014-04-04,4738,1
2,2014-04-04,5016,1
3,2014-04-04,7562,1
4,2014-04-04,9411,1
5,2014-04-04,5251,1
6,2014-04-04,5834,1
7,2014-04-04,9611,1
8,2014-04-04,4978,1
9,2014-04-04,7112,1
10,2014-04-04,5932,1
11,2014-04-04,8197,1
12,2014-04-04,7664,1
13,2014-04-04,6895,1
14,2014-04-04,6332,1
15,2014-04-04,7445,1
16,2014-04-04,7958,1
17,2014-04-04,7470,1
18,2014-04-04,7317,1
19,2014-04-04,7535,1
21,2014-04-04,6774,1
22,2014-04-04,5210,1
23,2014-04-04,6527,1
24,2014-04-04,9736,1
25,2014-04-04,11330,1
26,2014-04-04,8100,1
27,2014-04-04,10229,1
28,2014-04-04,6339,1
29,2014-04-04,7483,1
30,2014-04-04,5032,1
31,2014-04-04,7149,1
32,2014-04-04,4964,1
33,2014-04-04,8102,1
34,2014-04-04,8380,1
35,2014-04-04,10921,1
36,2014-04-04,9999,1
37,2014-04-04,8230,1
38,2014-04-04,6438,1
39,2014-04-04,5824,1
40,2014-04-04,4723,1
41,2014-04-04,6173,1
42,2014-04-04,10944,1
43,2014-04-04,8560,1
44,2014-04-04,6880,1
45,2014-04-04,5581,1
46,2014-04-04,6323,1
47,2014-04-04,7032,1
48,2014-04-04,3584,1
49,2014-04-04,7615,1
50,2014-04-04,4246,1
1,2014-04-03,4556,1
2,2014-04-03,5078,1
3,2014-04-03,7477,1
4,2014-04-03,9189,1
5,2014-04-03,4853,1
6,2014-04-03,5790,1
7,2014-04-03,9195,1
8,2014-04-03,6697,1
9,2014-04-03,6139,1
10,2014-04-03,5898,1
11,2014-04-03,8657,1
12,2014-04-03,8114,1
13,2014-04-03,5024,1
14,2014-04-03,6536,1
15,2014-04-03,6690,1
16,2014-04-03,8801,1
17,2014-04-03,7115,1
18,2014-04-03,6079,1
19,2014-04-03,6959,1
21,2014-04-03,6400,1
22,2014-04-03,4989,1
23,2014-04-03,5511,1
24,2014-04-03,9819,1
25,2014-04-03,11708,1
26,2014-04-03,7540,1
27,2014-04-03,10143,1
28,2014-04-03,6195,1
29,2014-04-03,7283,1
30,2014-04-03,6077,1
31,2014-04-03,5853,1
32,2014-04-03,4890,1
33,2014-04-03,9298,1
34,2014-04-03,8045,1
35,2014-04-03,10099,1
36,2014-04-03,9441,1
37,2014-04-03,7142,1
38,2014-04-03,6783,1
39,2014-04-03,6017,1
40,2014-04-03,5048,1
41,2014-04-03,5780,1
42,2014-04-03,11450,1
43,2014-04-03,7607,1
44,2014-04-03,5668,1
45,2014-04-03,5719,1
46,2014-04-03,5799,1
47,2014-04-03,8105,1
48,2014-04-03,4260,1
49,2014-04-03,7783,1
50,2014-04-03,4077,1
1,2014-04-02,4834,1
2,2014-04-02,7013,1
3,2014-04-02,7481,1
4,2014-04-02,9585,1
5,2014-04-02,6260,1
6,2014-04-02,6685,1
7,2014-04-02,9083,1
8,2014-04-02,6452,1
9,2014-04-02,6851,1
10,2014-04-02,6449,1
11,2014-04-02,9507,1
12,2014-04-02,7284,1
13,2014-04-02,6070,1
14,2014-04-02,5740,1
15,2014-04-02,6082,1
16,2014-04-02,9039,1
17,2014-04-02,6996,1
18,2014-04-02,6794,1
19,2014-04-02,7468,1
21,2014-04-02,5845,1
22,2014-04-02,4445,1
23,2014-04-02,5604,1
24,2014-04-02,10060,1
25,2014-04-02,11668,1
26,2014-04-02,7117,1
27,2014-04-02,8756,1
28,2014-04-02,5959,1
29,2014-04-02,8119,1
30,2014-04-02,4585,1
31,2014-04-02,5526,1
32,2014-04-02,5376,1
33,2014-04-02,8981,1
34,2014-04-02,8250,1
35,2014-04-02,8851,1
36,2014-04-02,9312,1
37,2014-04-02,6182,1
38,2014-04-02,6466,1
39,2014-04-02,5660,1
40,2014-04-02,5185,1
41,2014-04-02,5306,1
42,2014-04-02,10733,1
43,2014-04-02,8267,1
44,2014-04-02,6466,1
45,2014-04-02,5781,1
46,2014-04-02,5663,1
47,2014-04-02,8754,1
48,2014-04-02,4806,1
49,2014-04-02,7515,1
50,2014-04-02,4858,1
1,2014-04-01,5407,1
2,2014-04-01,4862,1
3,2014-04-01,6800,1
4,2014-04-01,11772,1
5,2014-04-01,6100,1
6,2014-04-01,7387,1
7,2014-04-01,11435,1
8,2014-04-01,8406,1
9,2014-04-01,7152,1
10,2014-04-01,7048,1
11,2014-04-01,9115,1
12,2014-04-01,6833,1
13,2014-04-01,6171,1
14,2014-04-01,5896,1
15,2014-04-01,7271,1
16,2014-04-01,9753,1
17,2014-04-01,7440,1
18,2014-04-01,5887,1
19,2014-04-01,7423,1
20,2014-04-01,8785,1
21,2014-04-01,5702,1
22,2014-04-01,5465,1
23,2014-04-01,6672,1
24,2014-04-01,9794,1
25,2014-04-01,14446,1
26,2014-04-01,7141,1
27,2014-04-01,10230,1
28,2014-04-01,7430,1
29,2014-04-01,8737,1
30,2014-04-01,7343,1
31,2014-04-01,6147,1
32,2014-04-01,5387,1
33,2014-04-01,10013,1
34,2014-04-01,9456,1
35,2014-04-01,8844,1
36,2014-04-01,10484,1
37,2014-04-01,6920,1
38,2014-04-01,7751,1
39,2014-04-01,7764,1
40,2014-04-01,5550,1
41,2014-04-01,5750,1
42,2014-04-01,10162,1
43,2014-04-01,6594,1
44,2014-04-01,7319,1
45,2014-04-01,5803,1
46,2014-04-01,5653,1
47,2014-04-01,9013,1
48,2014-04-01,4669,1
49,2014-04-01,7668,1
50,2014-04-01,5137,1
1,2014-03-31,6008,1
2,2014-03-31,9908,1
3,2014-03-31,13588,1
4,2014-03-31,14638,1
5,2014-03-31,7135,1
6,2014-03-31,8488,1
7,2014-03-31,13165,1
8,2014-03-31,8934,1
9,2014-03-31,9405,1
10,2014-03-31,8438,1
11,2014-03-31,12157,1
12,2014-03-31,14079,1
13,2014-03-31,7257,1
14,2014-03-31,10881,1
15,2014-03-31,11818,1
16,2014-03-31,10860,1
17,2014-03-31,12789,1
18,2014-03-31,12109,1
19,2014-03-31,9768,1
20,2014-03-31,10463,1
21,2014-03-31,12191,1
22,2014-03-31,5204,1
23,2014-03-31,9137,1
24,2014-03-31,18155,1
25,2014-03-31,17336,1
26,2014-03-31,9272,1
27,2014-03-31,21759,1
28,2014-03-31,9534,1
29,2014-03-31,11512,1
30,2014-03-31,7313,1
31,2014-03-31,7413,1
32,2014-03-31,6429,1
33,2014-03-31,12267,1
34,2014-03-31,11991,1
35,2014-03-31,20004,1
36,2014-03-31,11182,1
37,2014-03-31,8802,1
38,2014-03-31,9662,1
39,2014-03-31,9103,1
40,2014-03-31,6132,1
41,2014-03-31,8623,1
42,2014-03-31,19635,1
43,2014-03-31,13911,1
44,2014-03-31,9047,1
45,2014-03-31,7034,1
46,2014-03-31,12250,1
47,2014-03-31,12082,1
48,2014-03-31,5265,1
49,2014-03-31,9533,1
50,2014-03-31,5258,1
1,2014-03-29,4583,1
2,2014-03-29,2815,1
3,2014-03-29,4200,1
4,2014-03-29,8880,1
5,2014-03-29,1747,1
6,2014-03-29,2968,1
7,2014-03-29,5693,1
8,2014-03-29,2866,1
9,2014-03-29,5302,1
10,2014-03-29,4847,1
11,2014-03-29,7277,1
12,2014-03-29,5906,1
13,2014-03-29,4865,1
14,2014-03-29,4136,1
15,2014-03-29,6852,1
16,2014-03-29,4719,1
17,2014-03-29,2298,1
18,2014-03-29,4821,1
19,2014-03-29,4583,1
20,2014-03-29,6027,1
21,2014-03-29,5168,1
22,2014-03-29,2757,1
23,2014-03-29,4146,1
24,2014-03-29,7298,1
25,2014-03-29,9332,1
26,2014-03-29,5218,1
27,2014-03-29,7495,1
28,2014-03-29,2664,1
29,2014-03-29,6563,1
30,2014-03-29,4440,1
31,2014-03-29,4952,1
32,2014-03-29,2098,1
33,2014-03-29,7609,1
34,2014-03-29,7970,1
35,2014-03-29,7142,1
36,2014-03-29,8680,1
37,2014-03-29,7121,1
38,2014-03-29,4939,1
39,2014-03-29,2845,1
40,2014-03-29,5272,1
41,2014-03-29,5134,1
42,2014-03-29,9184,1
43,2014-03-29,4970,1
44,2014-03-29,3617,1
45,2014-03-29,5167,1
46,2014-03-29,4906,1
47,2014-03-29,5575,1
48,2014-03-29,3290,1
49,2014-03-29,6969,1
50,2014-03-29,3911,1
1,2014-03-28,3987,1
2,2014-03-28,4409,1
3,2014-03-28,6194,1
4,2014-03-28,7696,1
5,2014-03-28,3575,1
6,2014-03-28,4891,1
7,2014-03-28,7886,1
8,2014-03-28,4502,1
9,2014-03-28,5392,1
10,2014-03-28,4711,1
11,2014-03-28,6982,1
12,2014-03-28,6523,1
13,2014-03-28,3777,1
14,2014-03-28,4963,1
15,2014-03-28,6249,1
16,2014-03-28,7781,1
17,2014-03-28,4875,1
18,2014-03-28,6713,1
19,2014-03-28,6601,1
20,2014-03-28,7064,1
21,2014-03-28,4524,1
22,2014-03-28,4506,1
23,2014-03-28,4550,1
24,2014-03-28,8466,1
25,2014-03-28,10065,1
26,2014-03-28,5330,1
27,2014-03-28,8360,1
28,2014-03-28,4584,1
29,2014-03-28,6753,1
30,2014-03-28,3621,1
31,2014-03-28,5574,1
32,2014-03-28,3536,1
33,2014-03-28,7695,1
34,2014-03-28,6535,1
35,2014-03-28,8340,1
36,2014-03-28,8712,1
37,2014-03-28,6198,1
38,2014-03-28,3748,1
39,2014-03-28,3576,1
40,2014-03-28,3980,1
41,2014-03-28,5527,1
42,2014-03-28,10293,1
43,2014-03-28,6541,1
44,2014-03-28,4695,1
45,2014-03-28,4029,1
46,2014-03-28,4760,1
47,2014-03-28,5932,1
48,2014-03-28,3514,1
49,2014-03-28,6698,1
50,2014-03-28,3594,1
1,2014-03-27,3847,1
2,2014-03-27,4350,1
3,2014-03-27,4969,1
4,2014-03-27,7006,1
5,2014-03-27,3488,1
6,2014-03-27,3907,1
7,2014-03-27,6763,1
8,2014-03-27,5091,1
9,2014-03-27,4744,1
10,2014-03-27,4814,1
11,2014-03-27,6125,1
12,2014-03-27,6000,1
13,2014-03-27,3391,1
14,2014-03-27,5112,1
15,2014-03-27,5075,1
16,2014-03-27,7115,1
17,2014-03-27,4898,1
18,2014-03-27,5041,1
19,2014-03-27,5769,1
20,2014-03-27,8148,1
21,2014-03-27,3627,1
22,2014-03-27,3567,1
23,2014-03-27,3997,1
24,2014-03-27,6958,1
25,2014-03-27,6399,1
26,2014-03-27,4989,1
27,2014-03-27,6654,1
28,2014-03-27,4544,1
29,2014-03-27,5010,1
30,2014-03-27,4051,1
31,2014-03-27,5057,1
32,2014-03-27,3363,1
33,2014-03-27,6211,1
34,2014-03-27,5910,1
35,2014-03-27,7470,1
36,2014-03-27,7979,1
37,2014-03-27,4958,1
38,2014-03-27,3441,1
39,2014-03-27,3382,1
40,2014-03-27,3443,1
41,2014-03-27,4771,1
42,2014-03-27,8275,1
43,2014-03-27,6732,1
44,2014-03-27,4591,1
45,2014-03-27,3603,1
46,2014-03-27,3747,1
47,2014-03-27,5980,1
48,2014-03-27,3549,1
49,2014-03-27,6378,1
50,2014-03-27,2676,1
1,2014-03-26,3225,1
2,2014-03-26,5059,1
3,2014-03-26,5158,1
4,2014-03-26,7095,1
5,2014-03-26,3622,1
6,2014-03-26,4463,1
7,2014-03-26,6266,1
8,2014-03-26,4172,1
9,2014-03-26,4459,1
10,2014-03-26,4416,1
11,2014-03-26,6537,1
12,2014-03-26,6302,1
13,2014-03-26,3425,1
14,2014-03-26,4829,1
15,2014-03-26,4943,1
16,2014-03-26,6417,1
17,2014-03-26,4629,1
18,2014-03-26,5182,1
19,2014-03-26,5017,1
20,2014-03-26,7272,1
21,2014-03-26,3019,1
22,2014-03-26,3166,1
23,2014-03-26,3626,1
24,2014-03-26,6412,1
25,2014-03-26,7484,1
26,2014-03-26,4396,1
27,2014-03-26,6900,1
28,2014-03-26,3840,1
29,2014-03-26,6030,1
30,2014-03-26,3138,1
31,2014-03-26,4070,1
32,2014-03-26,3321,1
33,2014-03-26,5833,1
34,2014-03-26,6178,1
35,2014-03-26,7276,1
36,2014-03-26,7320,1
37,2014-03-26,4115,1
38,2014-03-26,3507,1
39,2014-03-26,3159,1
40,2014-03-26,3728,1
41,2014-03-26,4406,1
42,2014-03-26,8740,1
43,2014-03-26,5874,1
44,2014-03-26,4793,1
45,2014-03-26,2899,1
46,2014-03-26,3565,1
47,2014-03-26,6180,1
48,2014-03-26,3230,1
49,2014-03-26,5857,1
50,2014-03-26,2711,1
1,2014-03-25,3136,1
2,2014-03-25,4086,1
3,2014-03-25,5207,1
4,2014-03-25,7277,1
5,2014-03-25,3535,1
6,2014-03-25,4311,1
7,2014-03-25,7088,1
8,2014-03-25,4490,1
9,2014-03-25,4840,1
10,2014-03-25,4394,1
11,2014-03-25,6296,1
12,2014-03-25,6049,1
13,2014-03-25,3198,1
14,2014-03-25,4340,1
15,2014-03-25,4978,1
16,2014-03-25,7572,1
17,2014-03-25,5060,1
18,2014-03-25,4394,1
19,2014-03-25,5127,1
20,2014-03-25,6529,1
21,2014-03-25,3605,1
22,2014-03-25,3498,1
23,2014-03-25,3247,1
24,2014-03-25,7232,1
25,2014-03-25,8597,1
26,2014-03-25,3577,1
27,2014-03-25,7779,1
28,2014-03-25,4524,1
29,2014-03-25,5118,1
30,2014-03-25,3837,1
31,2014-03-25,4279,1
32,2014-03-25,3371,1
33,2014-03-25,5784,1
34,2014-03-25,6186,1
35,2014-03-25,6629,1
36,2014-03-25,7520,1
37,2014-03-25,4207,1
38,2014-03-25,3295,1
39,2014-03-25,3690,1
40,2014-03-25,3626,1
41,2014-03-25,4526,1
42,2014-03-25,8824,1
43,2014-03-25,5420,1
44,2014-03-25,4083,1
45,2014-03-25,2930,1
46,2014-03-25,3760,1
47,2014-03-25,5800,1
48,2014-03-25,3351,1
49,2014-03-25,5512,1
50,2014-03-25,2158,1
1,2014-03-24,3850,1
2,2014-03-24,3893,1
3,2014-03-24,5248,1
4,2014-03-24,7992,1
5,2014-03-24,3378,1
6,2014-03-24,4353,1
7,2014-03-24,7098,1
8,2014-03-24,4550,1
9,2014-03-24,5253,1
10,2014-03-24,4887,1
11,2014-03-24,6632,1
12,2014-03-24,7453,1
13,2014-03-24,3737,1
14,2014-03-24,5979,1
15,2014-03-24,5925,1
16,2014-03-24,7245,1
17,2014-03-24,4868,1
18,2014-03-24,6490,1
19,2014-03-24,6065,1
20,2014-03-24,8165,1
21,2014-03-24,3302,1
22,2014-03-24,3517,1
23,2014-03-24,3636,1
24,2014-03-24,7906,1
25,2014-03-24,9587,1
26,2014-03-24,4565,1
27,2014-03-24,7072,1
28,2014-03-24,4366,1
29,2014-03-24,5736,1
30,2014-03-24,3345,1
31,2014-03-24,4786,1
32,2014-03-24,3369,1
33,2014-03-24,7009,1
34,2014-03-24,6498,1
35,2014-03-24,8424,1
36,2014-03-24,8866,1
37,2014-03-24,4139,1
38,2014-03-24,4632,1
39,2014-03-24,3672,1
40,2014-03-24,3567,1
41,2014-03-24,6422,1
42,2014-03-24,9127,1
43,2014-03-24,5892,1
44,2014-03-24,4553,1
45,2014-03-24,3981,1
46,2014-03-24,3763,1
47,2014-03-24,6461,1
48,2014-03-24,3882,1
49,2014-03-24,6472,1
50,2014-03-24,2555,1
1,2014-03-22,5241,1
2,2014-03-22,2569,1
3,2014-03-22,4389,1
4,2014-03-22,9676,1
5,2014-03-22,1740,1
6,2014-03-22,2976,1
7,2014-03-22,5644,1
8,2014-03-22,2701,1
9,2014-03-22,5776,1
10,2014-03-22,4695,1
11,2014-03-22,5615,1
12,2014-03-22,5951,1
13,2014-03-22,4046,1
14,2014-03-22,4078,1
15,2014-03-22,5122,1
16,2014-03-22,4873,1
17,2014-03-22,2514,1
18,2014-03-22,4303,1
19,2014-03-22,4416,1
20,2014-03-22,4699,1
21,2014-03-22,4879,1
22,2014-03-22,3671,1
23,2014-03-22,4645,1
24,2014-03-22,6451,1
25,2014-03-22,7293,1
26,2014-03-22,5924,1
27,2014-03-22,7279,1
28,2014-03-22,2718,1
29,2014-03-22,7466,1
30,2014-03-22,3938,1
31,2014-03-22,4859,1
32,2014-03-22,2315,1
33,2014-03-22,7399,1
34,2014-03-22,6886,1
35,2014-03-22,7328,1
36,2014-03-22,8793,1
37,2014-03-22,7759,1
38,2014-03-22,5581,1
39,2014-03-22,3122,1
40,2014-03-22,5337,1
41,2014-03-22,5412,1
42,2014-03-22,8729,1
43,2014-03-22,4474,1
44,2014-03-22,3933,1
45,2014-03-22,5624,1
46,2014-03-22,4762,1
47,2014-03-22,5518,1
48,2014-03-22,3008,1
49,2014-03-22,7139,1
50,2014-03-22,3739,1
1,2014-03-21,4510,1
2,2014-03-21,4993,1
3,2014-03-21,6765,1
4,2014-03-21,9292,1
5,2014-03-21,4550,1
6,2014-03-21,5517,1
7,2014-03-21,7297,1
8,2014-03-21,4308,1
9,2014-03-21,6227,1
10,2014-03-21,5045,1
11,2014-03-21,6188,1
12,2014-03-21,6714,1
13,2014-03-21,6140,1
14,2014-03-21,5795,1
15,2014-03-21,8044,1
16,2014-03-21,7591,1
17,2014-03-21,6243,1
18,2014-03-21,7009,1
19,2014-03-21,6920,1
20,2014-03-21,7226,1
21,2014-03-21,6444,1
22,2014-03-21,4981,1
23,2014-03-21,5880,1
24,2014-03-21,9102,1
25,2014-03-21,10008,1
26,2014-03-21,7814,1
27,2014-03-21,8788,1
28,2014-03-21,5481,1
29,2014-03-21,6887,1
30,2014-03-21,3866,1
31,2014-03-21,6387,1
32,2014-03-21,4445,1
33,2014-03-21,8058,1
34,2014-03-21,7682,1
35,2014-03-21,10142,1
36,2014-03-21,8744,1
37,2014-03-21,6884,1
38,2014-03-21,6071,1
39,2014-03-21,4702,1
40,2014-03-21,4430,1
41,2014-03-21,5050,1
42,2014-03-21,9948,1
43,2014-03-21,6968,1
44,2014-03-21,6091,1
45,2014-03-21,5831,1
46,2014-03-21,5491,1
47,2014-03-21,5303,1
48,2014-03-21,4082,1
49,2014-03-21,7382,1
50,2014-03-21,4647,1
1,2014-03-20,4023,1
2,2014-03-20,4950,1
3,2014-03-20,7390,1
4,2014-03-20,8074,1
5,2014-03-20,4478,1
6,2014-03-20,4773,1
7,2014-03-20,7386,1
8,2014-03-20,5616,1
9,2014-03-20,5894,1
10,2014-03-20,4452,1
11,2014-03-20,7345,1
12,2014-03-20,7080,1
13,2014-03-20,5090,1
14,2014-03-20,5464,1
15,2014-03-20,6037,1
16,2014-03-20,7162,1
17,2014-03-20,6624,1
18,2014-03-20,5609,1
19,2014-03-20,6651,1
20,2014-03-20,8774,1
21,2014-03-20,5805,1
22,2014-03-20,4383,1
23,2014-03-20,5464,1
24,2014-03-20,7492,1
25,2014-03-20,10795,1
26,2014-03-20,6387,1
27,2014-03-20,10213,1
28,2014-03-20,5626,1
29,2014-03-20,6033,1
30,2014-03-20,5301,1
31,2014-03-20,4572,1
32,2014-03-20,3896,1
33,2014-03-20,7409,1
34,2014-03-20,7462,1
35,2014-03-20,7992,1
36,2014-03-20,7937,1
37,2014-03-20,6084,1
38,2014-03-20,5384,1
39,2014-03-20,4387,1
40,2014-03-20,4753,1
41,2014-03-20,4572,1
42,2014-03-20,9585,1
43,2014-03-20,6734,1
44,2014-03-20,5744,1
45,2014-03-20,4506,1
46,2014-03-20,5280,1
47,2014-03-20,6527,1
48,2014-03-20,3621,1
49,2014-03-20,6759,1
50,2014-03-20,3725,1
1,2014-03-19,4036,1
2,2014-03-19,6275,1
3,2014-03-19,8417,1
4,2014-03-19,8672,1
5,2014-03-19,5031,1
6,2014-03-19,5357,1
7,2014-03-19,7762,1
8,2014-03-19,5517,1
9,2014-03-19,6400,1
10,2014-03-19,5882,1
11,2014-03-19,8491,1
12,2014-03-19,7682,1
13,2014-03-19,5530,1
14,2014-03-19,6193,1
15,2014-03-19,6805,1
16,2014-03-19,8025,1
17,2014-03-19,6575,1
18,2014-03-19,7109,1
19,2014-03-19,6716,1
20,2014-03-19,7720,1
21,2014-03-19,5576,1
22,2014-03-19,4407,1
23,2014-03-19,6139,1
24,2014-03-19,8992,1
25,2014-03-19,11102,1
26,2014-03-19,5945,1
27,2014-03-19,10402,1
28,2014-03-19,5435,1
29,2014-03-19,7876,1
30,2014-03-19,4579,1
31,2014-03-19,5602,1
32,2014-03-19,4544,1
33,2014-03-19,8636,1
34,2014-03-19,8043,1
35,2014-03-19,9936,1
36,2014-03-19,8084,1
37,2014-03-19,6572,1
38,2014-03-19,6412,1
39,2014-03-19,5309,1
40,2014-03-19,4837,1
41,2014-03-19,5593,1
42,2014-03-19,11312,1
43,2014-03-19,8087,1
44,2014-03-19,6222,1
45,2014-03-19,4308,1
46,2014-03-19,6305,1
47,2014-03-19,8056,1
48,2014-03-19,4046,1
49,2014-03-19,6548,1
50,2014-03-19,4028,1
1,2014-03-18,5200,1
2,2014-03-18,5805,1
3,2014-03-18,9011,1
4,2014-03-18,9920,1
5,2014-03-18,5682,1
6,2014-03-18,6933,1
7,2014-03-18,9392,1
8,2014-03-18,6688,1
9,2014-03-18,7380,1
10,2014-03-18,5791,1
11,2014-03-18,7872,1
12,2014-03-18,8432,1
13,2014-03-18,5898,1
14,2014-03-18,7087,1
15,2014-03-18,7376,1
16,2014-03-18,8460,1
17,2014-03-18,8458,1
18,2014-03-18,7355,1
19,2014-03-18,7700,1
20,2014-03-18,8576,1
21,2014-03-18,5821,1
22,2014-03-18,5006,1
23,2014-03-18,6787,1
24,2014-03-18,9820,1
25,2014-03-18,8686,1
26,2014-03-18,7527,1
27,2014-03-18,11091,1
28,2014-03-18,6517,1
29,2014-03-18,7486,1
30,2014-03-18,6425,1
31,2014-03-18,6215,1
32,2014-03-18,5381,1
33,2014-03-18,8526,1
34,2014-03-18,8510,1
35,2014-03-18,10858,1
36,2014-03-18,8521,1
37,2014-03-18,6737,1
38,2014-03-18,7008,1
39,2014-03-18,5188,1
40,2014-03-18,5229,1
41,2014-03-18,5412,1
42,2014-03-18,10109,1
43,2014-03-18,8096,1
44,2014-03-18,6724,1
45,2014-03-18,5869,1
46,2014-03-18,6392,1
47,2014-03-18,7706,1
48,2014-03-18,4366,1
49,2014-03-18,7484,1
50,2014-03-18,4382,1
1,2014-03-17,5563,1
2,2014-03-17,7054,1
3,2014-03-17,9154,1
4,2014-03-17,11669,1
5,2014-03-17,7702,1
6,2014-03-17,7302,1
7,2014-03-17,11479,1
8,2014-03-17,7658,1
9,2014-03-17,9167,1
10,2014-03-17,6613,1
11,2014-03-17,9183,1
12,2014-03-17,9961,1
13,2014-03-17,6720,1
14,2014-03-17,7962,1
15,2014-03-17,8736,1
16,2014-03-17,9497,1
17,2014-03-17,9389,1
18,2014-03-17,8987,1
19,2014-03-17,8923,1
20,2014-03-17,10061,1
21,2014-03-17,8349,1
22,2014-03-17,5742,1
23,2014-03-17,9260,1
24,2014-03-17,12317,1
25,2014-03-17,14117,1
26,2014-03-17,10665,1
27,2014-03-17,12880,1
28,2014-03-17,9400,1
29,2014-03-17,12376,1
30,2014-03-17,6470,1
31,2014-03-17,6151,1
32,2014-03-17,5715,1
33,2014-03-17,9840,1
34,2014-03-17,10552,1
35,2014-03-17,14837,1
36,2014-03-17,10047,1
37,2014-03-17,9169,1
38,2014-03-17,10246,1
39,2014-03-17,8114,1
40,2014-03-17,5597,1
41,2014-03-17,6910,1
42,2014-03-17,13072,1
43,2014-03-17,9493,1
44,2014-03-17,8270,1
45,2014-03-17,6645,1
46,2014-03-17,8331,1
47,2014-03-17,8022,1
48,2014-03-17,5194,1
49,2014-03-17,8720,1
50,2014-03-17,5792,1
1,2014-03-15,5042,1
2,2014-03-15,2678,1
3,2014-03-15,4255,1
4,2014-03-15,10009,1
5,2014-03-15,1895,1
6,2014-03-15,3274,1
7,2014-03-15,4641,1
8,2014-03-15,2519,1
9,2014-03-15,6799,1
10,2014-03-15,4564,1
11,2014-03-15,5972,1
12,2014-03-15,4960,1
13,2014-03-15,4612,1
14,2014-03-15,3747,1
15,2014-03-15,5152,1
16,2014-03-15,5202,1
17,2014-03-15,2303,1
18,2014-03-15,4264,1
19,2014-03-15,4538,1
20,2014-03-15,4668,1
21,2014-03-15,4893,1
22,2014-03-15,3531,1
23,2014-03-15,5045,1
24,2014-03-15,6629,1
25,2014-03-15,8532,1
26,2014-03-15,6013,1
27,2014-03-15,7089,1
28,2014-03-15,2461,1
29,2014-03-15,6999,1
30,2014-03-15,3469,1
31,2014-03-15,5440,1
32,2014-03-15,2557,1
33,2014-03-15,8144,1
34,2014-03-15,7826,1
35,2014-03-15,7677,1
36,2014-03-15,8690,1
37,2014-03-15,8455,1
38,2014-03-15,6208,1
39,2014-03-15,2912,1
40,2014-03-15,4415,1
41,2014-03-15,5894,1
42,2014-03-15,7829,1
43,2014-03-15,4321,1
44,2014-03-15,4196,1
45,2014-03-15,4806,1
46,2014-03-15,4874,1
47,2014-03-15,4344,1
48,2014-03-15,3243,1
49,2014-03-15,7945,1
50,2014-03-15,4325,1
1,2014-03-14,3883,1
2,2014-03-14,3321,1
3,2014-03-14,6245,1
4,2014-03-14,7336,1
5,2014-03-14,3982,1
6,2014-03-14,4669,1
7,2014-03-14,7964,1
8,2014-03-14,3929,1
9,2014-03-14,5987,1
10,2014-03-14,5061,1
11,2014-03-14,6954,1
12,2014-03-14,5882,1
13,2014-03-14,3077,1
14,2014-03-14,4859,1
15,2014-03-14,5864,1
16,2014-03-14,6357,1
17,2014-03-14,5076,1
18,2014-03-14,6097,1
19,2014-03-14,5351,1
20,2014-03-14,6594,1
21,2014-03-14,3749,1
22,2014-03-14,3650,1
23,2014-03-14,4627,1
24,2014-03-14,8515,1
25,2014-03-14,9315,1
26,2014-03-14,5287,1
27,2014-03-14,7610,1
28,2014-03-14,4635,1
29,2014-03-14,5496,1
30,2014-03-14,3335,1
31,2014-03-14,5117,1
32,2014-03-14,3373,1
33,2014-03-14,7030,1
34,2014-03-14,6972,1
35,2014-03-14,7423,1
36,2014-03-14,7964,1
37,2014-03-14,5346,1
38,2014-03-14,4303,1
39,2014-03-14,3947,1
40,2014-03-14,3690,1
41,2014-03-14,4561,1
42,2014-03-14,8967,1
43,2014-03-14,5683,1
44,2014-03-14,4937,1
45,2014-03-14,4547,1
46,2014-03-14,3395,1
47,2014-03-14,4990,1
48,2014-03-14,3219,1
49,2014-03-14,6300,1
50,2014-03-14,2633,1
1,2014-03-13,3224,1
2,2014-03-13,4172,1
3,2014-03-13,4918,1
4,2014-03-13,6987,1
5,2014-03-13,3728,1
6,2014-03-13,4291,1
7,2014-03-13,6373,1
8,2014-03-13,4921,1
9,2014-03-13,5441,1
10,2014-03-13,4865,1
11,2014-03-13,6457,1
12,2014-03-13,5484,1
13,2014-03-13,3010,1
14,2014-03-13,5160,1
15,2014-03-13,5042,1
16,2014-03-13,7151,1
17,2014-03-13,4604,1
18,2014-03-13,4509,1
19,2014-03-13,5066,1
20,2014-03-13,7715,1
21,2014-03-13,3027,1
22,2014-03-13,3125,1
23,2014-03-13,4204,1
24,2014-03-13,6077,1
25,2014-03-13,9070,1
26,2014-03-13,4701,1
27,2014-03-13,6787,1
28,2014-03-13,4679,1
29,2014-03-13,4984,1
30,2014-03-13,3555,1
31,2014-03-13,4163,1
32,2014-03-13,3213,1
33,2014-03-13,6625,1
34,2014-03-13,5889,1
35,2014-03-13,6638,1
36,2014-03-13,6943,1
37,2014-03-13,4485,1
38,2014-03-13,3847,1
39,2014-03-13,3733,1
40,2014-03-13,3587,1
41,2014-03-13,4677,1
42,2014-03-13,7642,1
43,2014-03-13,6327,1
44,2014-03-13,4185,1
45,2014-03-13,3532,1
46,2014-03-13,3440,1
47,2014-03-13,5237,1
48,2014-03-13,2996,1
49,2014-03-13,5197,1
50,2014-03-13,3011,1
1,2014-03-12,3805,1
2,2014-03-12,4581,1
3,2014-03-12,4951,1
4,2014-03-12,7318,1
5,2014-03-12,4031,1
6,2014-03-12,4806,1
7,2014-03-12,5856,1
8,2014-03-12,4191,1
9,2014-03-12,4881,1
10,2014-03-12,4883,1
11,2014-03-12,6475,1
12,2014-03-12,5223,1
13,2014-03-12,3209,1
14,2014-03-12,4718,1
15,2014-03-12,4420,1
16,2014-03-12,5971,1
17,2014-03-12,4614,1
18,2014-03-12,5030,1
19,2014-03-12,5247,1
20,2014-03-12,7025,1
21,2014-03-12,2910,1
22,2014-03-12,3372,1
23,2014-03-12,4356,1
24,2014-03-12,6825,1
25,2014-03-12,8763,1
26,2014-03-12,4256,1
27,2014-03-12,7014,1
28,2014-03-12,4073,1
29,2014-03-12,5260,1
30,2014-03-12,3054,1
31,2014-03-12,4481,1
32,2014-03-12,3040,1
33,2014-03-12,6725,1
34,2014-03-12,6511,1
35,2014-03-12,6966,1
36,2014-03-12,7374,1
37,2014-03-12,4160,1
38,2014-03-12,3596,1
39,2014-03-12,3533,1
40,2014-03-12,3703,1
41,2014-03-12,3976,1
42,2014-03-12,8126,1
43,2014-03-12,5831,1
44,2014-03-12,4426,1
45,2014-03-12,3504,1
46,2014-03-12,3599,1
47,2014-03-12,5356,1
48,2014-03-12,3583,1
49,2014-03-12,4919,1
50,2014-03-12,2709,1
1,2014-03-11,3588,1
2,2014-03-11,3575,1
3,2014-03-11,5412,1
4,2014-03-11,7021,1
5,2014-03-11,3643,1
6,2014-03-11,4224,1
7,2014-03-11,6997,1
8,2014-03-11,4386,1
9,2014-03-11,5506,1
10,2014-03-11,4923,1
11,2014-03-11,5868,1
12,2014-03-11,5953,1
13,2014-03-11,3194,1
14,2014-03-11,4868,1
15,2014-03-11,4943,1
16,2014-03-11,7126,1
17,2014-03-11,5104,1
18,2014-03-11,4420,1
19,2014-03-11,5648,1
20,2014-03-11,7223,1
21,2014-03-11,2961,1
22,2014-03-11,3603,1
23,2014-03-11,3384,1
24,2014-03-11,7101,1
25,2014-03-11,9421,1
26,2014-03-11,3777,1
27,2014-03-11,7277,1
28,2014-03-11,3993,1
29,2014-03-11,5175,1
30,2014-03-11,4227,1
31,2014-03-11,4054,1
32,2014-03-11,3661,1
33,2014-03-11,6452,1
34,2014-03-11,6413,1
35,2014-03-11,6293,1
36,2014-03-11,7094,1
37,2014-03-11,3898,1
38,2014-03-11,3940,1
39,2014-03-11,3610,1
40,2014-03-11,3908,1
41,2014-03-11,3648,1
42,2014-03-11,7704,1
43,2014-03-11,5350,1
44,2014-03-11,4165,1
45,2014-03-11,3199,1
46,2014-03-11,3457,1
47,2014-03-11,4968,1
48,2014-03-11,3377,1
49,2014-03-11,5293,1
50,2014-03-11,2808,1
1,2014-03-10,3573,1
2,2014-03-10,3799,1
3,2014-03-10,4928,1
4,2014-03-10,7809,1
5,2014-03-10,3629,1
6,2014-03-10,4506,1
7,2014-03-10,7259,1
8,2014-03-10,4311,1
9,2014-03-10,6280,1
10,2014-03-10,5560,1
11,2014-03-10,6650,1
12,2014-03-10,4926,1
13,2014-03-10,3378,1
14,2014-03-10,5677,1
15,2014-03-10,4890,1
16,2014-03-10,6981,1
17,2014-03-10,4832,1
18,2014-03-10,5330,1
19,2014-03-10,4753,1
20,2014-03-10,8153,1
21,2014-03-10,3720,1
22,2014-03-10,4045,1
23,2014-03-10,4021,1
24,2014-03-10,7199,1
25,2014-03-10,10379,1
26,2014-03-10,3788,1
27,2014-03-10,6468,1
28,2014-03-10,3811,1
29,2014-03-10,5105,1
30,2014-03-10,4319,1
31,2014-03-10,3951,1
32,2014-03-10,3732,1
33,2014-03-10,7450,1
34,2014-03-10,6908,1
35,2014-03-10,6966,1
36,2014-03-10,8339,1
37,2014-03-10,4037,1
38,2014-03-10,5082,1
39,2014-03-10,3569,1
40,2014-03-10,4123,1
41,2014-03-10,4213,1
42,2014-03-10,9059,1
43,2014-03-10,6152,1
44,2014-03-10,4400,1
45,2014-03-10,3535,1
46,2014-03-10,3408,1
47,2014-03-10,5637,1
48,2014-03-10,3258,1
49,2014-03-10,5672,1
50,2014-03-10,2829,1
1,2014-03-08,4400,1
2,2014-03-08,2863,1
3,2014-03-08,3407,1
4,2014-03-08,9296,1
5,2014-03-08,1991,1
6,2014-03-08,3219,1
7,2014-03-08,5738,1
8,2014-03-08,2806,1
9,2014-03-08,5405,1
10,2014-03-08,4759,1
11,2014-03-08,5478,1
12,2014-03-08,5603,1
13,2014-03-08,4330,1
14,2014-03-08,3034,1
15,2014-03-08,5584,1
16,2014-03-08,5015,1
17,2014-03-08,2667,1
18,2014-03-08,4178,1
19,2014-03-08,4174,1
20,2014-03-08,4982,1
21,2014-03-08,4192,1
22,2014-03-08,3108,1
23,2014-03-08,4297,1
24,2014-03-08,5817,1
25,2014-03-08,8677,1
26,2014-03-08,5050,1
27,2014-03-08,6801,1
28,2014-03-08,2400,1
29,2014-03-08,6534,1
30,2014-03-08,5664,1
31,2014-03-08,4727,1
32,2014-03-08,1997,1
33,2014-03-08,8043,1
34,2014-03-08,6954,1
35,2014-03-08,6933,1
36,2014-03-08,9089,1
37,2014-03-08,6024,1
38,2014-03-08,5784,1
39,2014-03-08,2671,1
40,2014-03-08,5696,1
41,2014-03-08,5172,1
42,2014-03-08,8657,1
43,2014-03-08,4806,1
44,2014-03-08,3510,1
45,2014-03-08,4963,1
46,2014-03-08,4798,1
47,2014-03-08,4907,1
48,2014-03-08,2684,1
49,2014-03-08,6397,1
50,2014-03-08,3388,1
1,2014-03-07,5340,1
2,2014-03-07,5275,1
3,2014-03-07,8321,1
4,2014-03-07,9986,1
5,2014-03-07,4804,1
6,2014-03-07,5948,1
7,2014-03-07,9385,1
8,2014-03-07,5634,1
9,2014-03-07,6708,1
10,2014-03-07,5572,1
11,2014-03-07,7680,1
12,2014-03-07,7606,1
13,2014-03-07,6370,1
14,2014-03-07,6182,1
15,2014-03-07,7690,1
16,2014-03-07,7510,1
17,2014-03-07,7307,1
18,2014-03-07,7493,1
19,2014-03-07,7927,1
20,2014-03-07,7961,1
21,2014-03-07,7038,1
22,2014-03-07,4813,1
23,2014-03-07,6754,1
24,2014-03-07,10240,1
25,2014-03-07,12639,1
26,2014-03-07,7522,1
27,2014-03-07,9786,1
28,2014-03-07,6202,1
29,2014-03-07,7705,1
30,2014-03-07,5896,1
31,2014-03-07,6122,1
32,2014-03-07,4479,1
33,2014-03-07,9662,1
34,2014-03-07,8134,1
35,2014-03-07,10147,1
36,2014-03-07,9079,1
37,2014-03-07,8089,1
38,2014-03-07,6858,1
39,2014-03-07,4993,1
40,2014-03-07,5450,1
41,2014-03-07,5597,1
42,2014-03-07,10502,1
43,2014-03-07,8797,1
44,2014-03-07,6494,1
45,2014-03-07,5822,1
46,2014-03-07,6219,1
47,2014-03-07,7002,1
48,2014-03-07,4238,1
49,2014-03-07,7156,1
50,2014-03-07,4645,1
1,2014-03-06,4585,1
2,2014-03-06,5173,1
3,2014-03-06,8140,1
4,2014-03-06,9072,1
5,2014-03-06,4805,1
6,2014-03-06,5653,1
7,2014-03-06,8225,1
8,2014-03-06,6717,1
9,2014-03-06,6828,1
10,2014-03-06,6129,1
11,2014-03-06,8458,1
12,2014-03-06,7899,1
13,2014-03-06,5297,1
14,2014-03-06,6236,1
15,2014-03-06,7325,1
16,2014-03-06,7801,1
17,2014-03-06,7490,1
18,2014-03-06,6183,1
19,2014-03-06,8464,1
20,2014-03-06,8917,1
21,2014-03-06,5724,1
22,2014-03-06,5061,1
23,2014-03-06,6853,1
24,2014-03-06,9624,1
25,2014-03-06,14642,1
26,2014-03-06,7623,1
27,2014-03-06,10475,1
28,2014-03-06,6104,1
29,2014-03-06,7520,1
30,2014-03-06,8772,1
31,2014-03-06,5758,1
32,2014-03-06,4796,1
33,2014-03-06,10042,1
34,2014-03-06,7259,1
35,2014-03-06,10004,1
36,2014-03-06,9077,1
37,2014-03-06,7485,1
38,2014-03-06,6823,1
39,2014-03-06,6132,1
40,2014-03-06,6424,1
41,2014-03-06,5419,1
42,2014-03-06,11877,1
43,2014-03-06,9442,1
44,2014-03-06,6494,1
45,2014-03-06,6247,1
46,2014-03-06,6276,1
47,2014-03-06,6611,1
48,2014-03-06,4402,1
49,2014-03-06,6219,1
50,2014-03-06,4570,1
1,2014-03-05,4916,1
2,2014-03-05,6740,1
3,2014-03-05,8867,1
4,2014-03-05,9039,1
5,2014-03-05,6208,1
6,2014-03-05,6301,1
7,2014-03-05,9010,1
8,2014-03-05,6329,1
9,2014-03-05,7671,1
10,2014-03-05,5975,1
11,2014-03-05,8820,1
12,2014-03-05,8575,1
13,2014-03-05,5719,1
14,2014-03-05,6720,1
15,2014-03-05,7644,1
16,2014-03-05,8755,1
17,2014-03-05,7762,1
18,2014-03-05,7682,1
19,2014-03-05,7648,1
20,2014-03-05,8159,1
21,2014-03-05,6675,1
22,2014-03-05,4903,1
23,2014-03-05,5966,1
24,2014-03-05,9799,1
25,2014-03-05,16331,1
26,2014-03-05,6710,1
27,2014-03-05,10984,1
28,2014-03-05,5535,1
29,2014-03-05,8929,1
30,2014-03-05,8201,1
31,2014-03-05,5486,1
32,2014-03-05,4894,1
33,2014-03-05,10867,1
34,2014-03-05,8146,1
35,2014-03-05,11594,1
36,2014-03-05,8218,1
37,2014-03-05,6837,1
38,2014-03-05,8568,1
39,2014-03-05,6608,1
40,2014-03-05,6004,1
41,2014-03-05,5361,1
42,2014-03-05,12394,1
43,2014-03-05,8976,1
44,2014-03-05,6671,1
45,2014-03-05,5244,1
46,2014-03-05,6019,1
47,2014-03-05,7980,1
48,2014-03-05,4644,1
49,2014-03-05,7666,1
50,2014-03-05,4251,1
1,2014-03-04,5397,1
2,2014-03-04,6006,1
3,2014-03-04,9520,1
4,2014-03-04,11220,1
5,2014-03-04,5423,1
6,2014-03-04,6309,1
7,2014-03-04,10595,1
8,2014-03-04,7519,1
9,2014-03-04,8175,1
10,2014-03-04,6000,1
11,2014-03-04,8362,1
12,2014-03-04,9909,1
13,2014-03-04,6100,1
14,2014-03-04,7576,1
15,2014-03-04,7664,1
16,2014-03-04,8809,1
17,2014-03-04,8890,1
18,2014-03-04,7418,1
19,2014-03-04,8055,1
20,2014-03-04,7649,1
21,2014-03-04,6797,1
22,2014-03-04,4370,1
23,2014-03-04,6443,1
24,2014-03-04,12369,1
25,2014-03-04,6616,1
26,2014-03-04,7921,1
27,2014-03-04,13595,1
28,2014-03-04,8071,1
29,2014-03-04,8532,1
30,2014-03-04,9914,1
31,2014-03-04,6081,1
32,2014-03-04,4255,1
33,2014-03-04,9520,1
34,2014-03-04,9649,1
35,2014-03-04,11426,1
36,2014-03-04,8532,1
37,2014-03-04,8070,1
38,2014-03-04,9576,1
39,2014-03-04,8543,1
40,2014-03-04,7035,1
41,2014-03-04,5673,1
42,2014-03-04,14160,1
43,2014-03-04,9767,1
44,2014-03-04,6419,1
45,2014-03-04,6407,1
46,2014-03-04,6289,1
47,2014-03-04,8799,1
48,2014-03-04,4520,1
49,2014-03-04,7674,1
50,2014-03-04,5442,1
1,2014-03-03,6198,1
2,2014-03-03,7332,1
3,2014-03-03,11091,1
4,2014-03-03,13685,1
5,2014-03-03,7607,1
6,2014-03-03,8942,1
7,2014-03-03,12998,1
8,2014-03-03,9385,1
9,2014-03-03,9434,1
10,2014-03-03,7761,1
11,2014-03-03,10944,1
12,2014-03-03,12341,1
13,2014-03-03,8825,1
14,2014-03-03,5282,1
15,2014-03-03,9680,1
16,2014-03-03,10727,1
17,2014-03-03,10948,1
18,2014-03-03,10237,1
19,2014-03-03,11095,1
20,2014-03-03,9739,1
21,2014-03-03,10216,1
22,2014-03-03,7253,1
23,2014-03-03,9281,1
24,2014-03-03,14106,1
26,2014-03-03,10930,1
27,2014-03-03,15828,1
28,2014-03-03,10191,1
29,2014-03-03,12722,1
31,2014-03-03,7447,1
32,2014-03-03,5740,1
33,2014-03-03,3626,1
34,2014-03-03,11326,1
35,2014-03-03,15376,1
36,2014-03-03,11658,1
37,2014-03-03,9028,1
38,2014-03-03,6473,1
39,2014-03-03,7691,1
41,2014-03-03,8311,1
42,2014-03-03,12730,1
43,2014-03-03,3374,1
44,2014-03-03,9612,1
45,2014-03-03,3752,1
46,2014-03-03,10195,1
47,2014-03-03,10311,1
48,2014-03-03,5967,1
49,2014-03-03,10055,1
50,2014-03-03,5848,1
1,2014-03-01,5307,1
2,2014-03-01,3350,1
3,2014-03-01,4718,1
4,2014-03-01,11248,1
5,2014-03-01,2170,1
6,2014-03-01,3492,1
7,2014-03-01,6369,1
8,2014-03-01,3557,1
9,2014-03-01,6913,1
10,2014-03-01,5235,1
11,2014-03-01,6249,1
12,2014-03-01,6531,1
13,2014-03-01,4492,1
14,2014-03-01,4170,1
15,2014-03-01,6013,1
16,2014-03-01,5898,1
17,2014-03-01,3002,1
18,2014-03-01,5307,1
19,2014-03-01,4721,1
20,2014-03-01,5372,1
21,2014-03-01,5183,1
22,2014-03-01,3904,1
23,2014-03-01,5183,1
24,2014-03-01,8581,1
25,2014-03-01,11081,1
26,2014-03-01,4984,1
27,2014-03-01,8396,1
28,2014-03-01,3113,1
29,2014-03-01,7920,1
30,2014-03-01,6172,1
31,2014-03-01,5873,1
32,2014-03-01,2142,1
33,2014-03-01,8708,1
34,2014-03-01,8734,1
35,2014-03-01,7426,1
36,2014-03-01,10332,1
37,2014-03-01,8117,1
38,2014-03-01,6085,1
39,2014-03-01,3550,1
40,2014-03-01,5596,1
41,2014-03-01,5912,1
42,2014-03-01,8477,1
43,2014-03-01,5074,1
44,2014-03-01,4446,1
45,2014-03-01,5581,1
46,2014-03-01,5469,1
47,2014-03-01,6142,1
48,2014-03-01,3839,1
49,2014-03-01,7772,1
50,2014-03-01,4187,1
1,2014-02-28,5031,1
2,2014-02-28,4400,1
3,2014-02-28,6792,1
4,2014-02-28,10849,1
5,2014-02-28,4602,1
6,2014-02-28,5235,1
7,2014-02-28,9221,1
8,2014-02-28,4403,1
9,2014-02-28,6249,1
10,2014-02-28,5721,1
11,2014-02-28,8306,1
12,2014-02-28,6014,1
13,2014-02-28,4354,1
14,2014-02-28,5513,1
15,2014-02-28,7947,1
16,2014-02-28,8415,1
17,2014-02-28,6070,1
18,2014-02-28,7304,1
19,2014-02-28,7546,1
20,2014-02-28,7272,1
21,2014-02-28,4017,1
22,2014-02-28,5990,1
23,2014-02-28,5696,1
24,2014-02-28,10449,1
25,2014-02-28,13764,1
26,2014-02-28,6376,1
27,2014-02-28,9461,1
28,2014-02-28,5137,1
29,2014-02-28,6957,1
30,2014-02-28,5904,1
31,2014-02-28,6139,1
32,2014-02-28,4049,1
33,2014-02-28,10197,1
34,2014-02-28,8336,1
35,2014-02-28,8946,1
36,2014-02-28,8109,1
37,2014-02-28,6539,1
38,2014-02-28,5837,1
39,2014-02-28,5317,1
40,2014-02-28,4533,1
41,2014-02-28,6084,1
42,2014-02-28,10967,1
43,2014-02-28,7324,1
44,2014-02-28,4955,1
45,2014-02-28,5383,1
46,2014-02-28,4659,1
47,2014-02-28,7376,1
48,2014-02-28,3945,1
49,2014-02-28,7111,1
50,2014-02-28,3884,1
1,2014-02-27,3826,1
2,2014-02-27,3998,1
3,2014-02-27,5324,1
4,2014-02-27,7723,1
5,2014-02-27,3176,1
6,2014-02-27,4045,1
7,2014-02-27,7079,1
8,2014-02-27,5122,1
9,2014-02-27,5727,1
10,2014-02-27,4773,1
11,2014-02-27,6984,1
12,2014-02-27,5717,1
13,2014-02-27,3029,1
14,2014-02-27,4442,1
15,2014-02-27,5836,1
16,2014-02-27,6701,1
17,2014-02-27,4486,1
18,2014-02-27,4943,1
19,2014-02-27,6388,1
20,2014-02-27,8020,1
21,2014-02-27,3523,1
23,2014-02-27,4100,1
24,2014-02-27,6557,1
25,2014-02-27,3667,1
26,2014-02-27,4974,1
27,2014-02-27,6717,1
28,2014-02-27,4838,1
29,2014-02-27,5227,1
30,2014-02-27,1744,1
31,2014-02-27,4840,1
32,2014-02-27,3129,1
33,2014-02-27,4067,1
34,2014-02-27,6049,1
35,2014-02-27,6654,1
36,2014-02-27,7452,1
37,2014-02-27,5101,1
38,2014-02-27,4319,1
39,2014-02-27,3708,1
40,2014-02-27,1355,1
41,2014-02-27,4236,1
42,2014-02-27,7358,1
43,2014-02-27,3695,1
44,2014-02-27,4609,1
45,2014-02-27,4222,1
46,2014-02-27,4034,1
47,2014-02-27,5875,1
48,2014-02-27,4018,1
49,2014-02-27,5534,1
50,2014-02-27,3209,1
1,2014-02-26,4108,1
2,2014-02-26,4548,1
3,2014-02-26,4580,1
4,2014-02-26,6987,1
5,2014-02-26,3568,1
6,2014-02-26,4111,1
7,2014-02-26,5812,1
8,2014-02-26,3719,1
9,2014-02-26,5627,1
10,2014-02-26,4253,1
11,2014-02-26,7000,1
12,2014-02-26,5680,1
13,2014-02-26,2820,1
14,2014-02-26,4408,1
15,2014-02-26,4507,1
16,2014-02-26,6439,1
17,2014-02-26,4426,1
18,2014-02-26,4630,1
19,2014-02-26,5543,1
20,2014-02-26,6497,1
21,2014-02-26,3675,1
22,2014-02-26,4192,1
23,2014-02-26,4393,1
24,2014-02-26,6937,1
25,2014-02-26,10499,1
26,2014-02-26,4669,1
27,2014-02-26,6027,1
28,2014-02-26,4348,1
29,2014-02-26,4990,1
30,2014-02-26,5228,1
31,2014-02-26,4426,1
32,2014-02-26,2849,1
33,2014-02-26,8052,1
34,2014-02-26,6121,1
35,2014-02-26,6870,1
36,2014-02-26,6648,1
37,2014-02-26,4276,1
38,2014-02-26,4765,1
39,2014-02-26,4511,1
40,2014-02-26,4378,1
41,2014-02-26,3475,1
42,2014-02-26,8588,1
43,2014-02-26,7152,1
44,2014-02-26,4379,1
45,2014-02-26,3780,1
46,2014-02-26,3269,1
47,2014-02-26,5289,1
48,2014-02-26,3412,1
49,2014-02-26,5977,1
50,2014-02-26,3070,1
1,2014-02-25,3499,1
2,2014-02-25,3520,1
3,2014-02-25,4858,1
4,2014-02-25,6812,1
5,2014-02-25,3407,1
6,2014-02-25,4152,1
7,2014-02-25,6168,1
8,2014-02-25,3831,1
9,2014-02-25,4904,1
10,2014-02-25,5035,1
11,2014-02-25,6075,1
12,2014-02-25,5445,1
13,2014-02-25,2844,1
14,2014-02-25,4604,1
15,2014-02-25,4305,1
16,2014-02-25,6408,1
17,2014-02-25,4330,1
18,2014-02-25,4611,1
19,2014-02-25,5190,1
20,2014-02-25,6866,1
21,2014-02-25,2906,1
22,2014-02-25,4115,1
23,2014-02-25,3443,1
24,2014-02-25,6331,1
25,2014-02-25,9314,1
26,2014-02-25,4107,1
27,2014-02-25,6888,1
28,2014-02-25,4117,1
29,2014-02-25,4921,1
30,2014-02-25,5731,1
31,2014-02-25,3505,1
32,2014-02-25,3240,1
33,2014-02-25,6148,1
34,2014-02-25,5965,1
35,2014-02-25,6327,1
36,2014-02-25,7681,1
37,2014-02-25,3653,1
38,2014-02-25,3812,1
39,2014-02-25,3769,1
40,2014-02-25,3721,1
41,2014-02-25,3668,1
42,2014-02-25,7268,1
43,2014-02-25,6292,1
44,2014-02-25,4163,1
45,2014-02-25,3029,1
46,2014-02-25,3338,1
47,2014-02-25,5169,1
48,2014-02-25,3409,1
49,2014-02-25,4877,1
50,2014-02-25,2456,1
1,2014-02-24,3826,1
2,2014-02-24,3894,1
3,2014-02-24,5141,1
4,2014-02-24,7782,1
5,2014-02-24,3558,1
6,2014-02-24,4557,1
7,2014-02-24,7311,1
8,2014-02-24,4448,1
9,2014-02-24,5880,1
10,2014-02-24,5319,1
11,2014-02-24,6282,1
12,2014-02-24,5354,1
13,2014-02-24,3176,1
14,2014-02-24,4795,1
15,2014-02-24,4629,1
16,2014-02-24,7024,1
17,2014-02-24,4706,1
18,2014-02-24,4659,1
19,2014-02-24,5508,1
20,2014-02-24,7698,1
21,2014-02-24,3316,1
22,2014-02-24,3996,1
23,2014-02-24,3767,1
24,2014-02-24,6562,1
25,2014-02-24,10824,1
26,2014-02-24,3733,1
27,2014-02-24,6343,1
28,2014-02-24,4163,1
29,2014-02-24,5352,1
30,2014-02-24,4508,1
31,2014-02-24,3669,1
32,2014-02-24,3369,1
33,2014-02-24,7039,1
34,2014-02-24,6584,1
35,2014-02-24,6566,1
36,2014-02-24,8587,1
37,2014-02-24,3828,1
38,2014-02-24,4116,1
39,2014-02-24,3683,1
40,2014-02-24,3971,1
41,2014-02-24,4125,1
42,2014-02-24,7559,1
43,2014-02-24,5868,1
44,2014-02-24,4357,1
45,2014-02-24,2867,1
46,2014-02-24,3528,1
47,2014-02-24,5925,1
48,2014-02-24,3830,1
49,2014-02-24,5039,1
50,2014-02-24,2716,1
1,2014-02-22,4820,1
2,2014-02-22,2563,1
3,2014-02-22,4082,1
4,2014-02-22,10047,1
5,2014-02-22,1975,1
6,2014-02-22,2963,1
7,2014-02-22,5192,1
8,2014-02-22,2838,1
9,2014-02-22,6734,1
10,2014-02-22,4129,1
11,2014-02-22,5675,1
12,2014-02-22,5602,1
13,2014-02-22,4597,1
14,2014-02-22,3394,1
15,2014-02-22,4965,1
16,2014-02-22,4812,1
17,2014-02-22,2474,1
18,2014-02-22,4510,1
19,2014-02-22,4323,1
20,2014-02-22,5714,1
21,2014-02-22,5100,1
22,2014-02-22,3431,1
23,2014-02-22,4333,1
24,2014-02-22,6890,1
25,2014-02-22,10903,1
26,2014-02-22,5368,1
27,2014-02-22,7192,1
28,2014-02-22,2546,1
29,2014-02-22,6612,1
30,2014-02-22,5224,1
31,2014-02-22,5394,1
32,2014-02-22,2280,1
33,2014-02-22,8226,1
34,2014-02-22,7644,1
35,2014-02-22,7071,1
36,2014-02-22,8484,1
37,2014-02-22,7018,1
38,2014-02-22,6254,1
39,2014-02-22,2618,1
40,2014-02-22,4784,1
41,2014-02-22,5165,1
42,2014-02-22,7879,1
43,2014-02-22,4721,1
44,2014-02-22,3811,1
45,2014-02-22,4472,1
46,2014-02-22,4154,1
47,2014-02-22,4637,1
48,2014-02-22,3051,1
49,2014-02-22,6423,1
50,2014-02-22,3924,1
1,2014-02-21,4727,1
2,2014-02-21,4790,1
3,2014-02-21,7511,1
4,2014-02-21,9193,1
5,2014-02-21,4389,1
6,2014-02-21,5097,1
7,2014-02-21,8676,1
8,2014-02-21,5064,1
9,2014-02-21,6381,1
10,2014-02-21,5756,1
11,2014-02-21,7141,1
12,2014-02-21,7425,1
13,2014-02-21,5892,1
14,2014-02-21,6068,1
15,2014-02-21,6982,1
16,2014-02-21,7122,1
17,2014-02-21,6653,1
18,2014-02-21,7073,1
19,2014-02-21,6992,1
20,2014-02-21,6955,1
21,2014-02-21,7088,1
22,2014-02-21,4799,1
23,2014-02-21,6597,1
24,2014-02-21,9504,1
25,2014-02-21,14765,1
26,2014-02-21,7092,1
27,2014-02-21,9387,1
28,2014-02-21,5015,1
29,2014-02-21,7394,1
30,2014-02-21,5197,1
31,2014-02-21,6110,1
32,2014-02-21,4144,1
33,2014-02-21,7972,1
34,2014-02-21,8001,1
35,2014-02-21,9923,1
36,2014-02-21,8799,1
37,2014-02-21,6853,1
38,2014-02-21,6023,1
39,2014-02-21,4687,1
40,2014-02-21,4242,1
41,2014-02-21,6338,1
42,2014-02-21,10788,1
43,2014-02-21,8631,1
44,2014-02-21,5511,1
45,2014-02-21,5489,1
46,2014-02-21,5562,1
47,2014-02-21,7015,1
48,2014-02-21,4111,1
49,2014-02-21,7755,1
50,2014-02-21,4669,1
1,2014-02-20,4563,1
2,2014-02-20,4961,1
3,2014-02-20,6798,1
4,2014-02-20,9452,1
5,2014-02-20,5365,1
6,2014-02-20,5352,1
7,2014-02-20,7758,1
8,2014-02-20,6580,1
9,2014-02-20,6259,1
10,2014-02-20,5060,1
11,2014-02-20,7474,1
12,2014-02-20,7568,1
13,2014-02-20,5266,1
14,2014-02-20,5800,1
15,2014-02-20,7472,1
16,2014-02-20,7639,1
17,2014-02-20,7001,1
18,2014-02-20,6123,1
19,2014-02-20,6455,1
20,2014-02-20,8831,1
21,2014-02-20,5432,1
22,2014-02-20,4715,1
23,2014-02-20,5770,1
24,2014-02-20,8953,1
25,2014-02-20,15356,1
26,2014-02-20,7322,1
27,2014-02-20,9851,1
28,2014-02-20,5636,1
29,2014-02-20,7173,1
30,2014-02-20,6544,1
31,2014-02-20,5663,1
32,2014-02-20,4738,1
33,2014-02-20,7596,1
34,2014-02-20,7685,1
35,2014-02-20,10506,1
36,2014-02-20,8518,1
37,2014-02-20,6876,1
38,2014-02-20,5283,1
39,2014-02-20,4943,1
40,2014-02-20,5129,1
41,2014-02-20,5474,1
42,2014-02-20,10618,1
43,2014-02-20,7516,1
44,2014-02-20,6050,1
45,2014-02-20,5476,1
46,2014-02-20,5099,1
47,2014-02-20,7120,1
48,2014-02-20,3577,1
49,2014-02-20,6535,1
50,2014-02-20,3915,1
1,2014-02-19,4935,1
2,2014-02-19,6419,1
3,2014-02-19,8156,1
4,2014-02-19,9010,1
5,2014-02-19,5307,1
6,2014-02-19,5552,1
7,2014-02-19,7834,1
8,2014-02-19,5299,1
9,2014-02-19,6526,1
10,2014-02-19,5561,1
11,2014-02-19,7587,1
12,2014-02-19,7975,1
13,2014-02-19,5254,1
14,2014-02-19,6511,1
15,2014-02-19,6976,1
16,2014-02-19,8806,1
17,2014-02-19,6823,1
18,2014-02-19,6948,1
19,2014-02-19,6412,1
20,2014-02-19,8108,1
21,2014-02-19,5669,1
22,2014-02-19,4140,1
23,2014-02-19,5731,1
24,2014-02-19,9249,1
25,2014-02-19,16406,1
26,2014-02-19,6175,1
27,2014-02-19,9354,1
28,2014-02-19,6141,1
29,2014-02-19,6712,1
30,2014-02-19,5192,1
31,2014-02-19,5859,1
32,2014-02-19,4697,1
33,2014-02-19,8511,1
34,2014-02-19,8188,1
35,2014-02-19,9519,1
36,2014-02-19,9112,1
37,2014-02-19,5717,1
38,2014-02-19,6061,1
39,2014-02-19,5653,1
40,2014-02-19,4395,1
41,2014-02-19,5296,1
42,2014-02-19,11478,1
43,2014-02-19,7345,1
44,2014-02-19,5921,1
45,2014-02-19,5303,1
46,2014-02-19,5448,1
47,2014-02-19,7603,1
48,2014-02-19,3826,1
49,2014-02-19,7135,1
50,2014-02-19,4282,1
1,2014-02-18,4602,1
2,2014-02-18,5979,1
3,2014-02-18,8382,1
4,2014-02-18,9676,1
5,2014-02-18,5368,1
6,2014-02-18,5867,1
7,2014-02-18,10408,1
8,2014-02-18,7008,1
9,2014-02-18,7663,1
10,2014-02-18,6128,1
11,2014-02-18,8129,1
12,2014-02-18,9056,1
13,2014-02-18,6993,1
14,2014-02-18,6467,1
15,2014-02-18,7389,1
16,2014-02-18,8408,1
17,2014-02-18,8647,1
18,2014-02-18,6666,1
19,2014-02-18,7645,1
20,2014-02-18,8991,1
21,2014-02-18,7321,1
22,2014-02-18,4997,1
23,2014-02-18,5547,1
24,2014-02-18,10368,1
25,2014-02-18,19201,1
26,2014-02-18,7288,1
27,2014-02-18,11665,1
28,2014-02-18,7901,1
29,2014-02-18,7873,1
30,2014-02-18,6532,1
31,2014-02-18,6041,1
32,2014-02-18,5127,1
33,2014-02-18,9235,1
34,2014-02-18,8663,1
35,2014-02-18,9724,1
36,2014-02-18,9085,1
37,2014-02-18,6771,1
38,2014-02-18,7210,1
39,2014-02-18,6070,1
40,2014-02-18,5400,1
41,2014-02-18,5614,1
42,2014-02-18,11257,1
43,2014-02-18,8694,1
44,2014-02-18,6907,1
45,2014-02-18,4948,1
46,2014-02-18,6403,1
47,2014-02-18,8113,1
48,2014-02-18,4308,1
49,2014-02-18,7049,1
50,2014-02-18,3857,1
1,2014-02-17,5393,1
2,2014-02-17,7584,1
3,2014-02-17,10020,1
4,2014-02-17,11297,1
5,2014-02-17,7170,1
6,2014-02-17,7218,1
7,2014-02-17,12728,1
8,2014-02-17,8750,1
9,2014-02-17,10145,1
10,2014-02-17,8294,1
11,2014-02-17,9492,1
12,2014-02-17,11438,1
13,2014-02-17,6982,1
14,2014-02-17,7946,1
15,2014-02-17,8430,1
16,2014-02-17,10955,1
17,2014-02-17,11185,1
18,2014-02-17,9612,1
19,2014-02-17,10078,1
20,2014-02-17,9294,1
21,2014-02-17,8427,1
22,2014-02-17,5793,1
23,2014-02-17,8488,1
24,2014-02-17,13046,1
25,2014-02-17,21497,1
26,2014-02-17,10327,1
27,2014-02-17,13359,1
28,2014-02-17,9396,1
29,2014-02-17,12311,1
30,2014-02-17,8337,1
31,2014-02-17,7041,1
32,2014-02-17,5521,1
33,2014-02-17,11762,1
34,2014-02-17,9702,1
35,2014-02-17,14141,1
36,2014-02-17,10284,1
37,2014-02-17,8456,1
38,2014-02-17,9399,1
39,2014-02-17,8403,1
40,2014-02-17,5207,1
41,2014-02-17,8421,1
42,2014-02-17,13629,1
43,2014-02-17,10417,1
44,2014-02-17,7954,1
45,2014-02-17,6012,1
46,2014-02-17,7815,1
47,2014-02-17,8507,1
48,2014-02-17,5252,1
49,2014-02-17,8706,1
50,2014-02-17,5936,1
1,2014-02-15,5258,1
2,2014-02-15,2509,1
3,2014-02-15,3793,1
4,2014-02-15,9171,1
5,2014-02-15,2165,1
6,2014-02-15,3054,1
7,2014-02-15,4985,1
8,2014-02-15,2751,1
9,2014-02-15,5972,1
10,2014-02-15,4397,1
11,2014-02-15,5734,1
12,2014-02-15,5809,1
13,2014-02-15,4139,1
14,2014-02-15,3519,1
15,2014-02-15,5477,1
16,2014-02-15,4753,1
17,2014-02-15,2801,1
18,2014-02-15,4416,1
19,2014-02-15,3717,1
20,2014-02-15,5232,1
21,2014-02-15,4785,1
22,2014-02-15,3448,1
23,2014-02-15,5495,1
24,2014-02-15,6994,1
25,2014-02-15,14571,1
26,2014-02-15,5658,1
27,2014-02-15,7252,1
28,2014-02-15,2262,1
29,2014-02-15,6883,1
30,2014-02-15,4909,1
31,2014-02-15,4734,1
32,2014-02-15,2351,1
33,2014-02-15,7885,1
34,2014-02-15,6927,1
35,2014-02-15,7421,1
36,2014-02-15,9594,1
37,2014-02-15,8019,1
38,2014-02-15,6591,1
39,2014-02-15,2808,1
40,2014-02-15,5440,1
41,2014-02-15,4913,1
42,2014-02-15,8400,1
43,2014-02-15,4953,1
44,2014-02-15,3672,1
45,2014-02-15,5350,1
46,2014-02-15,5003,1
47,2014-02-15,5128,1
48,2014-02-15,3210,1
49,2014-02-15,6660,1
50,2014-02-15,4258,1
1,2014-02-14,4647,1
2,2014-02-14,4324,1
3,2014-02-14,6213,1
4,2014-02-14,8877,1
5,2014-02-14,4431,1
6,2014-02-14,4938,1
7,2014-02-14,7808,1
8,2014-02-14,4423,1
9,2014-02-14,5567,1
10,2014-02-14,4992,1
11,2014-02-14,7889,1
12,2014-02-14,5969,1
13,2014-02-14,4088,1
14,2014-02-14,5283,1
15,2014-02-14,6182,1
16,2014-02-14,8024,1
17,2014-02-14,5411,1
18,2014-02-14,6959,1
19,2014-02-14,6531,1
20,2014-02-14,6638,1
21,2014-02-14,4647,1
22,2014-02-14,4269,1
23,2014-02-14,5256,1
24,2014-02-14,9580,1
25,2014-02-14,24882,1
26,2014-02-14,6172,1
27,2014-02-14,8065,1
28,2014-02-14,5248,1
29,2014-02-14,6565,1
30,2014-02-14,4359,1
31,2014-02-14,5018,1
32,2014-02-14,3586,1
33,2014-02-14,7361,1
34,2014-02-14,7300,1
35,2014-02-14,8585,1
36,2014-02-14,8697,1
37,2014-02-14,6088,1
38,2014-02-14,4740,1
39,2014-02-14,4195,1
40,2014-02-14,3994,1
41,2014-02-14,4996,1
42,2014-02-14,8819,1
43,2014-02-14,6873,1
44,2014-02-14,4665,1
45,2014-02-14,4724,1
46,2014-02-14,4432,1
47,2014-02-14,5567,1
48,2014-02-14,4281,1
49,2014-02-14,7078,1
50,2014-02-14,3879,1
1,2014-02-13,3638,1
2,2014-02-13,4171,1
3,2014-02-13,5132,1
4,2014-02-13,7765,1
5,2014-02-13,3823,1
6,2014-02-13,4564,1
7,2014-02-13,7203,1
8,2014-02-13,5555,1
9,2014-02-13,5345,1
10,2014-02-13,4406,1
11,2014-02-13,7280,1
12,2014-02-13,5870,1
13,2014-02-13,3405,1
14,2014-02-13,4721,1
15,2014-02-13,5213,1
16,2014-02-13,6120,1
17,2014-02-13,4707,1
18,2014-02-13,5606,1
19,2014-02-13,5407,1
20,2014-02-13,8368,1
21,2014-02-13,3479,1
22,2014-02-13,4112,1
23,2014-02-13,3971,1
24,2014-02-13,6900,1
26,2014-02-13,5637,1
27,2014-02-13,6543,1
28,2014-02-13,5399,1
29,2014-02-13,5316,1
30,2014-02-13,4964,1
31,2014-02-13,4677,1
32,2014-02-13,3288,1
33,2014-02-13,6444,1
34,2014-02-13,6275,1
35,2014-02-13,6731,1
36,2014-02-13,8135,1
37,2014-02-13,5819,1
38,2014-02-13,3795,1
39,2014-02-13,3582,1
40,2014-02-13,3341,1
41,2014-02-13,3972,1
42,2014-02-13,7679,1
43,2014-02-13,5559,1
44,2014-02-13,4646,1
45,2014-02-13,4473,1
46,2014-02-13,3959,1
47,2014-02-13,5430,1
48,2014-02-13,3194,1
49,2014-02-13,5822,1
50,2014-02-13,2996,1
1,2014-02-12,3662,1
2,2014-02-12,4848,1
3,2014-02-12,5675,1
4,2014-02-12,8244,1
5,2014-02-12,4475,1
6,2014-02-12,4605,1
7,2014-02-12,6626,1
8,2014-02-12,4076,1
9,2014-02-12,5070,1
10,2014-02-12,4723,1
11,2014-02-12,6948,1
12,2014-02-12,5842,1
13,2014-02-12,2826,1
14,2014-02-12,4690,1
15,2014-02-12,4613,1
16,2014-02-12,7117,1
17,2014-02-12,5041,1
18,2014-02-12,5350,1
19,2014-02-12,5068,1
20,2014-02-12,6413,1
21,2014-02-12,3542,1
22,2014-02-12,2954,1
23,2014-02-12,3902,1
24,2014-02-12,7490,1
26,2014-02-12,3962,1
27,2014-02-12,7376,1
28,2014-02-12,4273,1
29,2014-02-12,5526,1
30,2014-02-12,4893,1
31,2014-02-12,4293,1
32,2014-02-12,3168,1
33,2014-02-12,6289,1
34,2014-02-12,6053,1
35,2014-02-12,6339,1
36,2014-02-12,7083,1
37,2014-02-12,4571,1
38,2014-02-12,4109,1
39,2014-02-12,3942,1
40,2014-02-12,3807,1
41,2014-02-12,4086,1
42,2014-02-12,9347,1
43,2014-02-12,5690,1
44,2014-02-12,4358,1
45,2014-02-12,3577,1
46,2014-02-12,3324,1
47,2014-02-12,6264,1
48,2014-02-12,4286,1
49,2014-02-12,4732,1
50,2014-02-12,2808,1
1,2014-02-11,3461,1
2,2014-02-11,4056,1
3,2014-02-11,4877,1
4,2014-02-11,7483,1
5,2014-02-11,3649,1
6,2014-02-11,4535,1
7,2014-02-11,7386,1
8,2014-02-11,4514,1
9,2014-02-11,5051,1
10,2014-02-11,5372,1
11,2014-02-11,6525,1
12,2014-02-11,5247,1
13,2014-02-11,3615,1
14,2014-02-11,4804,1
15,2014-02-11,4876,1
16,2014-02-11,6798,1
17,2014-02-11,4934,1
18,2014-02-11,5427,1
19,2014-02-11,5822,1
20,2014-02-11,7586,1
21,2014-02-11,3433,1
22,2014-02-11,3599,1
23,2014-02-11,4036,1
24,2014-02-11,7990,1
26,2014-02-11,4522,1
27,2014-02-11,7010,1
28,2014-02-11,4203,1
29,2014-02-11,5744,1
30,2014-02-11,5712,1
31,2014-02-11,3738,1
32,2014-02-11,3132,1
33,2014-02-11,7083,1
34,2014-02-11,6815,1
35,2014-02-11,6645,1
36,2014-02-11,7431,1
37,2014-02-11,4834,1
38,2014-02-11,4050,1
39,2014-02-11,4198,1
40,2014-02-11,3880,1
41,2014-02-11,4094,1
42,2014-02-11,7934,1
43,2014-02-11,5690,1
44,2014-02-11,4675,1
45,2014-02-11,3505,1
46,2014-02-11,3400,1
47,2014-02-11,5512,1
48,2014-02-11,3403,1
49,2014-02-11,5373,1
50,2014-02-11,2939,1
1,2014-02-10,3591,1
2,2014-02-10,4006,1
3,2014-02-10,5396,1
4,2014-02-10,9075,1
5,2014-02-10,4108,1
6,2014-02-10,4371,1
7,2014-02-10,7601,1
8,2014-02-10,4777,1
9,2014-02-10,5904,1
10,2014-02-10,4809,1
11,2014-02-10,7435,1
12,2014-02-10,6235,1
13,2014-02-10,3360,1
14,2014-02-10,5149,1
15,2014-02-10,5276,1
16,2014-02-10,6696,1
17,2014-02-10,4796,1
18,2014-02-10,5712,1
19,2014-02-10,6435,1
20,2014-02-10,7399,1
21,2014-02-10,4235,1
22,2014-02-10,4073,1
23,2014-02-10,4403,1
24,2014-02-10,8220,1
26,2014-02-10,4169,1
27,2014-02-10,8103,1
28,2014-02-10,4490,1
29,2014-02-10,5603,1
30,2014-02-10,4841,1
31,2014-02-10,3840,1
32,2014-02-10,3577,1
33,2014-02-10,7958,1
34,2014-02-10,7529,1
35,2014-02-10,7615,1
36,2014-02-10,8515,1
37,2014-02-10,4912,1
38,2014-02-10,4733,1
39,2014-02-10,4366,1
40,2014-02-10,3050,1
41,2014-02-10,4466,1
42,2014-02-10,9458,1
43,2014-02-10,6189,1
44,2014-02-10,4626,1
45,2014-02-10,4193,1
46,2014-02-10,4048,1
47,2014-02-10,6552,1
48,2014-02-10,3767,1
49,2014-02-10,5243,1
50,2014-02-10,3128,1
1,2014-02-08,4726,1
2,2014-02-08,2484,1
3,2014-02-08,4369,1
4,2014-02-08,9842,1
5,2014-02-08,1910,1
6,2014-02-08,3496,1
7,2014-02-08,5425,1
8,2014-02-08,2804,1
9,2014-02-08,5729,1
10,2014-02-08,4802,1
11,2014-02-08,6504,1
12,2014-02-08,6266,1
13,2014-02-08,4982,1
14,2014-02-08,3325,1
15,2014-02-08,5671,1
16,2014-02-08,5250,1
17,2014-02-08,2781,1
18,2014-02-08,4453,1
19,2014-02-08,3767,1
20,2014-02-08,5199,1
21,2014-02-08,5598,1
22,2014-02-08,3442,1
23,2014-02-08,5023,1
24,2014-02-08,7122,1
26,2014-02-08,6703,1
27,2014-02-08,7428,1
28,2014-02-08,2254,1
29,2014-02-08,7785,1
30,2014-02-08,5163,1
31,2014-02-08,5463,1
32,2014-02-08,2277,1
33,2014-02-08,8422,1
34,2014-02-08,6859,1
35,2014-02-08,8249,1
36,2014-02-08,8624,1
37,2014-02-08,7791,1
38,2014-02-08,5728,1
39,2014-02-08,2673,1
40,2014-02-08,5716,1
41,2014-02-08,4833,1
42,2014-02-08,8262,1
43,2014-02-08,5176,1
44,2014-02-08,3758,1
45,2014-02-08,5388,1
46,2014-02-08,5084,1
47,2014-02-08,5051,1
48,2014-02-08,3119,1
49,2014-02-08,7583,1
50,2014-02-08,4331,1
1,2014-02-07,5596,1
2,2014-02-07,4848,1
3,2014-02-07,7198,1
4,2014-02-07,9571,1
5,2014-02-07,5492,1
6,2014-02-07,5896,1
7,2014-02-07,8305,1
8,2014-02-07,5145,1
9,2014-02-07,6345,1
10,2014-02-07,4686,1
11,2014-02-07,7056,1
12,2014-02-07,7479,1
13,2014-02-07,5641,1
14,2014-02-07,5810,1
15,2014-02-07,7471,1
16,2014-02-07,8218,1
17,2014-02-07,6841,1
18,2014-02-07,7466,1
19,2014-02-07,7140,1
20,2014-02-07,7662,1
21,2014-02-07,7313,1
22,2014-02-07,5517,1
23,2014-02-07,6170,1
24,2014-02-07,9884,1
26,2014-02-07,7466,1
27,2014-02-07,9747,1
28,2014-02-07,5454,1
29,2014-02-07,6694,1
30,2014-02-07,4845,1
31,2014-02-07,6433,1
32,2014-02-07,4411,1
33,2014-02-07,8477,1
34,2014-02-07,7959,1
35,2014-02-07,10251,1
36,2014-02-07,10226,1
37,2014-02-07,7199,1
38,2014-02-07,5916,1
39,2014-02-07,5307,1
40,2014-02-07,4082,1
41,2014-02-07,5418,1
42,2014-02-07,9532,1
43,2014-02-07,8308,1
44,2014-02-07,5573,1
45,2014-02-07,6460,1
46,2014-02-07,5637,1
47,2014-02-07,6958,1
48,2014-02-07,4600,1
49,2014-02-07,8489,1
50,2014-02-07,4554,1
1,2014-02-06,4823,1
2,2014-02-06,6012,1
3,2014-02-06,7920,1
4,2014-02-06,9589,1
5,2014-02-06,5266,1
6,2014-02-06,5168,1
7,2014-02-06,8461,1
8,2014-02-06,6649,1
9,2014-02-06,7008,1
10,2014-02-06,6034,1
11,2014-02-06,7349,1
12,2014-02-06,9247,1
13,2014-02-06,5121,1
14,2014-02-06,5947,1
15,2014-02-06,6509,1
16,2014-02-06,8618,1
17,2014-02-06,7089,1
18,2014-02-06,6621,1
19,2014-02-06,7410,1
20,2014-02-06,9529,1
21,2014-02-06,6954,1
22,2014-02-06,4161,1
23,2014-02-06,5544,1
24,2014-02-06,10089,1
26,2014-02-06,8049,1
27,2014-02-06,10030,1
28,2014-02-06,6432,1
29,2014-02-06,7135,1
30,2014-02-06,7610,1
31,2014-02-06,5902,1
32,2014-02-06,4709,1
33,2014-02-06,8568,1
34,2014-02-06,7344,1
35,2014-02-06,10814,1
36,2014-02-06,9553,1
37,2014-02-06,8110,1
38,2014-02-06,7430,1
39,2014-02-06,5477,1
40,2014-02-06,5318,1
41,2014-02-06,5984,1
42,2014-02-06,10428,1
43,2014-02-06,7521,1
44,2014-02-06,5818,1
45,2014-02-06,6071,1
46,2014-02-06,6249,1
47,2014-02-06,7452,1
48,2014-02-06,4416,1
49,2014-02-06,6979,1
50,2014-02-06,4611,1
1,2014-02-05,5031,1
2,2014-02-05,7198,1
3,2014-02-05,8124,1
4,2014-02-05,10046,1
5,2014-02-05,6486,1
6,2014-02-05,6017,1
7,2014-02-05,8998,1
8,2014-02-05,6595,1
9,2014-02-05,7514,1
10,2014-02-05,5062,1
11,2014-02-05,9024,1
12,2014-02-05,9489,1
13,2014-02-05,6058,1
14,2014-02-05,5842,1
15,2014-02-05,7593,1
16,2014-02-05,8487,1
17,2014-02-05,8126,1
18,2014-02-05,7434,1
19,2014-02-05,7119,1
20,2014-02-05,8352,1
21,2014-02-05,6339,1
22,2014-02-05,4805,1
23,2014-02-05,6132,1
24,2014-02-05,11179,1
26,2014-02-05,7733,1
27,2014-02-05,11685,1
28,2014-02-05,5635,1
29,2014-02-05,7699,1
30,2014-02-05,6529,1
31,2014-02-05,5940,1
32,2014-02-05,4577,1
33,2014-02-05,9160,1
34,2014-02-05,7865,1
35,2014-02-05,11133,1
36,2014-02-05,9588,1
37,2014-02-05,7061,1
38,2014-02-05,6337,1
39,2014-02-05,6837,1
40,2014-02-05,5184,1
41,2014-02-05,5495,1
42,2014-02-05,11022,1
43,2014-02-05,8601,1
44,2014-02-05,6246,1
45,2014-02-05,5578,1
46,2014-02-05,6398,1
47,2014-02-05,8346,1
48,2014-02-05,4588,1
49,2014-02-05,7869,1
50,2014-02-05,4572,1
1,2014-02-04,5540,1
2,2014-02-04,7036,1
3,2014-02-04,10084,1
4,2014-02-04,10795,1
5,2014-02-04,6979,1
6,2014-02-04,6322,1
7,2014-02-04,11358,1
8,2014-02-04,7493,1
9,2014-02-04,8236,1
10,2014-02-04,6471,1
11,2014-02-04,10377,1
12,2014-02-04,10321,1
13,2014-02-04,7083,1
14,2014-02-04,6832,1
15,2014-02-04,8122,1
16,2014-02-04,9433,1
17,2014-02-04,9030,1
18,2014-02-04,8001,1
19,2014-02-04,8518,1
20,2014-02-04,9374,1
21,2014-02-04,7570,1
22,2014-02-04,5457,1
23,2014-02-04,6959,1
24,2014-02-04,12417,1
26,2014-02-04,8248,1
27,2014-02-04,13475,1
28,2014-02-04,7488,1
29,2014-02-04,9181,1
30,2014-02-04,8131,1
31,2014-02-04,6445,1
32,2014-02-04,6226,1
33,2014-02-04,10151,1
34,2014-02-04,9349,1
35,2014-02-04,11874,1
36,2014-02-04,9983,1
37,2014-02-04,7279,1
38,2014-02-04,8417,1
39,2014-02-04,7871,1
40,2014-02-04,5864,1
41,2014-02-04,6952,1
42,2014-02-04,12718,1
43,2014-02-04,9153,1
44,2014-02-04,7044,1
45,2014-02-04,5046,1
46,2014-02-04,7064,1
47,2014-02-04,8828,1
48,2014-02-04,5333,1
49,2014-02-04,7949,1
50,2014-02-04,5863,1
1,2014-02-03,5839,1
2,2014-02-03,7372,1
3,2014-02-03,11861,1
4,2014-02-03,13634,1
5,2014-02-03,8696,1
6,2014-02-03,7748,1
7,2014-02-03,14237,1
8,2014-02-03,8864,1
9,2014-02-03,10646,1
10,2014-02-03,8758,1
11,2014-02-03,12523,1
12,2014-02-03,13185,1
13,2014-02-03,7558,1
14,2014-02-03,9513,1
15,2014-02-03,10465,1
16,2014-02-03,11306,1
17,2014-02-03,11049,1
18,2014-02-03,10056,1
19,2014-02-03,10275,1
20,2014-02-03,9728,1
21,2014-02-03,9399,1
22,2014-02-03,6453,1
23,2014-02-03,9221,1
24,2014-02-03,16140,1
26,2014-02-03,11072,1
27,2014-02-03,16395,1
28,2014-02-03,10278,1
29,2014-02-03,14170,1
30,2014-02-03,9017,1
31,2014-02-03,8879,1
32,2014-02-03,5727,1
33,2014-02-03,12431,1
34,2014-02-03,12200,1
35,2014-02-03,16742,1
36,2014-02-03,11104,1
37,2014-02-03,10242,1
38,2014-02-03,10478,1
39,2014-02-03,9719,1
40,2014-02-03,6656,1
41,2014-02-03,8211,1
42,2014-02-03,16525,1
43,2014-02-03,11210,1
44,2014-02-03,10280,1
45,2014-02-03,7347,1
46,2014-02-03,9462,1
47,2014-02-03,11136,1
48,2014-02-03,5853,1
49,2014-02-03,10070,1
50,2014-02-03,6327,1
1,2014-02-01,5292,1
2,2014-02-01,2929,1
3,2014-02-01,4968,1
4,2014-02-01,12028,1
5,2014-02-01,2138,1
6,2014-02-01,3316,1
7,2014-02-01,6762,1
8,2014-02-01,2845,1
9,2014-02-01,6584,1
10,2014-02-01,4453,1
11,2014-02-01,6091,1
12,2014-02-01,5624,1
13,2014-02-01,4665,1
14,2014-02-01,3267,1
15,2014-02-01,6204,1
16,2014-02-01,5420,1
17,2014-02-01,2897,1
18,2014-02-01,5004,1
19,2014-02-01,4098,1
20,2014-02-01,5371,1
21,2014-02-01,5184,1
22,2014-02-01,3968,1
23,2014-02-01,5072,1
24,2014-02-01,8009,1
26,2014-02-01,6537,1
27,2014-02-01,7629,1
28,2014-02-01,2694,1
29,2014-02-01,7251,1
30,2014-02-01,5333,1
31,2014-02-01,6385,1
32,2014-02-01,2357,1
33,2014-02-01,8964,1
34,2014-02-01,8263,1
35,2014-02-01,8047,1
36,2014-02-01,10463,1
37,2014-02-01,8940,1
38,2014-02-01,6261,1
39,2014-02-01,3034,1
40,2014-02-01,4755,1
41,2014-02-01,4603,1
42,2014-02-01,8332,1
43,2014-02-01,5102,1
44,2014-02-01,4400,1
45,2014-02-01,5561,1
46,2014-02-01,4930,1
47,2014-02-01,5484,1
48,2014-02-01,3148,1
49,2014-02-01,7565,1
50,2014-02-01,4163,1
1,2014-01-31,4906,1
2,2014-01-31,4608,1
3,2014-01-31,8097,1
4,2014-01-31,10468,1
5,2014-01-31,4982,1
6,2014-01-31,5055,1
7,2014-01-31,9454,1
8,2014-01-31,4380,1
9,2014-01-31,6715,1
10,2014-01-31,5807,1
11,2014-01-31,8524,1
12,2014-01-31,6393,1
13,2014-01-31,6338,1
14,2014-01-31,6283,1
15,2014-01-31,7815,1
16,2014-01-31,7534,1
17,2014-01-31,6745,1
18,2014-01-31,7669,1
19,2014-01-31,7380,1
20,2014-01-31,7391,1
21,2014-01-31,4806,1
22,2014-01-31,4496,1
23,2014-01-31,5480,1
24,2014-01-31,10867,1
26,2014-01-31,6900,1
27,2014-01-31,10225,1
28,2014-01-31,5585,1
29,2014-01-31,6838,1
30,2014-01-31,5510,1
31,2014-01-31,6073,1
32,2014-01-31,4296,1
33,2014-01-31,9408,1
34,2014-01-31,8050,1
35,2014-01-31,9603,1
36,2014-01-31,9961,1
37,2014-01-31,7263,1
38,2014-01-31,5478,1
39,2014-01-31,6440,1
40,2014-01-31,5357,1
41,2014-01-31,5160,1
42,2014-01-31,10180,1
43,2014-01-31,7479,1
44,2014-01-31,5187,1
45,2014-01-31,5059,1
46,2014-01-31,5311,1
47,2014-01-31,8057,1
48,2014-01-31,4162,1
49,2014-01-31,6533,1
50,2014-01-31,3544,1
1,2014-01-30,4549,1
2,2014-01-30,4214,1
3,2014-01-30,5219,1
4,2014-01-30,7860,1
5,2014-01-30,3802,1
6,2014-01-30,4398,1
7,2014-01-30,6498,1
8,2014-01-30,5550,1
9,2014-01-30,4651,1
10,2014-01-30,4752,1
11,2014-01-30,6419,1
12,2014-01-30,5101,1
13,2014-01-30,4337,1
14,2014-01-30,4251,1
15,2014-01-30,6130,1
16,2014-01-30,6579,1
17,2014-01-30,4948,1
18,2014-01-30,4868,1
19,2014-01-30,5857,1
20,2014-01-30,7263,1
21,2014-01-30,3521,1
22,2014-01-30,3993,1
23,2014-01-30,3935,1
24,2014-01-30,7348,1
26,2014-01-30,4656,1
27,2014-01-30,7519,1
28,2014-01-30,5063,1
29,2014-01-30,4747,1
30,2014-01-30,5287,1
31,2014-01-30,4748,1
32,2014-01-30,4089,1
33,2014-01-30,7350,1
34,2014-01-30,6924,1
35,2014-01-30,7451,1
36,2014-01-30,8023,1
37,2014-01-30,5841,1
38,2014-01-30,3698,1
39,2014-01-30,4097,1
40,2014-01-30,4578,1
41,2014-01-30,4449,1
42,2014-01-30,7862,1
43,2014-01-30,5592,1
44,2014-01-30,4434,1
45,2014-01-30,4438,1
46,2014-01-30,3490,1
47,2014-01-30,5854,1
48,2014-01-30,3759,1
49,2014-01-30,5103,1
50,2014-01-30,3438,1
1,2014-01-29,3789,1
2,2014-01-29,4292,1
3,2014-01-29,4887,1
4,2014-01-29,7996,1
5,2014-01-29,4409,1
6,2014-01-29,4178,1
7,2014-01-29,5954,1
8,2014-01-29,3977,1
9,2014-01-29,4571,1
10,2014-01-29,4330,1
11,2014-01-29,7147,1
12,2014-01-29,5398,1
13,2014-01-29,3665,1
14,2014-01-29,4598,1
15,2014-01-29,4730,1
16,2014-01-29,6145,1
17,2014-01-29,4243,1
18,2014-01-29,5574,1
19,2014-01-29,5377,1
20,2014-01-29,7007,1
21,2014-01-29,3272,1
22,2014-01-29,3148,1
23,2014-01-29,4062,1
24,2014-01-29,6748,1
26,2014-01-29,3538,1
27,2014-01-29,5786,1
28,2014-01-29,4389,1
29,2014-01-29,4984,1
30,2014-01-29,4312,1
31,2014-01-29,4275,1
32,2014-01-29,3274,1
33,2014-01-29,6142,1
34,2014-01-29,5947,1
35,2014-01-29,6521,1
36,2014-01-29,7875,1
37,2014-01-29,4661,1
38,2014-01-29,3597,1
39,2014-01-29,4354,1
40,2014-01-29,3755,1
41,2014-01-29,4182,1
42,2014-01-29,9180,1
43,2014-01-29,5438,1
44,2014-01-29,4170,1
45,2014-01-29,3523,1
46,2014-01-29,3449,1
47,2014-01-29,5228,1
48,2014-01-29,3861,1
49,2014-01-29,5410,1
50,2014-01-29,2777,1
1,2014-01-28,3581,1
2,2014-01-28,3677,1
3,2014-01-28,4816,1
4,2014-01-28,7268,1
5,2014-01-28,3508,1
6,2014-01-28,4094,1
7,2014-01-28,6728,1
8,2014-01-28,4137,1
9,2014-01-28,4651,1
10,2014-01-28,4415,1
11,2014-01-28,6332,1
12,2014-01-28,5847,1
13,2014-01-28,3641,1
14,2014-01-28,4923,1
15,2014-01-28,4761,1
16,2014-01-28,6864,1
17,2014-01-28,4666,1
18,2014-01-28,4531,1
19,2014-01-28,4895,1
20,2014-01-28,7454,1
21,2014-01-28,3377,1
22,2014-01-28,3357,1
23,2014-01-28,2894,1
24,2014-01-28,6246,1
26,2014-01-28,4209,1
27,2014-01-28,6905,1
28,2014-01-28,4311,1
29,2014-01-28,5005,1
30,2014-01-28,4897,1
31,2014-01-28,4663,1
32,2014-01-28,3493,1
33,2014-01-28,6204,1
34,2014-01-28,6314,1
35,2014-01-28,5931,1
36,2014-01-28,8126,1
37,2014-01-28,4574,1
38,2014-01-28,3756,1
39,2014-01-28,3981,1
40,2014-01-28,3801,1
41,2014-01-28,3488,1
42,2014-01-28,8120,1
43,2014-01-28,5735,1
44,2014-01-28,4280,1
45,2014-01-28,3624,1
46,2014-01-28,3322,1
47,2014-01-28,5354,1
48,2014-01-28,3197,1
49,2014-01-28,4592,1
50,2014-01-28,2476,1
1,2014-01-27,3601,1
2,2014-01-27,3708,1
3,2014-01-27,4602,1
4,2014-01-27,7800,1
5,2014-01-27,3412,1
6,2014-01-27,4048,1
7,2014-01-27,6153,1
8,2014-01-27,4360,1
9,2014-01-27,5095,1
10,2014-01-27,4543,1
11,2014-01-27,5894,1
12,2014-01-27,5444,1
13,2014-01-27,2946,1
14,2014-01-27,5033,1
15,2014-01-27,4374,1
16,2014-01-27,6732,1
17,2014-01-27,4319,1
18,2014-01-27,5056,1
19,2014-01-27,5227,1
20,2014-01-27,6883,1
21,2014-01-27,3421,1
22,2014-01-27,3220,1
23,2014-01-27,3540,1
24,2014-01-27,7402,1
26,2014-01-27,3978,1
27,2014-01-27,6262,1
28,2014-01-27,4048,1
29,2014-01-27,4927,1
30,2014-01-27,3938,1
31,2014-01-27,4305,1
32,2014-01-27,3375,1
33,2014-01-27,6235,1
34,2014-01-27,5965,1
35,2014-01-27,6555,1
36,2014-01-27,8036,1
37,2014-01-27,3573,1
38,2014-01-27,3701,1
39,2014-01-27,3416,1
40,2014-01-27,3655,1
41,2014-01-27,3911,1
42,2014-01-27,8096,1
43,2014-01-27,5632,1
44,2014-01-27,4110,1
45,2014-01-27,3602,1
46,2014-01-27,3117,1
47,2014-01-27,5873,1
48,2014-01-27,3889,1
49,2014-01-27,4797,1
50,2014-01-27,2710,1
1,2014-01-25,4546,1
2,2014-01-25,2274,1
3,2014-01-25,3416,1
4,2014-01-25,9756,1
5,2014-01-25,1662,1
6,2014-01-25,2721,1
7,2014-01-25,4817,1
8,2014-01-25,2424,1
9,2014-01-25,6031,1
10,2014-01-25,4702,1
11,2014-01-25,5709,1
12,2014-01-25,5512,1
13,2014-01-25,4095,1
14,2014-01-25,3438,1
15,2014-01-25,5394,1
16,2014-01-25,5005,1
17,2014-01-25,2188,1
18,2014-01-25,3446,1
19,2014-01-25,3912,1
20,2014-01-25,5573,1
21,2014-01-25,4959,1
22,2014-01-25,2728,1
23,2014-01-25,4217,1
24,2014-01-25,6853,1
26,2014-01-25,4981,1
27,2014-01-25,7029,1
28,2014-01-25,1986,1
29,2014-01-25,6596,1
30,2014-01-25,5250,1
31,2014-01-25,4969,1
32,2014-01-25,2055,1
33,2014-01-25,8060,1
34,2014-01-25,7044,1
35,2014-01-25,7131,1
36,2014-01-25,9604,1
37,2014-01-25,7525,1
38,2014-01-25,6299,1
39,2014-01-25,2459,1
40,2014-01-25,5478,1
41,2014-01-25,5456,1
42,2014-01-25,7949,1
43,2014-01-25,4939,1
44,2014-01-25,3436,1
45,2014-01-25,5086,1
46,2014-01-25,4376,1
47,2014-01-25,4735,1
48,2014-01-25,2728,1
49,2014-01-25,6555,1
50,2014-01-25,3955,1
1,2014-01-24,5098,1
2,2014-01-24,4701,1
3,2014-01-24,6981,1
4,2014-01-24,9154,1
5,2014-01-24,4752,1
6,2014-01-24,5716,1
7,2014-01-24,8387,1
8,2014-01-24,4992,1
9,2014-01-24,6769,1
10,2014-01-24,5474,1
11,2014-01-24,7278,1
12,2014-01-24,7802,1
13,2014-01-24,6357,1
14,2014-01-24,6334,1
15,2014-01-24,6884,1
16,2014-01-24,7429,1
17,2014-01-24,5822,1
18,2014-01-24,6763,1
19,2014-01-24,6968,1
20,2014-01-24,6528,1
21,2014-01-24,6532,1
22,2014-01-24,4977,1
23,2014-01-24,5966,1
24,2014-01-24,9760,1
26,2014-01-24,6465,1
27,2014-01-24,9075,1
28,2014-01-24,4695,1
29,2014-01-24,6939,1
30,2014-01-24,5144,1
31,2014-01-24,6113,1
32,2014-01-24,4496,1
33,2014-01-24,8151,1
34,2014-01-24,7519,1
35,2014-01-24,9636,1
36,2014-01-24,9026,1
37,2014-01-24,7573,1
38,2014-01-24,5599,1
39,2014-01-24,4758,1
40,2014-01-24,4853,1
41,2014-01-24,5414,1
42,2014-01-24,10401,1
43,2014-01-24,7382,1
44,2014-01-24,6399,1
45,2014-01-24,6388,1
46,2014-01-24,5869,1
47,2014-01-24,6279,1
48,2014-01-24,4250,1
49,2014-01-24,7327,1
50,2014-01-24,4870,1
1,2014-01-23,4597,1
2,2014-01-23,5010,1
3,2014-01-23,7857,1
4,2014-01-23,9580,1
5,2014-01-23,4647,1
6,2014-01-23,4755,1
7,2014-01-23,8137,1
8,2014-01-23,6666,1
9,2014-01-23,5800,1
10,2014-01-23,5593,1
11,2014-01-23,6781,1
12,2014-01-23,7814,1
13,2014-01-23,5574,1
14,2014-01-23,5861,1
15,2014-01-23,7020,1
16,2014-01-23,7893,1
17,2014-01-23,6149,1
18,2014-01-23,6476,1
19,2014-01-23,6055,1
20,2014-01-23,8586,1
21,2014-01-23,6717,1
22,2014-01-23,5045,1
23,2014-01-23,6139,1
24,2014-01-23,8434,1
26,2014-01-23,6806,1
27,2014-01-23,10011,1
28,2014-01-23,5434,1
29,2014-01-23,6192,1
30,2014-01-23,5806,1
31,2014-01-23,5478,1
32,2014-01-23,4104,1
33,2014-01-23,7801,1
34,2014-01-23,7625,1
35,2014-01-23,10901,1
36,2014-01-23,8697,1
37,2014-01-23,7340,1
38,2014-01-23,5752,1
39,2014-01-23,4565,1
40,2014-01-23,4901,1
41,2014-01-23,5460,1
42,2014-01-23,9946,1
43,2014-01-23,8016,1
44,2014-01-23,6176,1
45,2014-01-23,5816,1
46,2014-01-23,5321,1
47,2014-01-23,6574,1
48,2014-01-23,3472,1
49,2014-01-23,5994,1
50,2014-01-23,4626,1
1,2014-01-22,4562,1
2,2014-01-22,5451,1
3,2014-01-22,9642,1
4,2014-01-22,8898,1
5,2014-01-22,5042,1
6,2014-01-22,5416,1
7,2014-01-22,8118,1
8,2014-01-22,5726,1
9,2014-01-22,6256,1
10,2014-01-22,5560,1
11,2014-01-22,8189,1
12,2014-01-22,8774,1
13,2014-01-22,6668,1
14,2014-01-22,6269,1
15,2014-01-22,7085,1
16,2014-01-22,8373,1
17,2014-01-22,7381,1
18,2014-01-22,6355,1
19,2014-01-22,6895,1
20,2014-01-22,8681,1
21,2014-01-22,6644,1
22,2014-01-22,4846,1
23,2014-01-22,5808,1
24,2014-01-22,10486,1
26,2014-01-22,5869,1
27,2014-01-22,10287,1
28,2014-01-22,4883,1
29,2014-01-22,7986,1
30,2014-01-22,6191,1
31,2014-01-22,5818,1
32,2014-01-22,5879,1
33,2014-01-22,8741,1
34,2014-01-22,8289,1
35,2014-01-22,9872,1
36,2014-01-22,8099,1
37,2014-01-22,5969,1
38,2014-01-22,6486,1
39,2014-01-22,6040,1
40,2014-01-22,5197,1
41,2014-01-22,5507,1
42,2014-01-22,12077,1
43,2014-01-22,8452,1
44,2014-01-22,6587,1
45,2014-01-22,4844,1
46,2014-01-22,6079,1
47,2014-01-22,8034,1
48,2014-01-22,4217,1
49,2014-01-22,7415,1
50,2014-01-22,4758,1
1,2014-01-21,5151,1
2,2014-01-21,6564,1
3,2014-01-21,9246,1
4,2014-01-21,9456,1
5,2014-01-21,5371,1
6,2014-01-21,5838,1
7,2014-01-21,9105,1
8,2014-01-21,6390,1
9,2014-01-21,7391,1
10,2014-01-21,6444,1
11,2014-01-21,7950,1
12,2014-01-21,8593,1
13,2014-01-21,7046,1
14,2014-01-21,6376,1
15,2014-01-21,6586,1
16,2014-01-21,10302,1
17,2014-01-21,7942,1
18,2014-01-21,7182,1
19,2014-01-21,7071,1
20,2014-01-21,7639,1
21,2014-01-21,8005,1
22,2014-01-21,5131,1
23,2014-01-21,6222,1
24,2014-01-21,10586,1
26,2014-01-21,7330,1
27,2014-01-21,11751,1
28,2014-01-21,6191,1
29,2014-01-21,8531,1
30,2014-01-21,7610,1
31,2014-01-21,6762,1
32,2014-01-21,5124,1
33,2014-01-21,9901,1
34,2014-01-21,8326,1
35,2014-01-21,10839,1
36,2014-01-21,8143,1
37,2014-01-21,4978,1
38,2014-01-21,6620,1
39,2014-01-21,6236,1
40,2014-01-21,5903,1
41,2014-01-21,5185,1
42,2014-01-21,11594,1
43,2014-01-21,8109,1
44,2014-01-21,6665,1
45,2014-01-21,6144,1
46,2014-01-21,6495,1
47,2014-01-21,6757,1
48,2014-01-21,4361,1
49,2014-01-21,7284,1
50,2014-01-21,5108,1
1,2014-01-20,6148,1
2,2014-01-20,7082,1
3,2014-01-20,10251,1
4,2014-01-20,10734,1
5,2014-01-20,7716,1
6,2014-01-20,6655,1
7,2014-01-20,11706,1
8,2014-01-20,8293,1
9,2014-01-20,10173,1
10,2014-01-20,7962,1
11,2014-01-20,9001,1
12,2014-01-20,12042,1
13,2014-01-20,9066,1
14,2014-01-20,7623,1
15,2014-01-20,8828,1
16,2014-01-20,10887,1
17,2014-01-20,10780,1
18,2014-01-20,9169,1
19,2014-01-20,9454,1
20,2014-01-20,9652,1
21,2014-01-20,9516,1
22,2014-01-20,6752,1
23,2014-01-20,9334,1
24,2014-01-20,13643,1
26,2014-01-20,9813,1
27,2014-01-20,14150,1
28,2014-01-20,8757,1
29,2014-01-20,12932,1
30,2014-01-20,8227,1
31,2014-01-20,6719,1
32,2014-01-20,6468,1
33,2014-01-20,11210,1
34,2014-01-20,7626,1
35,2014-01-20,15239,1
36,2014-01-20,9710,1
37,2014-01-20,8974,1
38,2014-01-20,10019,1
39,2014-01-20,8610,1
40,2014-01-20,5387,1
41,2014-01-20,7917,1
42,2014-01-20,13500,1
43,2014-01-20,11331,1
44,2014-01-20,5420,1
45,2014-01-20,7330,1
46,2014-01-20,8793,1
47,2014-01-20,8688,1
48,2014-01-20,5266,1
49,2014-01-20,10451,1
50,2014-01-20,6585,1
1,2014-01-18,5128,1
2,2014-01-18,2497,1
3,2014-01-18,4232,1
4,2014-01-18,9451,1
5,2014-01-18,1940,1
6,2014-01-18,3141,1
7,2014-01-18,4786,1
8,2014-01-18,2089,1
9,2014-01-18,6118,1
10,2014-01-18,4788,1
11,2014-01-18,5853,1
12,2014-01-18,6249,1
13,2014-01-18,4397,1
14,2014-01-18,3319,1
15,2014-01-18,5945,1
16,2014-01-18,5102,1
17,2014-01-18,2333,1
18,2014-01-18,4417,1
19,2014-01-18,3702,1
20,2014-01-18,4811,1
21,2014-01-18,4712,1
22,2014-01-18,3266,1
23,2014-01-18,4696,1
24,2014-01-18,7519,1
26,2014-01-18,4869,1
27,2014-01-18,7261,1
28,2014-01-18,2456,1
29,2014-01-18,6271,1
30,2014-01-18,5149,1
31,2014-01-18,5107,1
32,2014-01-18,2260,1
33,2014-01-18,8063,1
34,2014-01-18,6577,1
35,2014-01-18,6852,1
36,2014-01-18,9093,1
37,2014-01-18,8303,1
38,2014-01-18,5912,1
39,2014-01-18,2857,1
40,2014-01-18,5546,1
41,2014-01-18,4820,1
42,2014-01-18,8496,1
43,2014-01-18,4858,1
44,2014-01-18,3627,1
45,2014-01-18,5333,1
46,2014-01-18,5068,1
47,2014-01-18,4982,1
48,2014-01-18,3156,1
49,2014-01-18,6951,1
50,2014-01-18,4381,1
1,2014-01-17,3803,1
2,2014-01-17,3868,1
3,2014-01-17,5115,1
4,2014-01-17,7654,1
5,2014-01-17,4169,1
6,2014-01-17,4563,1
7,2014-01-17,7980,1
8,2014-01-17,3984,1
9,2014-01-17,5936,1
10,2014-01-17,4634,1
11,2014-01-17,6485,1
12,2014-01-17,5810,1
13,2014-01-17,3012,1
14,2014-01-17,4586,1
15,2014-01-17,5568,1
16,2014-01-17,6823,1
17,2014-01-17,4373,1
18,2014-01-17,6036,1
19,2014-01-17,5661,1
20,2014-01-17,5293,1
21,2014-01-17,4137,1
22,2014-01-17,4108,1
23,2014-01-17,4903,1
24,2014-01-17,8057,1
26,2014-01-17,5964,1
27,2014-01-17,7278,1
28,2014-01-17,4874,1
29,2014-01-17,5219,1
30,2014-01-17,4605,1
31,2014-01-17,5302,1
32,2014-01-17,3349,1
33,2014-01-17,6048,1
34,2014-01-17,6909,1
35,2014-01-17,7431,1
36,2014-01-17,7233,1
37,2014-01-17,5840,1
38,2014-01-17,4206,1
39,2014-01-17,3348,1
40,2014-01-17,3587,1
41,2014-01-17,5256,1
42,2014-01-17,7564,1
43,2014-01-17,5705,1
44,2014-01-17,5006,1
45,2014-01-17,3654,1
46,2014-01-17,3994,1
47,2014-01-17,5426,1
48,2014-01-17,3793,1
49,2014-01-17,5805,1
50,2014-01-17,3270,1
1,2014-01-16,3632,1
2,2014-01-16,3998,1
3,2014-01-16,5395,1
4,2014-01-16,6927,1
5,2014-01-16,3411,1
6,2014-01-16,4220,1
7,2014-01-16,5681,1
8,2014-01-16,4352,1
9,2014-01-16,4868,1
10,2014-01-16,4279,1
11,2014-01-16,6491,1
12,2014-01-16,4874,1
13,2014-01-16,3292,1
14,2014-01-16,4054,1
15,2014-01-16,4737,1
16,2014-01-16,6635,1
17,2014-01-16,5037,1
18,2014-01-16,4863,1
19,2014-01-16,5313,1
20,2014-01-16,7362,1
21,2014-01-16,3774,1
22,2014-01-16,3844,1
23,2014-01-16,3829,1
24,2014-01-16,6792,1
26,2014-01-16,4446,1
27,2014-01-16,6404,1
28,2014-01-16,3918,1
29,2014-01-16,5137,1
30,2014-01-16,4610,1
31,2014-01-16,4826,1
32,2014-01-16,3033,1
33,2014-01-16,6115,1
34,2014-01-16,5922,1
35,2014-01-16,6934,1
36,2014-01-16,7135,1
37,2014-01-16,4924,1
38,2014-01-16,3604,1
39,2014-01-16,3473,1
40,2014-01-16,3477,1
41,2014-01-16,4122,1
42,2014-01-16,7757,1
43,2014-01-16,4922,1
44,2014-01-16,3869,1
45,2014-01-16,4041,1
46,2014-01-16,3287,1
47,2014-01-16,5174,1
48,2014-01-16,3131,1
49,2014-01-16,5228,1
50,2014-01-16,2813,1
1,2014-01-15,3776,1
2,2014-01-15,4919,1
3,2014-01-15,5163,1
4,2014-01-15,6571,1
5,2014-01-15,3837,1
6,2014-01-15,4008,1
7,2014-01-15,6360,1
8,2014-01-15,3594,1
9,2014-01-15,4830,1
10,2014-01-15,3959,1
11,2014-01-15,6500,1
12,2014-01-15,5824,1
13,2014-01-15,3171,1
14,2014-01-15,4609,1
15,2014-01-15,4837,1
16,2014-01-15,6697,1
17,2014-01-15,5403,1
18,2014-01-15,5299,1
19,2014-01-15,4565,1
20,2014-01-15,7466,1
21,2014-01-15,3634,1
22,2014-01-15,3437,1
23,2014-01-15,3651,1
24,2014-01-15,6949,1
26,2014-01-15,4598,1
27,2014-01-15,7074,1
28,2014-01-15,4120,1
29,2014-01-15,4936,1
30,2014-01-15,4214,1
31,2014-01-15,4438,1
32,2014-01-15,3981,1
33,2014-01-15,6426,1
34,2014-01-15,6026,1
35,2014-01-15,7161,1
36,2014-01-15,7497,1
37,2014-01-15,4409,1
38,2014-01-15,3475,1
39,2014-01-15,3747,1
40,2014-01-15,3082,1
41,2014-01-15,4244,1
42,2014-01-15,8613,1
43,2014-01-15,4971,1
44,2014-01-15,4267,1
45,2014-01-15,3728,1
46,2014-01-15,3815,1
47,2014-01-15,5491,1
48,2014-01-15,3586,1
49,2014-01-15,5236,1
50,2014-01-15,2481,1
1,2014-01-14,3621,1
2,2014-01-14,4195,1
3,2014-01-14,4934,1
4,2014-01-14,7465,1
5,2014-01-14,3473,1
6,2014-01-14,3820,1
7,2014-01-14,7525,1
8,2014-01-14,3929,1
9,2014-01-14,5218,1
10,2014-01-14,4612,1
11,2014-01-14,6662,1
12,2014-01-14,5511,1
13,2014-01-14,2893,1
14,2014-01-14,4859,1
15,2014-01-14,4946,1
16,2014-01-14,6876,1
17,2014-01-14,5009,1
18,2014-01-14,4923,1
19,2014-01-14,5244,1
20,2014-01-14,6053,1
21,2014-01-14,3308,1
22,2014-01-14,3478,1
23,2014-01-14,3610,1
24,2014-01-14,6743,1
25,2014-01-14,1410,1
26,2014-01-14,3765,1
27,2014-01-14,7591,1
28,2014-01-14,4551,1
29,2014-01-14,5033,1
30,2014-01-14,4697,1
31,2014-01-14,4215,1
32,2014-01-14,2936,1
33,2014-01-14,6108,1
34,2014-01-14,6652,1
35,2014-01-14,6407,1
36,2014-01-14,6230,1
37,2014-01-14,4022,1
38,2014-01-14,3226,1
39,2014-01-14,3593,1
40,2014-01-14,3949,1
41,2014-01-14,3784,1
42,2014-01-14,8083,1
43,2014-01-14,5964,1
44,2014-01-14,4885,1
45,2014-01-14,3693,1
46,2014-01-14,3234,1
47,2014-01-14,5585,1
48,2014-01-14,3573,1
49,2014-01-14,5299,1
50,2014-01-14,2773,1
1,2014-01-13,3994,1
2,2014-01-13,4290,1
3,2014-01-13,5420,1
4,2014-01-13,7838,1
5,2014-01-13,3652,1
6,2014-01-13,4574,1
7,2014-01-13,7353,1
8,2014-01-13,4129,1
9,2014-01-13,6004,1
10,2014-01-13,5164,1
11,2014-01-13,5808,1
12,2014-01-13,5048,1
13,2014-01-13,3376,1
14,2014-01-13,5123,1
15,2014-01-13,4739,1
16,2014-01-13,6886,1
17,2014-01-13,5140,1
18,2014-01-13,5218,1
19,2014-01-13,5561,1
20,2014-01-13,7454,1
21,2014-01-13,3598,1
22,2014-01-13,3833,1
23,2014-01-13,4027,1
24,2014-01-13,6739,1
25,2014-01-13,3192,1
26,2014-01-13,4619,1
27,2014-01-13,6805,1
28,2014-01-13,4608,1
29,2014-01-13,5212,1
30,2014-01-13,4463,1
31,2014-01-13,4595,1
32,2014-01-13,3787,1
33,2014-01-13,6563,1
34,2014-01-13,6927,1
35,2014-01-13,7237,1
36,2014-01-13,7529,1
37,2014-01-13,4446,1
38,2014-01-13,3881,1
39,2014-01-13,3348,1
40,2014-01-13,3631,1
41,2014-01-13,4598,1
42,2014-01-13,8313,1
43,2014-01-13,5561,1
44,2014-01-13,4782,1
45,2014-01-13,3333,1
46,2014-01-13,3662,1
47,2014-01-13,5114,1
48,2014-01-13,3620,1
49,2014-01-13,4751,1
50,2014-01-13,2462,1
1,2014-01-11,4454,1
2,2014-01-11,2872,1
3,2014-01-11,4397,1
4,2014-01-11,9203,1
5,2014-01-11,2035,1
6,2014-01-11,2964,1
7,2014-01-11,4971,1
8,2014-01-11,2563,1
9,2014-01-11,5903,1
10,2014-01-11,4504,1
11,2014-01-11,4984,1
12,2014-01-11,6084,1
13,2014-01-11,5223,1
14,2014-01-11,3355,1
15,2014-01-11,5382,1
16,2014-01-11,4637,1
17,2014-01-11,2884,1
18,2014-01-11,4308,1
19,2014-01-11,3617,1
20,2014-01-11,5058,1
21,2014-01-11,5016,1
22,2014-01-11,3347,1
23,2014-01-11,4836,1
24,2014-01-11,7296,1
25,2014-01-11,4306,1
26,2014-01-11,5798,1
27,2014-01-11,7712,1
28,2014-01-11,2638,1
29,2014-01-11,6313,1
30,2014-01-11,4919,1
31,2014-01-11,5226,1
32,2014-01-11,2299,1
33,2014-01-11,8274,1
34,2014-01-11,7086,1
35,2014-01-11,7349,1
36,2014-01-11,8296,1
37,2014-01-11,9169,1
38,2014-01-11,6024,1
39,2014-01-11,2728,1
40,2014-01-11,4817,1
41,2014-01-11,5894,1
42,2014-01-11,7882,1
43,2014-01-11,4903,1
44,2014-01-11,4396,1
45,2014-01-11,4816,1
46,2014-01-11,4827,1
47,2014-01-11,5599,1
48,2014-01-11,2586,1
49,2014-01-11,7509,1
50,2014-01-11,4207,1
1,2014-01-10,4486,1
2,2014-01-10,5146,1
3,2014-01-10,9242,1
4,2014-01-10,9154,1
5,2014-01-10,5008,1
6,2014-01-10,6125,1
7,2014-01-10,8530,1
8,2014-01-10,5481,1
9,2014-01-10,6710,1
10,2014-01-10,5939,1
11,2014-01-10,7081,1
12,2014-01-10,8412,1
13,2014-01-10,6565,1
14,2014-01-10,6296,1
15,2014-01-10,8900,1
16,2014-01-10,8169,1
17,2014-01-10,7580,1
18,2014-01-10,7173,1
19,2014-01-10,6678,1
20,2014-01-10,7854,1
21,2014-01-10,7064,1
22,2014-01-10,5872,1
23,2014-01-10,6540,1
24,2014-01-10,10844,1
25,2014-01-10,7742,1
26,2014-01-10,7569,1
27,2014-01-10,11040,1
28,2014-01-10,6802,1
29,2014-01-10,7777,1
30,2014-01-10,6196,1
31,2014-01-10,6153,1
32,2014-01-10,4709,1
33,2014-01-10,8469,1
34,2014-01-10,8507,1
35,2014-01-10,11153,1
36,2014-01-10,8861,1
37,2014-01-10,7893,1
38,2014-01-10,6846,1
39,2014-01-10,5028,1
40,2014-01-10,5102,1
41,2014-01-10,6845,1
42,2014-01-10,11569,1
43,2014-01-10,8428,1
44,2014-01-10,6651,1
45,2014-01-10,5540,1
46,2014-01-10,6641,1
47,2014-01-10,7189,1
48,2014-01-10,4308,1
49,2014-01-10,7305,1
50,2014-01-10,4560,1
1,2014-01-09,4396,1
2,2014-01-09,6081,1
3,2014-01-09,7081,1
4,2014-01-09,9489,1
5,2014-01-09,4753,1
6,2014-01-09,5018,1
7,2014-01-09,8171,1
8,2014-01-09,6011,1
9,2014-01-09,5415,1
10,2014-01-09,5109,1
11,2014-01-09,6945,1
12,2014-01-09,7959,1
13,2014-01-09,6236,1
14,2014-01-09,5321,1
15,2014-01-09,7628,1
16,2014-01-09,9102,1
17,2014-01-09,7263,1
18,2014-01-09,6959,1
19,2014-01-09,6092,1
20,2014-01-09,9810,1
21,2014-01-09,6848,1
22,2014-01-09,5344,1
23,2014-01-09,5760,1
24,2014-01-09,8530,1
25,2014-01-09,10944,1
26,2014-01-09,6480,1
27,2014-01-09,9249,1
28,2014-01-09,7096,1
29,2014-01-09,6878,1
30,2014-01-09,5754,1
31,2014-01-09,6009,1
32,2014-01-09,5285,1
33,2014-01-09,7669,1
34,2014-01-09,8186,1
35,2014-01-09,9848,1
36,2014-01-09,8675,1
37,2014-01-09,8046,1
38,2014-01-09,6287,1
39,2014-01-09,4829,1
40,2014-01-09,4290,1
41,2014-01-09,6012,1
42,2014-01-09,9685,1
43,2014-01-09,8170,1
44,2014-01-09,6276,1
45,2014-01-09,6162,1
46,2014-01-09,6599,1
47,2014-01-09,7052,1
48,2014-01-09,4318,1
49,2014-01-09,7834,1
50,2014-01-09,4347,1
1,2014-01-08,4931,1
2,2014-01-08,6597,1
3,2014-01-08,8242,1
4,2014-01-08,9271,1
5,2014-01-08,5966,1
6,2014-01-08,5894,1
7,2014-01-08,7957,1
8,2014-01-08,5677,1
9,2014-01-08,6620,1
10,2014-01-08,5650,1
11,2014-01-08,8397,1
12,2014-01-08,8280,1
13,2014-01-08,7361,1
14,2014-01-08,6525,1
15,2014-01-08,7786,1
16,2014-01-08,9766,1
17,2014-01-08,7377,1
18,2014-01-08,7698,1
19,2014-01-08,6545,1
20,2014-01-08,9752,1
21,2014-01-08,7197,1
22,2014-01-08,5333,1
23,2014-01-08,5832,1
24,2014-01-08,10744,1
25,2014-01-08,15608,1
26,2014-01-08,7011,1
27,2014-01-08,10527,1
28,2014-01-08,7620,1
29,2014-01-08,7845,1
30,2014-01-08,5760,1
31,2014-01-08,6316,1
32,2014-01-08,6083,1
33,2014-01-08,8916,1
34,2014-01-08,8657,1
35,2014-01-08,10515,1
36,2014-01-08,9790,1
37,2014-01-08,8219,1
38,2014-01-08,6643,1
39,2014-01-08,5598,1
40,2014-01-08,5462,1
41,2014-01-08,6713,1
42,2014-01-08,12345,1
43,2014-01-08,8081,1
44,2014-01-08,6024,1
45,2014-01-08,5230,1
46,2014-01-08,6745,1
47,2014-01-08,7976,1
48,2014-01-08,4577,1
49,2014-01-08,8554,1
50,2014-01-08,4328,1
1,2014-01-07,5539,1
2,2014-01-07,6567,1
3,2014-01-07,11215,1
4,2014-01-07,10338,1
5,2014-01-07,6280,1
6,2014-01-07,6196,1
7,2014-01-07,11096,1
8,2014-01-07,6468,1
9,2014-01-07,7671,1
10,2014-01-07,6470,1
11,2014-01-07,9699,1
12,2014-01-07,10470,1
13,2014-01-07,8986,1
14,2014-01-07,7410,1
15,2014-01-07,8709,1
16,2014-01-07,13133,1
17,2014-01-07,9532,1
18,2014-01-07,7064,1
19,2014-01-07,8576,1
20,2014-01-07,12170,1
21,2014-01-07,10300,1
22,2014-01-07,7440,1
23,2014-01-07,6322,1
24,2014-01-07,12197,1
25,2014-01-07,24314,1
26,2014-01-07,7809,1
27,2014-01-07,15092,1
28,2014-01-07,12486,1
29,2014-01-07,8520,1
30,2014-01-07,7861,1
31,2014-01-07,6595,1
32,2014-01-07,7514,1
33,2014-01-07,10452,1
34,2014-01-07,9330,1
35,2014-01-07,13983,1
36,2014-01-07,10976,1
37,2014-01-07,11178,1
38,2014-01-07,7172,1
39,2014-01-07,6602,1
40,2014-01-07,7169,1
41,2014-01-07,8878,1
42,2014-01-07,13917,1
43,2014-01-07,9253,1
44,2014-01-07,6939,1
45,2014-01-07,5114,1
46,2014-01-07,10052,1
47,2014-01-07,9008,1
48,2014-01-07,5264,1
49,2014-01-07,11915,1
50,2014-01-07,5059,1
1,2014-01-06,6194,1
2,2014-01-06,8317,1
3,2014-01-06,11326,1
4,2014-01-06,13086,1
5,2014-01-06,8310,1
6,2014-01-06,7703,1
7,2014-01-06,12065,1
8,2014-01-06,8611,1
9,2014-01-06,9920,1
10,2014-01-06,8325,1
11,2014-01-06,9130,1
12,2014-01-06,12198,1
14,2014-01-06,8575,1
15,2014-01-06,9260,1
17,2014-01-06,11719,1
18,2014-01-06,10031,1
19,2014-01-06,10177,1
23,2014-01-06,9675,1
24,2014-01-06,14860,1
25,2014-01-06,24833,1
26,2014-01-06,11722,1
27,2014-01-06,15650,1
29,2014-01-06,13020,1
30,2014-01-06,8438,1
31,2014-01-06,9025,1
33,2014-01-06,10453,1
34,2014-01-06,10616,1
35,2014-01-06,16510,1
38,2014-01-06,10469,1
39,2014-01-06,9236,1
40,2014-01-06,6438,1
42,2014-01-06,15086,1
43,2014-01-06,10890,1
44,2014-01-06,8828,1
45,2014-01-06,7181,1
47,2014-01-06,9013,1
48,2014-01-06,5785,1
50,2014-01-06,5967,1
1,2014-01-04,5173,1
2,2014-01-04,2760,1
3,2014-01-04,4727,1
4,2014-01-04,10569,1
5,2014-01-04,1711,1
6,2014-01-04,3031,1
7,2014-01-04,6103,1
8,2014-01-04,2368,1
9,2014-01-04,6695,1
10,2014-01-04,4928,1
11,2014-01-04,5671,1
12,2014-01-04,6718,1
13,2014-01-04,4681,1
14,2014-01-04,3214,1
15,2014-01-04,5427,1
16,2014-01-04,5100,1
17,2014-01-04,2670,1
18,2014-01-04,4545,1
19,2014-01-04,3654,1
20,2014-01-04,4374,1
21,2014-01-04,5901,1
22,2014-01-04,3460,1
23,2014-01-04,3843,1
24,2014-01-04,7436,1
25,2014-01-04,7425,1
26,2014-01-04,5463,1
27,2014-01-04,7413,1
28,2014-01-04,2868,1
29,2014-01-04,7344,1
30,2014-01-04,4994,1
31,2014-01-04,5125,1
32,2014-01-04,2012,1
33,2014-01-04,8369,1
34,2014-01-04,7772,1
35,2014-01-04,7541,1
36,2014-01-04,8970,1
37,2014-01-04,8346,1
38,2014-01-04,5660,1
39,2014-01-04,2919,1
40,2014-01-04,5508,1
41,2014-01-04,6012,1
42,2014-01-04,8230,1
43,2014-01-04,4422,1
44,2014-01-04,3746,1
45,2014-01-04,5066,1
46,2014-01-04,5105,1
47,2014-01-04,5523,1
48,2014-01-04,2984,1
49,2014-01-04,6753,1
50,2014-01-04,3475,1
1,2014-01-03,4190,1
2,2014-01-03,4802,1
3,2014-01-03,6821,1
4,2014-01-03,9299,1
5,2014-01-03,4414,1
6,2014-01-03,4842,1
7,2014-01-03,8389,1
8,2014-01-03,4095,1
9,2014-01-03,6054,1
10,2014-01-03,5012,1
11,2014-01-03,7563,1
12,2014-01-03,6714,1
13,2014-01-03,3629,1
14,2014-01-03,5555,1
15,2014-01-03,5551,1
16,2014-01-03,7066,1
17,2014-01-03,6029,1
18,2014-01-03,5798,1
19,2014-01-03,5493,1
20,2014-01-03,5990,1
21,2014-01-03,4048,1
22,2014-01-03,4127,1
23,2014-01-03,5625,1
24,2014-01-03,8797,1
25,2014-01-03,8774,1
26,2014-01-03,6344,1
27,2014-01-03,8297,1
28,2014-01-03,5146,1
29,2014-01-03,6099,1
30,2014-01-03,5305,1
31,2014-01-03,5514,1
32,2014-01-03,3378,1
33,2014-01-03,7185,1
34,2014-01-03,7387,1
35,2014-01-03,8096,1
36,2014-01-03,8243,1
37,2014-01-03,7446,1
38,2014-01-03,4157,1
39,2014-01-03,4198,1
40,2014-01-03,4419,1
41,2014-01-03,6788,1
42,2014-01-03,9219,1
43,2014-01-03,5978,1
44,2014-01-03,4816,1
45,2014-01-03,4085,1
46,2014-01-03,4300,1
47,2014-01-03,5305,1
48,2014-01-03,3825,1
49,2014-01-03,5744,1
50,2014-01-03,3246,1
1,2014-01-02,4969,1
2,2014-01-02,3759,1
3,2014-01-02,5703,1
4,2014-01-02,9525,1
5,2014-01-02,4077,1
6,2014-01-02,4778,1
7,2014-01-02,8634,1
8,2014-01-02,5177,1
9,2014-01-02,5585,1
10,2014-01-02,4533,1
11,2014-01-02,8140,1
12,2014-01-02,5787,1
13,2014-01-02,4092,1
14,2014-01-02,4920,1
15,2014-01-02,5417,1
16,2014-01-02,7525,1
17,2014-01-02,5287,1
18,2014-01-02,5612,1
19,2014-01-02,5868,1
20,2014-01-02,8177,1
21,2014-01-02,3577,1
22,2014-01-02,4352,1
23,2014-01-02,4789,1
24,2014-01-02,7763,1
25,2014-01-02,10367,1
26,2014-01-02,6358,1
27,2014-01-02,7954,1
28,2014-01-02,4729,1
29,2014-01-02,6092,1
30,2014-01-02,5416,1
31,2014-01-02,5437,1
32,2014-01-02,2968,1
33,2014-01-02,7797,1
34,2014-01-02,7277,1
35,2014-01-02,6826,1
36,2014-01-02,7712,1
37,2014-01-02,6809,1
38,2014-01-02,5023,1
39,2014-01-02,4202,1
40,2014-01-02,5434,1
41,2014-01-02,5808,1
42,2014-01-02,8478,1
43,2014-01-02,5839,1
44,2014-01-02,4981,1
45,2014-01-02,4930,1
46,2014-01-02,4185,1
47,2014-01-02,6154,1
48,2014-01-02,3945,1
49,2014-01-02,5463,1
50,2014-01-02,3679,1
1,2013-12-31,2362,1
2,2013-12-31,2148,1
3,2013-12-31,4081,1
4,2013-12-31,9813,1
5,2013-12-31,2009,1
6,2013-12-31,2739,1
7,2013-12-31,5708,1
8,2013-12-31,2694,1
9,2013-12-31,4302,1
10,2013-12-31,4062,1
11,2013-12-31,3813,1
12,2013-12-31,4707,1
13,2013-12-31,2762,1
14,2013-12-31,4230,1
15,2013-12-31,4042,1
16,2013-12-31,4256,1
17,2013-12-31,2329,1
18,2013-12-31,3340,1
19,2013-12-31,3209,1
20,2013-12-31,3409,1
21,2013-12-31,2996,1
22,2013-12-31,2750,1
23,2013-12-31,3075,1
24,2013-12-31,6872,1
25,2013-12-31,6990,1
26,2013-12-31,2282,1
27,2013-12-31,5718,1
28,2013-12-31,2248,1
29,2013-12-31,3937,1
30,2013-12-31,3211,1
31,2013-12-31,3198,1
32,2013-12-31,3227,1
33,2013-12-31,5951,1
34,2013-12-31,3932,1
35,2013-12-31,6289,1
36,2013-12-31,6019,1
37,2013-12-31,2767,1
38,2013-12-31,2647,1
39,2013-12-31,2882,1
40,2013-12-31,1870,1
41,2013-12-31,3298,1
42,2013-12-31,6820,1
43,2013-12-31,4154,1
44,2013-12-31,3273,1
45,2013-12-31,3298,1
46,2013-12-31,4175,1
47,2013-12-31,4046,1
48,2013-12-31,2761,1
49,2013-12-31,4559,1
50,2013-12-31,2127,1
1,2013-12-30,7193,1
2,2013-12-30,7528,1
3,2013-12-30,10503,1
4,2013-12-30,17412,1
5,2013-12-30,6681,1
6,2013-12-30,6980,1
7,2013-12-30,11852,1
8,2013-12-30,5735,1
9,2013-12-30,8034,1
10,2013-12-30,7525,1
11,2013-12-30,11656,1
12,2013-12-30,10855,1
13,2013-12-30,5672,1
14,2013-12-30,8460,1
15,2013-12-30,9833,1
16,2013-12-30,8846,1
17,2013-12-30,9087,1
18,2013-12-30,8305,1
19,2013-12-30,7066,1
20,2013-12-30,7972,1
21,2013-12-30,6959,1
22,2013-12-30,5931,1
23,2013-12-30,6568,1
24,2013-12-30,14450,1
25,2013-12-30,16095,1
26,2013-12-30,8383,1
27,2013-12-30,15265,1
28,2013-12-30,7228,1
29,2013-12-30,8652,1
30,2013-12-30,6878,1
31,2013-12-30,8154,1
32,2013-12-30,5609,1
33,2013-12-30,11229,1
34,2013-12-30,11064,1
35,2013-12-30,13288,1
36,2013-12-30,11928,1
37,2013-12-30,9991,1
38,2013-12-30,6211,1
39,2013-12-30,6267,1
40,2013-12-30,5455,1
41,2013-12-30,8418,1
42,2013-12-30,14014,1
43,2013-12-30,8850,1
44,2013-12-30,7982,1
45,2013-12-30,6425,1
46,2013-12-30,7652,1
47,2013-12-30,9333,1
48,2013-12-30,5246,1
49,2013-12-30,7664,1
50,2013-12-30,5068,1
1,2013-12-28,5659,1
2,2013-12-28,3561,1
3,2013-12-28,3927,1
4,2013-12-28,10954,1
5,2013-12-28,2303,1
6,2013-12-28,3717,1
7,2013-12-28,6003,1
8,2013-12-28,2481,1
9,2013-12-28,5981,1
10,2013-12-28,4762,1
11,2013-12-28,7055,1
12,2013-12-28,6982,1
13,2013-12-28,3886,1
14,2013-12-28,3515,1
15,2013-12-28,6315,1
16,2013-12-28,5635,1
17,2013-12-28,3135,1
18,2013-12-28,4988,1
19,2013-12-28,4495,1
20,2013-12-28,5229,1
21,2013-12-28,4864,1
22,2013-12-28,3566,1
23,2013-12-28,4220,1
24,2013-12-28,7638,1
25,2013-12-28,9866,1
26,2013-12-28,6259,1
27,2013-12-28,7295,1
28,2013-12-28,3508,1
29,2013-12-28,6903,1
30,2013-12-28,5374,1
31,2013-12-28,5988,1
32,2013-12-28,2091,1
33,2013-12-28,7341,1
34,2013-12-28,7918,1
35,2013-12-28,7047,1
36,2013-12-28,8960,1
37,2013-12-28,8796,1
38,2013-12-28,5453,1
39,2013-12-28,2585,1
40,2013-12-28,5043,1
41,2013-12-28,6045,1
42,2013-12-28,8479,1
43,2013-12-28,5140,1
44,2013-12-28,4435,1
45,2013-12-28,5951,1
46,2013-12-28,5814,1
47,2013-12-28,5672,1
48,2013-12-28,3065,1
49,2013-12-28,7320,1
50,2013-12-28,4170,1
1,2013-12-27,6110,1
2,2013-12-27,5582,1
3,2013-12-27,8158,1
4,2013-12-27,11159,1
5,2013-12-27,5516,1
6,2013-12-27,4915,1
7,2013-12-27,9408,1
8,2013-12-27,4777,1
9,2013-12-27,6141,1
10,2013-12-27,5094,1
11,2013-12-27,9504,1
12,2013-12-27,7960,1
13,2013-12-27,4711,1
14,2013-12-27,5914,1
15,2013-12-27,7828,1
16,2013-12-27,8079,1
17,2013-12-27,7191,1
18,2013-12-27,8159,1
19,2013-12-27,5459,1
20,2013-12-27,6196,1
21,2013-12-27,4956,1
22,2013-12-27,4821,1
23,2013-12-27,4997,1
24,2013-12-27,9422,1
25,2013-12-27,10640,1
26,2013-12-27,7856,1
27,2013-12-27,10323,1
28,2013-12-27,6165,1
29,2013-12-27,6267,1
30,2013-12-27,5975,1
31,2013-12-27,6058,1
32,2013-12-27,4270,1
33,2013-12-27,8931,1
34,2013-12-27,8296,1
35,2013-12-27,8366,1
36,2013-12-27,9757,1
37,2013-12-27,8605,1
38,2013-12-27,5598,1
39,2013-12-27,3868,1
40,2013-12-27,5342,1
41,2013-12-27,6567,1
42,2013-12-27,9428,1
43,2013-12-27,7113,1
44,2013-12-27,6159,1
45,2013-12-27,5145,1
46,2013-12-27,5999,1
47,2013-12-27,6627,1
48,2013-12-27,4697,1
49,2013-12-27,7063,1
50,2013-12-27,4871,1
1,2013-12-24,3204,1
2,2013-12-24,2407,1
3,2013-12-24,4460,1
4,2013-12-24,6786,1
5,2013-12-24,3091,1
6,2013-12-24,3449,1
7,2013-12-24,5003,1
8,2013-12-24,3311,1
9,2013-12-24,3932,1
10,2013-12-24,3915,1
11,2013-12-24,6445,1
12,2013-12-24,4267,1
13,2013-12-24,2795,1
14,2013-12-24,3503,1
15,2013-12-24,4361,1
16,2013-12-24,6447,1
17,2013-12-24,3253,1
18,2013-12-24,4259,1
19,2013-12-24,4102,1
20,2013-12-24,3682,1
21,2013-12-24,3067,1
22,2013-12-24,3597,1
23,2013-12-24,4337,1
24,2013-12-24,7607,1
25,2013-12-24,7735,1
26,2013-12-24,3462,1
27,2013-12-24,4538,1
28,2013-12-24,3604,1
29,2013-12-24,4913,1
30,2013-12-24,3244,1
31,2013-12-24,4623,1
32,2013-12-24,3754,1
33,2013-12-24,8083,1
34,2013-12-24,3820,1
35,2013-12-24,4904,1
36,2013-12-24,6198,1
37,2013-12-24,4140,1
38,2013-12-24,3783,1
39,2013-12-24,3724,1
40,2013-12-24,2172,1
41,2013-12-24,3755,1
42,2013-12-24,6354,1
43,2013-12-24,5132,1
44,2013-12-24,3785,1
45,2013-12-24,4608,1
46,2013-12-24,3397,1
47,2013-12-24,4690,1
48,2013-12-24,2973,1
49,2013-12-24,6422,1
50,2013-12-24,2897,1
1,2013-12-23,9528,1
2,2013-12-23,8640,1
3,2013-12-23,14461,1
4,2013-12-23,16941,1
5,2013-12-23,10877,1
6,2013-12-23,9914,1
7,2013-12-23,16186,1
8,2013-12-23,8753,1
9,2013-12-23,11032,1
10,2013-12-23,9534,1
11,2013-12-23,22822,1
12,2013-12-23,12694,1
13,2013-12-23,7081,1
14,2013-12-23,9792,1
15,2013-12-23,12123,1
16,2013-12-23,13845,1
17,2013-12-23,12700,1
18,2013-12-23,13519,1
19,2013-12-23,10640,1
20,2013-12-23,11753,1
21,2013-12-23,8010,1
22,2013-12-23,9437,1
23,2013-12-23,11431,1
24,2013-12-23,21299,1
25,2013-12-23,18194,1
26,2013-12-23,15556,1
27,2013-12-23,17569,1
28,2013-12-23,12373,1
29,2013-12-23,12616,1
30,2013-12-23,7860,1
31,2013-12-23,13252,1
32,2013-12-23,7246,1
33,2013-12-23,15419,1
34,2013-12-23,12372,1
35,2013-12-23,16403,1
36,2013-12-23,12753,1
37,2013-12-23,16481,1
38,2013-12-23,8768,1
39,2013-12-23,8264,1
40,2013-12-23,7637,1
41,2013-12-23,11205,1
42,2013-12-23,17596,1
43,2013-12-23,12747,1
44,2013-12-23,9231,1
45,2013-12-23,12290,1
46,2013-12-23,8358,1
47,2013-12-23,12549,1
48,2013-12-23,7329,1
49,2013-12-23,17705,1
50,2013-12-23,8542,1
1,2013-12-21,8043,1
2,2013-12-21,4941,1
3,2013-12-21,8215,1
4,2013-12-21,14207,1
5,2013-12-21,3995,1
6,2013-12-21,5524,1
7,2013-12-21,8942,1
8,2013-12-21,4307,1
9,2013-12-21,9456,1
10,2013-12-21,7007,1
11,2013-12-21,14764,1
12,2013-12-21,10151,1
13,2013-12-21,6480,1
14,2013-12-21,5294,1
15,2013-12-21,7903,1
16,2013-12-21,8809,1
17,2013-12-21,6345,1
18,2013-12-21,6895,1
19,2013-12-21,6442,1
20,2013-12-21,7960,1
21,2013-12-21,6500,1
22,2013-12-21,5868,1
23,2013-12-21,7987,1
24,2013-12-21,11792,1
25,2013-12-21,13051,1
26,2013-12-21,9926,1
27,2013-12-21,13859,1
28,2013-12-21,5540,1
29,2013-12-21,8930,1
30,2013-12-21,7868,1
31,2013-12-21,9570,1
32,2013-12-21,3883,1
33,2013-12-21,11814,1
34,2013-12-21,10683,1
35,2013-12-21,11325,1
36,2013-12-21,10215,1
37,2013-12-21,13316,1
38,2013-12-21,9120,1
39,2013-12-21,4941,1
40,2013-12-21,8438,1
41,2013-12-21,9206,1
42,2013-12-21,12665,1
43,2013-12-21,8348,1
44,2013-12-21,6982,1
45,2013-12-21,8928,1
46,2013-12-21,8357,1
47,2013-12-21,8715,1
48,2013-12-21,5089,1
49,2013-12-21,11424,1
50,2013-12-21,6646,1
1,2013-12-20,8414,1
2,2013-12-20,7574,1
3,2013-12-20,12352,1
4,2013-12-20,14757,1
5,2013-12-20,8129,1
6,2013-12-20,8857,1
7,2013-12-20,14451,1
8,2013-12-20,8010,1
9,2013-12-20,9849,1
10,2013-12-20,8268,1
11,2013-12-20,17565,1
12,2013-12-20,11173,1
13,2013-12-20,7997,1
14,2013-12-20,8295,1
15,2013-12-20,9974,1
16,2013-12-20,11139,1
17,2013-12-20,10798,1
18,2013-12-20,11788,1
19,2013-12-20,9762,1
20,2013-12-20,8872,1
21,2013-12-20,8450,1
22,2013-12-20,7947,1
23,2013-12-20,9977,1
24,2013-12-20,17476,1
25,2013-12-20,15314,1
26,2013-12-20,12363,1
27,2013-12-20,17051,1
28,2013-12-20,9873,1
29,2013-12-20,11096,1
30,2013-12-20,7380,1
31,2013-12-20,10303,1
32,2013-12-20,5896,1
33,2013-12-20,11941,1
34,2013-12-20,11881,1
35,2013-12-20,15362,1
36,2013-12-20,11534,1
37,2013-12-20,13709,1
38,2013-12-20,9174,1
39,2013-12-20,6960,1
40,2013-12-20,8059,1
41,2013-12-20,9358,1
42,2013-12-20,15996,1
43,2013-12-20,11736,1
44,2013-12-20,8652,1
45,2013-12-20,9342,1
46,2013-12-20,8651,1
47,2013-12-20,10046,1
48,2013-12-20,6082,1
49,2013-12-20,11904,1
50,2013-12-20,7334,1
1,2013-12-19,6788,1
2,2013-12-19,8559,1
3,2013-12-19,10463,1
4,2013-12-19,13259,1
5,2013-12-19,8331,1
6,2013-12-19,8291,1
7,2013-12-19,12051,1
8,2013-12-19,7867,1
9,2013-12-19,8222,1
10,2013-12-19,7536,1
11,2013-12-19,16402,1
12,2013-12-19,11470,1
13,2013-12-19,8004,1
14,2013-12-19,7529,1
15,2013-12-19,9365,1
16,2013-12-19,10754,1
17,2013-12-19,11216,1
18,2013-12-19,10863,1
19,2013-12-19,9121,1
20,2013-12-19,11630,1
21,2013-12-19,8838,1
22,2013-12-19,7893,1
23,2013-12-19,10011,1
24,2013-12-19,14895,1
25,2013-12-19,15790,1
26,2013-12-19,12408,1
27,2013-12-19,14694,1
28,2013-12-19,9728,1
29,2013-12-19,10216,1
30,2013-12-19,8578,1
31,2013-12-19,9929,1
32,2013-12-19,6626,1
33,2013-12-19,10871,1
34,2013-12-19,11461,1
35,2013-12-19,13951,1
36,2013-12-19,12204,1
37,2013-12-19,11941,1
38,2013-12-19,7980,1
39,2013-12-19,6863,1
40,2013-12-19,7341,1
41,2013-12-19,8617,1
42,2013-12-19,14838,1
43,2013-12-19,10637,1
44,2013-12-19,8422,1
45,2013-12-19,8802,1
46,2013-12-19,8272,1
47,2013-12-19,10010,1
48,2013-12-19,5252,1
49,2013-12-19,11121,1
50,2013-12-19,5956,1
1,2013-12-18,7821,1
2,2013-12-18,10019,1
3,2013-12-18,12564,1
4,2013-12-18,13440,1
5,2013-12-18,9315,1
6,2013-12-18,7958,1
7,2013-12-18,12917,1
8,2013-12-18,8575,1
9,2013-12-18,8672,1
10,2013-12-18,7893,1
11,2013-12-18,19659,1
12,2013-12-18,13211,1
13,2013-12-18,8187,1
14,2013-12-18,8494,1
15,2013-12-18,10233,1
16,2013-12-18,12259,1
17,2013-12-18,12929,1
18,2013-12-18,10431,1
19,2013-12-18,9932,1
20,2013-12-18,11491,1
21,2013-12-18,8707,1
22,2013-12-18,7091,1
23,2013-12-18,10742,1
24,2013-12-18,16182,1
25,2013-12-18,14963,1
26,2013-12-18,11762,1
27,2013-12-18,16440,1
28,2013-12-18,10122,1
29,2013-12-18,10103,1
30,2013-12-18,9501,1
31,2013-12-18,9945,1
32,2013-12-18,6610,1
33,2013-12-18,12073,1
34,2013-12-18,11856,1
35,2013-12-18,13191,1
36,2013-12-18,11026,1
37,2013-12-18,11728,1
38,2013-12-18,9124,1
39,2013-12-18,8536,1
40,2013-12-18,8581,1
41,2013-12-18,7531,1
42,2013-12-18,18142,1
43,2013-12-18,12632,1
44,2013-12-18,8616,1
45,2013-12-18,8040,1
46,2013-12-18,9073,1
47,2013-12-18,10887,1
48,2013-12-18,5957,1
49,2013-12-18,12271,1
50,2013-12-18,7222,1
1,2013-12-17,7356,1
2,2013-12-17,10374,1
3,2013-12-17,14555,1
4,2013-12-17,14471,1
5,2013-12-17,9413,1
6,2013-12-17,9041,1
7,2013-12-17,14900,1
8,2013-12-17,9375,1
9,2013-12-17,9620,1
10,2013-12-17,8109,1
11,2013-12-17,18351,1
12,2013-12-17,13145,1
13,2013-12-17,8873,1
14,2013-12-17,8580,1
15,2013-12-17,11383,1
16,2013-12-17,13073,1
17,2013-12-17,14280,1
18,2013-12-17,10795,1
19,2013-12-17,10554,1
20,2013-12-17,12849,1
21,2013-12-17,9607,1
22,2013-12-17,7467,1
23,2013-12-17,10514,1
24,2013-12-17,16666,1
25,2013-12-17,17391,1
26,2013-12-17,11155,1
27,2013-12-17,19313,1
28,2013-12-17,11031,1
29,2013-12-17,11765,1
30,2013-12-17,10752,1
31,2013-12-17,9535,1
32,2013-12-17,7041,1
33,2013-12-17,12697,1
34,2013-12-17,12648,1
35,2013-12-17,14557,1
36,2013-12-17,12459,1
37,2013-12-17,13139,1
38,2013-12-17,10685,1
39,2013-12-17,8107,1
40,2013-12-17,9464,1
41,2013-12-17,8585,1
42,2013-12-17,16438,1
43,2013-12-17,13280,1
44,2013-12-17,10156,1
45,2013-12-17,8394,1
46,2013-12-17,9064,1
47,2013-12-17,11289,1
48,2013-12-17,6947,1
49,2013-12-17,11600,1
50,2013-12-17,6560,1
1,2013-12-16,8277,1
2,2013-12-16,10479,1
3,2013-12-16,14647,1
4,2013-12-16,16843,1
5,2013-12-16,11692,1
6,2013-12-16,11139,1
7,2013-12-16,18413,1
8,2013-12-16,10322,1
9,2013-12-16,11444,1
10,2013-12-16,9123,1
11,2013-12-16,20943,1
12,2013-12-16,16747,1
13,2013-12-16,10455,1
14,2013-12-16,10520,1
15,2013-12-16,13392,1
16,2013-12-16,15288,1
17,2013-12-16,17845,1
18,2013-12-16,14671,1
19,2013-12-16,12729,1
20,2013-12-16,12595,1
21,2013-12-16,13012,1
22,2013-12-16,8520,1
23,2013-12-16,13460,1
24,2013-12-16,21022,1
25,2013-12-16,18854,1
26,2013-12-16,16562,1
27,2013-12-16,22589,1
28,2013-12-16,12958,1
29,2013-12-16,15758,1
30,2013-12-16,11074,1
31,2013-12-16,12192,1
32,2013-12-16,7800,1
33,2013-12-16,14721,1
34,2013-12-16,13357,1
35,2013-12-16,18320,1
36,2013-12-16,12841,1
37,2013-12-16,14688,1
38,2013-12-16,13244,1
39,2013-12-16,12004,1
40,2013-12-16,9971,1
41,2013-12-16,10672,1
42,2013-12-16,21915,1
43,2013-12-16,14229,1
44,2013-12-16,12037,1
45,2013-12-16,9832,1
46,2013-12-16,11652,1
47,2013-12-16,13241,1
48,2013-12-16,7183,1
49,2013-12-16,14453,1
50,2013-12-16,9178,1
1,2013-12-14,6119,1
2,2013-12-14,3236,1
3,2013-12-14,6688,1
4,2013-12-14,12110,1
5,2013-12-14,2014,1
6,2013-12-14,5885,1
7,2013-12-14,7511,1
8,2013-12-14,3346,1
9,2013-12-14,6208,1
10,2013-12-14,5689,1
11,2013-12-14,12673,1
12,2013-12-14,8452,1
13,2013-12-14,5078,1
14,2013-12-14,3806,1
15,2013-12-14,5859,1
16,2013-12-14,6580,1
17,2013-12-14,4769,1
18,2013-12-14,4990,1
19,2013-12-14,5208,1
20,2013-12-14,6029,1
21,2013-12-14,5477,1
22,2013-12-14,4016,1
23,2013-12-14,5554,1
24,2013-12-14,8778,1
25,2013-12-14,9625,1
26,2013-12-14,7658,1
27,2013-12-14,12067,1
28,2013-12-14,3322,1
29,2013-12-14,6189,1
30,2013-12-14,6464,1
31,2013-12-14,6750,1
32,2013-12-14,2671,1
33,2013-12-14,8677,1
34,2013-12-14,8558,1
35,2013-12-14,8265,1
36,2013-12-14,10573,1
37,2013-12-14,10522,1
38,2013-12-14,6655,1
39,2013-12-14,3153,1
40,2013-12-14,8734,1
41,2013-12-14,6074,1
42,2013-12-14,9667,1
43,2013-12-14,5508,1
44,2013-12-14,4565,1
45,2013-12-14,5913,1
46,2013-12-14,6381,1
47,2013-12-14,6543,1
48,2013-12-14,4624,1
49,2013-12-14,8180,1
50,2013-12-14,5435,1
1,2013-12-13,4703,1
2,2013-12-13,4808,1
3,2013-12-13,7146,1
4,2013-12-13,8689,1
5,2013-12-13,5021,1
6,2013-12-13,7312,1
7,2013-12-13,8140,1
8,2013-12-13,4975,1
9,2013-12-13,5633,1
10,2013-12-13,6023,1
11,2013-12-13,11690,1
12,2013-12-13,8465,1
13,2013-12-13,4619,1
14,2013-12-13,5845,1
15,2013-12-13,6875,1
16,2013-12-13,7373,1
17,2013-12-13,6515,1
18,2013-12-13,7272,1
19,2013-12-13,6296,1
20,2013-12-13,7819,1
21,2013-12-13,4577,1
22,2013-12-13,5173,1
23,2013-12-13,5487,1
24,2013-12-13,9587,1
25,2013-12-13,10667,1
26,2013-12-13,6801,1
27,2013-12-13,9873,1
28,2013-12-13,6237,1
29,2013-12-13,6674,1
30,2013-12-13,5120,1
31,2013-12-13,7264,1
32,2013-12-13,3813,1
33,2013-12-13,7241,1
34,2013-12-13,7628,1
35,2013-12-13,8736,1
36,2013-12-13,10176,1
37,2013-12-13,7353,1
38,2013-12-13,4527,1
39,2013-12-13,4285,1
40,2013-12-13,5922,1
41,2013-12-13,5412,1
42,2013-12-13,10156,1
43,2013-12-13,7316,1
44,2013-12-13,5797,1
45,2013-12-13,5804,1
46,2013-12-13,5480,1
47,2013-12-13,6998,1
48,2013-12-13,4574,1
49,2013-12-13,7212,1
50,2013-12-13,3941,1
1,2013-12-12,4074,1
2,2013-12-12,5232,1
3,2013-12-12,6921,1
4,2013-12-12,8463,1
5,2013-12-12,5048,1
6,2013-12-12,6717,1
7,2013-12-12,8491,1
8,2013-12-12,5784,1
9,2013-12-12,5296,1
10,2013-12-12,5663,1
11,2013-12-12,10857,1
12,2013-12-12,7215,1
13,2013-12-12,3572,1
14,2013-12-12,5170,1
15,2013-12-12,6647,1
16,2013-12-12,7067,1
17,2013-12-12,7857,1
18,2013-12-12,6451,1
19,2013-12-12,5729,1
20,2013-12-12,8421,1
21,2013-12-12,4573,1
22,2013-12-12,4911,1
23,2013-12-12,4879,1
24,2013-12-12,8259,1
25,2013-12-12,11393,1
26,2013-12-12,6070,1
27,2013-12-12,9408,1
28,2013-12-12,6017,1
29,2013-12-12,5904,1
30,2013-12-12,6218,1
31,2013-12-12,6232,1
32,2013-12-12,4219,1
33,2013-12-12,7114,1
34,2013-12-12,6670,1
35,2013-12-12,8788,1
36,2013-12-12,8195,1
37,2013-12-12,7080,1
38,2013-12-12,4553,1
39,2013-12-12,4131,1
40,2013-12-12,5743,1
41,2013-12-12,5648,1
42,2013-12-12,9740,1
43,2013-12-12,7187,1
44,2013-12-12,5170,1
45,2013-12-12,5132,1
46,2013-12-12,4349,1
47,2013-12-12,7685,1
48,2013-12-12,4411,1
49,2013-12-12,6663,1
50,2013-12-12,4173,1
1,2013-12-11,4301,1
2,2013-12-11,6052,1
3,2013-12-11,7577,1
4,2013-12-11,8480,1
5,2013-12-11,5517,1
6,2013-12-11,6498,1
7,2013-12-11,8632,1
8,2013-12-11,4912,1
9,2013-12-11,5635,1
10,2013-12-11,5002,1
11,2013-12-11,10674,1
12,2013-12-11,7982,1
13,2013-12-11,3607,1
14,2013-12-11,5649,1
15,2013-12-11,6523,1
16,2013-12-11,7238,1
17,2013-12-11,6429,1
18,2013-12-11,7531,1
19,2013-12-11,6222,1
20,2013-12-11,8243,1
21,2013-12-11,3818,1
22,2013-12-11,4415,1
23,2013-12-11,5061,1
24,2013-12-11,8337,1
25,2013-12-11,10451,1
26,2013-12-11,4950,1
27,2013-12-11,8441,1
28,2013-12-11,5916,1
29,2013-12-11,5482,1
30,2013-12-11,5478,1
31,2013-12-11,5220,1
32,2013-12-11,4145,1
33,2013-12-11,7542,1
34,2013-12-11,7873,1
35,2013-12-11,7994,1
36,2013-12-11,8651,1
37,2013-12-11,6376,1
38,2013-12-11,4366,1
39,2013-12-11,4157,1
40,2013-12-11,6412,1
41,2013-12-11,5830,1
42,2013-12-11,10093,1
43,2013-12-11,7051,1
44,2013-12-11,5622,1
45,2013-12-11,4247,1
46,2013-12-11,4463,1
47,2013-12-11,8110,1
48,2013-12-11,4416,1
49,2013-12-11,6607,1
50,2013-12-11,3035,1
1,2013-12-10,4228,1
2,2013-12-10,4994,1
3,2013-12-10,6595,1
4,2013-12-10,8150,1
5,2013-12-10,4973,1
6,2013-12-10,7418,1
7,2013-12-10,9551,1
8,2013-12-10,5388,1
9,2013-12-10,5725,1
10,2013-12-10,5908,1
11,2013-12-10,11454,1
12,2013-12-10,7765,1
13,2013-12-10,3098,1
14,2013-12-10,5258,1
15,2013-12-10,6665,1
16,2013-12-10,7754,1
17,2013-12-10,7300,1
18,2013-12-10,6453,1
19,2013-12-10,6081,1
20,2013-12-10,8620,1
21,2013-12-10,3733,1
22,2013-12-10,5257,1
23,2013-12-10,5447,1
24,2013-12-10,8956,1
25,2013-12-10,11696,1
26,2013-12-10,6421,1
27,2013-12-10,10199,1
28,2013-12-10,6509,1
29,2013-12-10,6125,1
30,2013-12-10,6292,1
31,2013-12-10,5802,1
32,2013-12-10,4405,1
33,2013-12-10,7865,1
34,2013-12-10,7212,1
35,2013-12-10,8353,1
36,2013-12-10,8225,1
37,2013-12-10,5716,1
38,2013-12-10,4337,1
39,2013-12-10,4505,1
40,2013-12-10,6085,1
41,2013-12-10,4858,1
42,2013-12-10,10055,1
43,2013-12-10,6634,1
44,2013-12-10,5270,1
45,2013-12-10,4169,1
46,2013-12-10,4269,1
47,2013-12-10,7915,1
48,2013-12-10,4474,1
49,2013-12-10,5747,1
50,2013-12-10,2707,1
1,2013-12-09,4462,1
2,2013-12-09,4392,1
3,2013-12-09,5478,1
4,2013-12-09,8907,1
5,2013-12-09,3879,1
6,2013-12-09,6090,1
7,2013-12-09,10010,1
8,2013-12-09,5099,1
9,2013-12-09,6350,1
10,2013-12-09,5036,1
11,2013-12-09,10871,1
12,2013-12-09,7199,1
13,2013-12-09,4531,1
14,2013-12-09,5926,1
15,2013-12-09,7072,1
16,2013-12-09,7562,1
17,2013-12-09,6355,1
18,2013-12-09,6111,1
19,2013-12-09,6307,1
20,2013-12-09,8569,1
21,2013-12-09,4393,1
22,2013-12-09,4930,1
23,2013-12-09,5626,1
24,2013-12-09,9431,1
25,2013-12-09,11651,1
26,2013-12-09,6266,1
27,2013-12-09,8722,1
28,2013-12-09,5781,1
29,2013-12-09,6352,1
30,2013-12-09,6160,1
31,2013-12-09,6453,1
32,2013-12-09,4277,1
33,2013-12-09,8312,1
34,2013-12-09,7606,1
35,2013-12-09,8633,1
36,2013-12-09,9191,1
37,2013-12-09,7040,1
38,2013-12-09,4081,1
39,2013-12-09,4672,1
40,2013-12-09,5904,1
41,2013-12-09,5890,1
42,2013-12-09,10625,1
43,2013-12-09,7158,1
44,2013-12-09,4594,1
45,2013-12-09,4574,1
46,2013-12-09,4512,1
47,2013-12-09,7040,1
48,2013-12-09,4032,1
49,2013-12-09,6063,1
50,2013-12-09,3437,1
1,2013-12-07,5799,1
2,2013-12-07,2534,1
3,2013-12-07,7151,1
4,2013-12-07,10544,1
5,2013-12-07,2228,1
6,2013-12-07,4437,1
7,2013-12-07,6733,1
8,2013-12-07,3881,1
9,2013-12-07,7046,1
10,2013-12-07,4966,1
11,2013-12-07,10893,1
12,2013-12-07,7509,1
13,2013-12-07,4900,1
14,2013-12-07,4020,1
15,2013-12-07,5475,1
16,2013-12-07,5801,1
17,2013-12-07,3885,1
18,2013-12-07,4841,1
19,2013-12-07,4697,1
20,2013-12-07,5889,1
21,2013-12-07,5242,1
22,2013-12-07,3972,1
23,2013-12-07,5147,1
24,2013-12-07,7821,1
25,2013-12-07,9840,1
26,2013-12-07,5374,1
27,2013-12-07,9537,1
28,2013-12-07,2713,1
29,2013-12-07,6684,1
30,2013-12-07,6235,1
31,2013-12-07,6191,1
32,2013-12-07,2368,1
33,2013-12-07,8520,1
34,2013-12-07,7481,1
35,2013-12-07,8066,1
36,2013-12-07,10632,1
37,2013-12-07,9181,1
38,2013-12-07,6115,1
39,2013-12-07,3454,1
40,2013-12-07,7738,1
41,2013-12-07,4831,1
42,2013-12-07,9389,1
43,2013-12-07,4268,1
44,2013-12-07,4867,1
45,2013-12-07,5867,1
46,2013-12-07,6102,1
47,2013-12-07,6270,1
48,2013-12-07,4013,1
49,2013-12-07,6478,1
50,2013-12-07,3558,1
1,2013-12-06,6112,1
2,2013-12-06,4816,1
3,2013-12-06,8300,1
4,2013-12-06,10597,1
5,2013-12-06,5011,1
6,2013-12-06,7941,1
7,2013-12-06,7938,1
8,2013-12-06,5501,1
9,2013-12-06,6466,1
10,2013-12-06,5937,1
11,2013-12-06,8180,1
12,2013-12-06,7173,1
13,2013-12-06,6272,1
14,2013-12-06,7142,1
15,2013-12-06,7045,1
16,2013-12-06,9005,1
17,2013-12-06,6388,1
18,2013-12-06,7361,1
19,2013-12-06,7973,1
20,2013-12-06,7389,1
21,2013-12-06,6245,1
22,2013-12-06,5358,1
23,2013-12-06,3896,1
24,2013-12-06,11406,1
25,2013-12-06,12899,1
26,2013-12-06,6269,1
27,2013-12-06,10605,1
28,2013-12-06,5656,1
29,2013-12-06,7595,1
30,2013-12-06,5256,1
31,2013-12-06,6340,1
32,2013-12-06,4218,1
33,2013-12-06,8395,1
34,2013-12-06,8117,1
35,2013-12-06,10245,1
36,2013-12-06,10684,1
37,2013-12-06,6898,1
38,2013-12-06,5113,1
39,2013-12-06,5449,1
40,2013-12-06,6319,1
41,2013-12-06,4068,1
42,2013-12-06,12305,1
43,2013-12-06,8190,1
44,2013-12-06,5893,1
45,2013-12-06,6662,1
46,2013-12-06,6531,1
47,2013-12-06,6919,1
48,2013-12-06,3952,1
49,2013-12-06,9118,1
50,2013-12-06,5222,1
1,2013-12-05,5691,1
2,2013-12-05,7163,1
3,2013-12-05,7872,1
4,2013-12-05,12178,1
5,2013-12-05,7765,1
6,2013-12-05,9665,1
7,2013-12-05,9398,1
8,2013-12-05,7335,1
9,2013-12-05,6715,1
10,2013-12-05,6293,1
11,2013-12-05,8502,1
12,2013-12-05,9054,1
13,2013-12-05,6598,1
14,2013-12-05,7119,1
15,2013-12-05,7430,1
16,2013-12-05,11124,1
17,2013-12-05,9400,1
18,2013-12-05,9174,1
19,2013-12-05,7944,1
20,2013-12-05,10709,1
21,2013-12-05,7875,1
22,2013-12-05,6453,1
23,2013-12-05,8753,1
24,2013-12-05,12363,1
25,2013-12-05,15179,1
26,2013-12-05,10432,1
27,2013-12-05,10955,1
28,2013-12-05,9558,1
29,2013-12-05,8753,1
30,2013-12-05,7796,1
31,2013-12-05,7465,1
32,2013-12-05,5114,1
33,2013-12-05,10034,1
34,2013-12-05,10610,1
35,2013-12-05,12239,1
36,2013-12-05,11029,1
37,2013-12-05,10685,1
38,2013-12-05,7029,1
39,2013-12-05,5916,1
40,2013-12-05,6253,1
41,2013-12-05,6257,1
42,2013-12-05,12332,1
43,2013-12-05,10474,1
44,2013-12-05,8163,1
45,2013-12-05,7717,1
46,2013-12-05,7372,1
47,2013-12-05,8842,1
48,2013-12-05,5169,1
49,2013-12-05,11456,1
50,2013-12-05,6371,1
1,2013-12-04,5688,1
2,2013-12-04,8202,1
3,2013-12-04,9624,1
4,2013-12-04,10379,1
5,2013-12-04,7284,1
6,2013-12-04,8531,1
7,2013-12-04,11853,1
8,2013-12-04,6884,1
9,2013-12-04,6470,1
10,2013-12-04,5291,1
11,2013-12-04,13963,1
12,2013-12-04,12354,1
13,2013-12-04,6928,1
14,2013-12-04,6936,1
15,2013-12-04,10110,1
16,2013-12-04,9620,1
17,2013-12-04,10307,1
18,2013-12-04,9590,1
19,2013-12-04,8430,1
20,2013-12-04,9219,1
21,2013-12-04,6983,1
22,2013-12-04,5738,1
23,2013-12-04,7456,1
24,2013-12-04,12589,1
25,2013-12-04,13358,1
26,2013-12-04,9888,1
27,2013-12-04,13633,1
28,2013-12-04,7517,1
29,2013-12-04,8976,1
30,2013-12-04,7229,1
31,2013-12-04,8721,1
32,2013-12-04,5718,1
33,2013-12-04,10233,1
34,2013-12-04,9914,1
35,2013-12-04,11870,1
36,2013-12-04,9728,1
37,2013-12-04,9722,1
38,2013-12-04,6956,1
39,2013-12-04,7102,1
40,2013-12-04,6530,1
41,2013-12-04,7054,1
42,2013-12-04,14403,1
43,2013-12-04,9037,1
44,2013-12-04,7236,1
45,2013-12-04,6810,1
46,2013-12-04,6562,1
47,2013-12-04,10464,1
48,2013-12-04,5592,1
49,2013-12-04,10228,1
50,2013-12-04,5628,1
1,2013-12-03,6293,1
2,2013-12-03,8137,1
3,2013-12-03,10485,1
4,2013-12-03,12080,1
5,2013-12-03,7663,1
6,2013-12-03,9182,1
7,2013-12-03,12132,1
8,2013-12-03,8255,1
9,2013-12-03,7711,1
10,2013-12-03,7223,1
11,2013-12-03,13827,1
12,2013-12-03,11692,1
13,2013-12-03,6688,1
14,2013-12-03,8318,1
15,2013-12-03,10434,1
16,2013-12-03,10667,1
17,2013-12-03,10769,1
18,2013-12-03,9163,1
19,2013-12-03,8534,1
20,2013-12-03,10535,1
21,2013-12-03,8318,1
22,2013-12-03,6811,1
23,2013-12-03,8071,1
24,2013-12-03,13609,1
25,2013-12-03,16531,1
26,2013-12-03,9174,1
27,2013-12-03,15206,1
28,2013-12-03,9409,1
29,2013-12-03,8943,1
30,2013-12-03,9208,1
31,2013-12-03,8478,1
32,2013-12-03,5832,1
33,2013-12-03,10681,1
34,2013-12-03,10457,1
35,2013-12-03,12467,1
36,2013-12-03,10806,1
37,2013-12-03,9788,1
38,2013-12-03,7308,1
39,2013-12-03,8147,1
40,2013-12-03,7868,1
41,2013-12-03,7261,1
42,2013-12-03,14266,1
43,2013-12-03,10277,1
44,2013-12-03,8541,1
45,2013-12-03,6762,1
46,2013-12-03,7546,1
47,2013-12-03,10502,1
48,2013-12-03,5390,1
49,2013-12-03,10289,1
50,2013-12-03,5517,1
1,2013-12-02,6943,1
2,2013-12-02,8836,1
3,2013-12-02,12144,1
4,2013-12-02,14106,1
5,2013-12-02,9761,1
6,2013-12-02,10992,1
7,2013-12-02,15705,1
8,2013-12-02,9550,1
9,2013-12-02,8623,1
10,2013-12-02,8101,1
11,2013-12-02,16727,1
12,2013-12-02,13749,1
13,2013-12-02,9071,1
14,2013-12-02,8612,1
15,2013-12-02,11499,1
16,2013-12-02,11992,1
17,2013-12-02,13442,1
18,2013-12-02,11172,1
19,2013-12-02,10409,1
20,2013-12-02,10580,1
21,2013-12-02,10063,1
22,2013-12-02,7428,1
23,2013-12-02,10222,1
24,2013-12-02,16894,1
25,2013-12-02,18437,1
26,2013-12-02,12406,1
27,2013-12-02,16869,1
28,2013-12-02,12968,1
29,2013-12-02,12623,1
30,2013-12-02,10168,1
31,2013-12-02,8829,1
32,2013-12-02,6858,1
33,2013-12-02,12917,1
34,2013-12-02,13001,1
35,2013-12-02,15435,1
36,2013-12-02,13621,1
37,2013-12-02,10753,1
38,2013-12-02,9777,1
39,2013-12-02,10553,1
40,2013-12-02,8813,1
41,2013-12-02,8928,1
42,2013-12-02,16365,1
43,2013-12-02,12249,1
44,2013-12-02,11107,1
45,2013-12-02,8303,1
46,2013-12-02,9547,1
47,2013-12-02,11677,1
48,2013-12-02,6547,1
49,2013-12-02,11387,1
50,2013-12-02,6831,1
1,2013-11-30,6373,1
2,2013-11-30,3343,1
3,2013-11-30,6960,1
4,2013-11-30,13394,1
5,2013-11-30,2704,1
6,2013-11-30,5335,1
7,2013-11-30,8442,1
8,2013-11-30,4069,1
9,2013-11-30,8052,1
10,2013-11-30,6766,1
11,2013-11-30,11865,1
12,2013-11-30,10036,1
13,2013-11-30,6276,1
14,2013-11-30,4084,1
15,2013-11-30,7615,1
16,2013-11-30,7240,1
17,2013-11-30,3999,1
18,2013-11-30,5318,1
19,2013-11-30,6351,1
20,2013-11-30,6561,1
21,2013-11-30,5665,1
22,2013-11-30,4814,1
23,2013-11-30,6256,1
24,2013-11-30,9771,1
25,2013-11-30,12342,1
26,2013-11-30,6462,1
27,2013-11-30,11444,1
28,2013-11-30,3455,1
29,2013-11-30,9569,1
30,2013-11-30,5987,1
31,2013-11-30,7945,1
32,2013-11-30,2774,1
33,2013-11-30,10535,1
34,2013-11-30,9137,1
35,2013-11-30,8616,1
36,2013-11-30,11876,1
37,2013-11-30,10824,1
38,2013-11-30,6908,1
39,2013-11-30,3764,1
40,2013-11-30,8781,1
41,2013-11-30,5840,1
42,2013-11-30,10742,1
43,2013-11-30,6125,1
44,2013-11-30,5313,1
45,2013-11-30,6999,1
46,2013-11-30,5791,1
47,2013-11-30,7670,1
48,2013-11-30,4393,1
49,2013-11-30,9309,1
50,2013-11-30,5122,1
1,2013-11-29,5623,1
2,2013-11-29,5027,1
3,2013-11-29,7152,1
4,2013-11-29,11390,1
5,2013-11-29,6158,1
6,2013-11-29,8364,1
7,2013-11-29,10301,1
8,2013-11-29,5032,1
9,2013-11-29,5741,1
10,2013-11-29,5948,1
11,2013-11-29,12175,1
12,2013-11-29,8127,1
13,2013-11-29,4694,1
14,2013-11-29,6234,1
15,2013-11-29,8256,1
16,2013-11-29,8969,1
17,2013-11-29,7707,1
18,2013-11-29,8011,1
19,2013-11-29,8844,1
20,2013-11-29,8367,1
21,2013-11-29,4987,1
22,2013-11-29,6215,1
23,2013-11-29,6403,1
24,2013-11-29,11738,1
25,2013-11-29,14372,1
26,2013-11-29,7108,1
27,2013-11-29,10573,1
28,2013-11-29,6330,1
29,2013-11-29,6330,1
30,2013-11-29,5433,1
31,2013-11-29,7457,1
32,2013-11-29,4126,1
33,2013-11-29,9811,1
34,2013-11-29,9313,1
35,2013-11-29,10842,1
36,2013-11-29,10354,1
37,2013-11-29,8819,1
38,2013-11-29,6024,1
39,2013-11-29,4665,1
40,2013-11-29,6174,1
41,2013-11-29,5762,1
42,2013-11-29,11860,1
43,2013-11-29,7442,1
44,2013-11-29,5466,1
45,2013-11-29,5932,1
46,2013-11-29,4834,1
47,2013-11-29,8122,1
48,2013-11-29,4310,1
49,2013-11-29,7737,1
50,2013-11-29,4464,1
1,2013-11-28,4614,1
2,2013-11-28,5149,1
3,2013-11-28,6096,1
4,2013-11-28,7875,1
5,2013-11-28,4676,1
6,2013-11-28,6728,1
7,2013-11-28,8860,1
8,2013-11-28,5797,1
9,2013-11-28,6264,1
10,2013-11-28,5422,1
11,2013-11-28,10894,1
12,2013-11-28,8533,1
13,2013-11-28,3666,1
14,2013-11-28,4958,1
15,2013-11-28,7626,1
16,2013-11-28,7647,1
17,2013-11-28,5439,1
18,2013-11-28,6233,1
19,2013-11-28,6552,1
20,2013-11-28,8919,1
21,2013-11-28,4080,1
22,2013-11-28,5083,1
23,2013-11-28,4738,1
24,2013-11-28,8261,1
25,2013-11-28,10680,1
26,2013-11-28,5271,1
27,2013-11-28,8108,1
28,2013-11-28,5968,1
29,2013-11-28,5697,1
30,2013-11-28,5518,1
31,2013-11-28,6526,1
32,2013-11-28,3405,1
33,2013-11-28,7305,1
34,2013-11-28,6979,1
35,2013-11-28,7887,1
36,2013-11-28,8648,1
37,2013-11-28,7829,1
38,2013-11-28,4324,1
39,2013-11-28,4342,1
40,2013-11-28,4963,1
41,2013-11-28,3932,1
42,2013-11-28,9919,1
43,2013-11-28,6261,1
44,2013-11-28,4514,1
45,2013-11-28,4800,1
46,2013-11-28,4236,1
47,2013-11-28,7164,1
48,2013-11-28,4198,1
49,2013-11-28,6744,1
50,2013-11-28,3331,1
1,2013-11-27,4561,1
2,2013-11-27,5498,1
3,2013-11-27,5942,1
4,2013-11-27,7809,1
5,2013-11-27,5128,1
6,2013-11-27,6467,1
7,2013-11-27,6783,1
8,2013-11-27,4533,1
9,2013-11-27,4971,1
10,2013-11-27,5496,1
11,2013-11-27,10001,1
12,2013-11-27,7964,1
13,2013-11-27,3603,1
14,2013-11-27,5474,1
15,2013-11-27,6401,1
16,2013-11-27,7285,1
17,2013-11-27,5711,1
18,2013-11-27,5623,1
19,2013-11-27,6633,1
20,2013-11-27,7999,1
21,2013-11-27,3244,1
22,2013-11-27,4175,1
23,2013-11-27,4641,1
24,2013-11-27,8329,1
25,2013-11-27,9290,1
26,2013-11-27,4325,1
27,2013-11-27,7420,1
28,2013-11-27,4927,1
29,2013-11-27,5199,1
30,2013-11-27,4823,1
31,2013-11-27,4718,1
32,2013-11-27,3460,1
33,2013-11-27,7239,1
34,2013-11-27,6922,1
35,2013-11-27,7415,1
36,2013-11-27,7812,1
37,2013-11-27,4745,1
38,2013-11-27,3408,1
39,2013-11-27,3967,1
40,2013-11-27,4736,1
41,2013-11-27,4748,1
42,2013-11-27,9256,1
43,2013-11-27,7154,1
44,2013-11-27,4530,1
45,2013-11-27,4450,1
46,2013-11-27,3571,1
47,2013-11-27,6503,1
48,2013-11-27,3940,1
49,2013-11-27,7095,1
50,2013-11-27,3295,1
1,2013-11-26,4201,1
2,2013-11-26,4303,1
3,2013-11-26,5880,1
4,2013-11-26,7805,1
5,2013-11-26,4597,1
6,2013-11-26,6186,1
7,2013-11-26,8696,1
8,2013-11-26,4714,1
9,2013-11-26,5053,1
10,2013-11-26,5033,1
11,2013-11-26,9657,1
12,2013-11-26,7375,1
13,2013-11-26,2802,1
14,2013-11-26,4551,1
15,2013-11-26,5772,1
16,2013-11-26,7516,1
17,2013-11-26,6228,1
18,2013-11-26,5795,1
19,2013-11-26,5725,1
20,2013-11-26,7892,1
21,2013-11-26,3586,1
22,2013-11-26,4263,1
23,2013-11-26,4004,1
24,2013-11-26,7550,1
25,2013-11-26,9581,1
26,2013-11-26,4550,1
27,2013-11-26,8059,1
28,2013-11-26,5158,1
29,2013-11-26,5120,1
30,2013-11-26,5297,1
31,2013-11-26,5529,1
32,2013-11-26,3398,1
33,2013-11-26,6214,1
34,2013-11-26,7511,1
35,2013-11-26,7504,1
36,2013-11-26,8690,1
37,2013-11-26,5265,1
38,2013-11-26,3457,1
39,2013-11-26,3714,1
40,2013-11-26,5521,1
41,2013-11-26,4040,1
42,2013-11-26,10322,1
43,2013-11-26,6134,1
44,2013-11-26,5001,1
45,2013-11-26,3963,1
46,2013-11-26,3613,1
47,2013-11-26,7191,1
48,2013-11-26,4522,1
49,2013-11-26,6325,1
50,2013-11-26,3348,1
1,2013-11-25,4600,1
2,2013-11-25,4669,1
3,2013-11-25,5968,1
4,2013-11-25,8569,1
5,2013-11-25,4597,1
6,2013-11-25,7101,1
7,2013-11-25,9950,1
8,2013-11-25,5028,1
9,2013-11-25,5004,1
10,2013-11-25,5735,1
11,2013-11-25,10307,1
12,2013-11-25,8322,1
13,2013-11-25,3471,1
14,2013-11-25,5179,1
15,2013-11-25,6932,1
16,2013-11-25,8621,1
17,2013-11-25,5963,1
18,2013-11-25,6685,1
19,2013-11-25,6477,1
20,2013-11-25,8649,1
21,2013-11-25,4445,1
22,2013-11-25,4434,1
23,2013-11-25,3976,1
24,2013-11-25,9293,1
25,2013-11-25,10446,1
26,2013-11-25,4985,1
27,2013-11-25,7153,1
28,2013-11-25,5016,1
29,2013-11-25,7140,1
30,2013-11-25,4943,1
31,2013-11-25,5708,1
32,2013-11-25,4303,1
33,2013-11-25,7011,1
34,2013-11-25,7282,1
35,2013-11-25,9178,1
36,2013-11-25,9082,1
37,2013-11-25,5025,1
38,2013-11-25,4525,1
39,2013-11-25,3577,1
40,2013-11-25,4972,1
41,2013-11-25,5839,1
42,2013-11-25,9929,1
43,2013-11-25,6554,1
44,2013-11-25,4832,1
45,2013-11-25,4148,1
46,2013-11-25,4242,1
47,2013-11-25,7603,1
48,2013-11-25,4173,1
49,2013-11-25,7214,1
50,2013-11-25,3156,1
1,2013-11-23,5297,1
2,2013-11-23,2965,1
3,2013-11-23,4109,1
4,2013-11-23,9394,1
5,2013-11-23,2075,1
6,2013-11-23,4432,1
7,2013-11-23,5610,1
8,2013-11-23,3077,1
9,2013-11-23,5507,1
10,2013-11-23,4489,1
11,2013-11-23,7086,1
12,2013-11-23,6832,1
13,2013-11-23,4515,1
14,2013-11-23,3661,1
15,2013-11-23,5503,1
16,2013-11-23,5100,1
17,2013-11-23,2898,1
18,2013-11-23,3788,1
19,2013-11-23,3717,1
20,2013-11-23,4494,1
21,2013-11-23,4953,1
22,2013-11-23,3242,1
23,2013-11-23,4048,1
24,2013-11-23,6823,1
25,2013-11-23,8470,1
26,2013-11-23,6337,1
27,2013-11-23,7646,1
28,2013-11-23,2880,1
29,2013-11-23,6556,1
30,2013-11-23,5622,1
31,2013-11-23,5627,1
32,2013-11-23,1965,1
33,2013-11-23,8583,1
34,2013-11-23,7141,1
35,2013-11-23,7704,1
36,2013-11-23,8842,1
37,2013-11-23,8500,1
38,2013-11-23,6286,1
39,2013-11-23,2661,1
40,2013-11-23,7028,1
41,2013-11-23,5085,1
42,2013-11-23,9329,1
43,2013-11-23,4359,1
44,2013-11-23,4004,1
45,2013-11-23,5225,1
46,2013-11-23,4904,1
47,2013-11-23,5607,1
48,2013-11-23,3454,1
49,2013-11-23,7145,1
50,2013-11-23,3731,1
1,2013-11-22,5058,1
2,2013-11-22,4474,1
3,2013-11-22,7697,1
4,2013-11-22,9071,1
5,2013-11-22,6198,1
6,2013-11-22,8195,1
7,2013-11-22,9642,1
8,2013-11-22,4925,1
9,2013-11-22,5949,1
10,2013-11-22,5675,1
11,2013-11-22,8623,1
12,2013-11-22,8257,1
13,2013-11-22,5885,1
14,2013-11-22,5911,1
15,2013-11-22,7309,1
16,2013-11-22,8475,1
17,2013-11-22,6695,1
18,2013-11-22,6718,1
19,2013-11-22,6553,1
20,2013-11-22,7740,1
21,2013-11-22,6426,1
22,2013-11-22,5503,1
23,2013-11-22,6962,1
24,2013-11-22,9199,1
25,2013-11-22,11307,1
26,2013-11-22,7351,1
27,2013-11-22,10040,1
28,2013-11-22,6489,1
29,2013-11-22,6200,1
30,2013-11-22,5027,1
31,2013-11-22,6735,1
32,2013-11-22,4250,1
33,2013-11-22,8231,1
34,2013-11-22,7935,1
35,2013-11-22,10560,1
36,2013-11-22,8328,1
37,2013-11-22,9538,1
38,2013-11-22,6519,1
39,2013-11-22,5019,1
40,2013-11-22,5414,1
41,2013-11-22,5367,1
42,2013-11-22,10432,1
43,2013-11-22,7924,1
44,2013-11-22,5772,1
45,2013-11-22,5224,1
46,2013-11-22,5545,1
47,2013-11-22,6481,1
48,2013-11-22,4334,1
49,2013-11-22,6962,1
50,2013-11-22,4254,1
1,2013-11-21,4623,1
2,2013-11-21,5397,1
3,2013-11-21,7630,1
4,2013-11-21,9256,1
5,2013-11-21,6641,1
6,2013-11-21,8754,1
7,2013-11-21,8852,1
8,2013-11-21,6341,1
9,2013-11-21,5834,1
10,2013-11-21,5514,1
11,2013-11-21,9180,1
12,2013-11-21,7746,1
13,2013-11-21,5316,1
14,2013-11-21,5846,1
15,2013-11-21,7041,1
16,2013-11-21,7385,1
17,2013-11-21,6955,1
18,2013-11-21,7175,1
19,2013-11-21,5970,1
20,2013-11-21,8950,1
21,2013-11-21,5540,1
22,2013-11-21,4556,1
23,2013-11-21,5913,1
24,2013-11-21,8745,1
25,2013-11-21,11479,1
26,2013-11-21,7496,1
27,2013-11-21,9557,1
28,2013-11-21,6439,1
29,2013-11-21,6319,1
30,2013-11-21,6293,1
31,2013-11-21,5836,1
32,2013-11-21,4660,1
33,2013-11-21,8097,1
34,2013-11-21,7668,1
35,2013-11-21,9720,1
36,2013-11-21,8514,1
37,2013-11-21,9313,1
38,2013-11-21,5595,1
39,2013-11-21,4648,1
40,2013-11-21,5094,1
41,2013-11-21,4645,1
42,2013-11-21,9900,1
43,2013-11-21,7715,1
44,2013-11-21,6249,1
45,2013-11-21,5050,1
46,2013-11-21,5961,1
47,2013-11-21,6980,1
48,2013-11-21,4766,1
49,2013-11-21,6328,1
50,2013-11-21,3506,1
1,2013-11-20,4936,1
2,2013-11-20,6390,1
3,2013-11-20,8573,1
4,2013-11-20,9280,1
7,2013-11-20,8531,1
8,2013-11-20,6195,1
9,2013-11-20,6310,1
10,2013-11-20,5630,1
11,2013-11-20,9867,1
12,2013-11-20,9193,1
13,2013-11-20,5223,1
14,2013-11-20,6457,1
15,2013-11-20,6447,1
16,2013-11-20,7931,1
17,2013-11-20,7074,1
18,2013-11-20,7881,1
19,2013-11-20,6614,1
20,2013-11-20,8619,1
21,2013-11-20,5851,1
22,2013-11-20,4592,1
23,2013-11-20,6006,1
24,2013-11-20,10205,1
25,2013-11-20,11980,1
26,2013-11-20,5746,1
27,2013-11-20,10108,1
28,2013-11-20,5051,1
29,2013-11-20,6454,1
30,2013-11-20,6364,1
31,2013-11-20,5837,1
32,2013-11-20,4876,1
33,2013-11-20,8550,1
34,2013-11-20,8062,1
35,2013-11-20,9342,1
36,2013-11-20,8449,1
37,2013-11-20,7389,1
38,2013-11-20,6044,1
39,2013-11-20,5321,1
40,2013-11-20,5418,1
41,2013-11-20,5673,1
42,2013-11-20,12235,1
43,2013-11-20,8176,1
44,2013-11-20,5281,1
45,2013-11-20,5109,1
46,2013-11-20,5495,1
47,2013-11-20,8201,1
48,2013-11-20,4784,1
49,2013-11-20,7410,1
50,2013-11-20,3696,1
1,2013-11-19,5143,1
2,2013-11-19,6016,1
3,2013-11-19,8865,1
4,2013-11-19,9133,1
5,2013-11-19,7632,1
6,2013-11-19,9154,1
7,2013-11-19,10974,1
8,2013-11-19,6779,1
9,2013-11-19,6914,1
10,2013-11-19,6130,1
11,2013-11-19,10645,1
12,2013-11-19,9397,1
13,2013-11-19,6385,1
14,2013-11-19,6791,1
15,2013-11-19,7190,1
16,2013-11-19,8522,1
17,2013-11-19,9592,1
18,2013-11-19,7901,1
19,2013-11-19,7471,1
20,2013-11-19,9236,1
21,2013-11-19,6500,1
22,2013-11-19,5724,1
23,2013-11-19,6607,1
24,2013-11-19,10871,1
25,2013-11-19,12818,1
26,2013-11-19,7759,1
27,2013-11-19,12505,1
28,2013-11-19,7692,1
29,2013-11-19,7579,1
30,2013-11-19,7369,1
31,2013-11-19,6307,1
32,2013-11-19,5446,1
33,2013-11-19,9191,1
34,2013-11-19,8086,1
35,2013-11-19,10220,1
36,2013-11-19,8500,1
37,2013-11-19,7806,1
38,2013-11-19,6077,1
39,2013-11-19,6239,1
40,2013-11-19,5634,1
41,2013-11-19,5449,1
42,2013-11-19,11040,1
43,2013-11-19,7278,1
44,2013-11-19,6552,1
45,2013-11-19,4867,1
46,2013-11-19,6481,1
47,2013-11-19,7700,1
48,2013-11-19,4862,1
49,2013-11-19,6812,1
50,2013-11-19,4619,1
1,2013-11-18,5927,1
2,2013-11-18,7435,1
3,2013-11-18,9719,1
4,2013-11-18,11331,1
5,2013-11-18,8022,1
6,2013-11-18,8478,1
7,2013-11-18,11140,1
8,2013-11-18,7831,1
9,2013-11-18,8200,1
10,2013-11-18,7573,1
11,2013-11-18,10499,1
12,2013-11-18,10535,1
13,2013-11-18,6787,1
14,2013-11-18,7987,1
15,2013-11-18,8348,1
16,2013-11-18,10169,1
17,2013-11-18,10393,1
18,2013-11-18,10332,1
19,2013-11-18,9142,1
20,2013-11-18,10478,1
21,2013-11-18,7931,1
22,2013-11-18,5560,1
23,2013-11-18,8262,1
24,2013-11-18,12941,1
25,2013-11-18,14138,1
26,2013-11-18,10632,1
27,2013-11-18,13282,1
28,2013-11-18,9816,1
29,2013-11-18,11217,1
30,2013-11-18,7665,1
31,2013-11-18,7834,1
32,2013-11-18,6201,1
33,2013-11-18,10725,1
34,2013-11-18,10274,1
35,2013-11-18,13610,1
36,2013-11-18,12111,1
37,2013-11-18,10610,1
38,2013-11-18,8971,1
39,2013-11-18,7313,1
40,2013-11-18,6377,1
41,2013-11-18,6120,1
42,2013-11-18,13616,1
43,2013-11-18,10164,1
44,2013-11-18,8532,1
45,2013-11-18,6725,1
46,2013-11-18,8721,1
47,2013-11-18,9008,1
48,2013-11-18,5368,1
49,2013-11-18,8934,1
50,2013-11-18,5579,1
1,2013-11-16,5071,1
2,2013-11-16,2829,1
3,2013-11-16,3893,1
4,2013-11-16,10157,1
5,2013-11-16,1925,1
6,2013-11-16,4294,1
7,2013-11-16,5693,1
8,2013-11-16,2523,1
9,2013-11-16,5304,1
10,2013-11-16,5092,1
11,2013-11-16,7107,1
12,2013-11-16,6971,1
13,2013-11-16,4526,1
14,2013-11-16,3570,1
15,2013-11-16,4155,1
16,2013-11-16,5804,1
17,2013-11-16,2712,1
18,2013-11-16,4458,1
19,2013-11-16,3521,1
20,2013-11-16,5062,1
21,2013-11-16,4845,1
22,2013-11-16,3480,1
23,2013-11-16,4866,1
24,2013-11-16,7444,1
25,2013-11-16,9246,1
26,2013-11-16,6067,1
27,2013-11-16,8037,1
28,2013-11-16,2799,1
29,2013-11-16,5664,1
30,2013-11-16,5330,1
31,2013-11-16,5964,1
32,2013-11-16,2537,1
33,2013-11-16,7948,1
34,2013-11-16,6916,1
35,2013-11-16,7420,1
36,2013-11-16,9612,1
37,2013-11-16,8311,1
38,2013-11-16,6057,1
39,2013-11-16,2961,1
40,2013-11-16,5492,1
41,2013-11-16,4874,1
42,2013-11-16,8591,1
43,2013-11-16,4185,1
44,2013-11-16,4309,1
45,2013-11-16,5300,1
46,2013-11-16,5739,1
47,2013-11-16,4817,1
48,2013-11-16,3254,1
49,2013-11-16,6871,1
50,2013-11-16,4196,1
1,2013-11-15,4016,1
2,2013-11-15,4042,1
3,2013-11-15,5919,1
4,2013-11-15,7627,1
5,2013-11-15,4613,1
6,2013-11-15,6425,1
7,2013-11-15,7373,1
8,2013-11-15,4319,1
9,2013-11-15,5074,1
10,2013-11-15,5010,1
11,2013-11-15,7343,1
12,2013-11-15,5800,1
13,2013-11-15,4169,1
14,2013-11-15,4868,1
15,2013-11-15,6173,1
16,2013-11-15,6805,1
17,2013-11-15,5397,1
18,2013-11-15,6076,1
19,2013-11-15,5467,1
20,2013-11-15,6318,1
21,2013-11-15,3613,1
22,2013-11-15,4423,1
23,2013-11-15,5347,1
24,2013-11-15,7730,1
25,2013-11-15,9786,1
26,2013-11-15,6038,1
27,2013-11-15,7547,1
28,2013-11-15,5105,1
29,2013-11-15,5655,1
30,2013-11-15,4951,1
31,2013-11-15,5311,1
32,2013-11-15,2854,1
33,2013-11-15,6887,1
34,2013-11-15,6363,1
35,2013-11-15,7338,1
36,2013-11-15,8332,1
37,2013-11-15,6354,1
38,2013-11-15,4258,1
39,2013-11-15,3933,1
40,2013-11-15,3652,1
41,2013-11-15,4924,1
42,2013-11-15,7906,1
43,2013-11-15,5646,1
44,2013-11-15,4800,1
45,2013-11-15,4393,1
46,2013-11-15,3906,1
47,2013-11-15,5637,1
48,2013-11-15,3782,1
49,2013-11-15,6141,1
50,2013-11-15,3682,1
1,2013-11-14,3795,1
2,2013-11-14,4388,1
3,2013-11-14,5240,1
4,2013-11-14,6856,1
5,2013-11-14,4086,1
6,2013-11-14,5595,1
7,2013-11-14,6974,1
8,2013-11-14,5046,1
9,2013-11-14,5065,1
10,2013-11-14,4569,1
11,2013-11-14,6886,1
12,2013-11-14,6165,1
13,2013-11-14,3092,1
14,2013-11-14,5093,1
15,2013-11-14,5569,1
16,2013-11-14,6189,1
17,2013-11-14,5384,1
18,2013-11-14,4874,1
19,2013-11-14,4934,1
20,2013-11-14,7388,1
21,2013-11-14,3336,1
22,2013-11-14,3841,1
23,2013-11-14,4598,1
24,2013-11-14,6894,1
25,2013-11-14,9923,1
26,2013-11-14,4904,1
27,2013-11-14,7224,1
28,2013-11-14,4772,1
29,2013-11-14,4402,1
30,2013-11-14,5042,1
31,2013-11-14,4509,1
32,2013-11-14,3209,1
33,2013-11-14,6281,1
34,2013-11-14,6573,1
35,2013-11-14,6490,1
36,2013-11-14,8358,1
37,2013-11-14,5638,1
38,2013-11-14,3999,1
39,2013-11-14,3442,1
40,2013-11-14,3880,1
41,2013-11-14,4406,1
42,2013-11-14,7603,1
43,2013-11-14,5327,1
44,2013-11-14,4707,1
45,2013-11-14,3545,1
46,2013-11-14,3679,1
47,2013-11-14,5726,1
48,2013-11-14,3932,1
49,2013-11-14,4452,1
50,2013-11-14,3159,1
1,2013-11-13,3310,1
2,2013-11-13,4980,1
3,2013-11-13,5530,1
4,2013-11-13,7263,1
5,2013-11-13,4319,1
6,2013-11-13,5775,1
7,2013-11-13,7529,1
8,2013-11-13,4248,1
9,2013-11-13,4870,1
10,2013-11-13,4601,1
11,2013-11-13,8109,1
12,2013-11-13,6113,1
13,2013-11-13,3902,1
14,2013-11-13,4303,1
15,2013-11-13,4762,1
16,2013-11-13,5809,1
17,2013-11-13,5612,1
18,2013-11-13,5484,1
19,2013-11-13,4781,1
20,2013-11-13,6608,1
21,2013-11-13,3381,1
22,2013-11-13,3473,1
23,2013-11-13,4047,1
24,2013-11-13,6595,1
25,2013-11-13,8889,1
26,2013-11-13,4134,1
27,2013-11-13,7151,1
28,2013-11-13,4624,1
29,2013-11-13,4699,1
30,2013-11-13,4619,1
31,2013-11-13,4217,1
32,2013-11-13,3110,1
33,2013-11-13,6102,1
34,2013-11-13,6891,1
35,2013-11-13,6260,1
36,2013-11-13,6630,1
37,2013-11-13,4903,1
38,2013-11-13,3287,1
39,2013-11-13,3700,1
40,2013-11-13,4133,1
41,2013-11-13,3928,1
42,2013-11-13,8988,1
43,2013-11-13,5097,1
44,2013-11-13,4404,1
45,2013-11-13,3268,1
46,2013-11-13,3646,1
47,2013-11-13,5489,1
48,2013-11-13,3879,1
49,2013-11-13,5217,1
50,2013-11-13,2596,1
1,2013-11-12,4017,1
2,2013-11-12,4116,1
3,2013-11-12,5267,1
4,2013-11-12,7179,1
5,2013-11-12,3920,1
6,2013-11-12,5977,1
7,2013-11-12,6477,1
8,2013-11-12,4276,1
9,2013-11-12,4361,1
10,2013-11-12,4209,1
11,2013-11-12,6225,1
12,2013-11-12,5628,1
13,2013-11-12,3712,1
14,2013-11-12,4660,1
15,2013-11-12,5470,1
16,2013-11-12,7418,1
17,2013-11-12,5691,1
18,2013-11-12,5097,1
19,2013-11-12,5305,1
20,2013-11-12,7609,1
21,2013-11-12,3029,1
22,2013-11-12,3810,1
23,2013-11-12,3951,1
24,2013-11-12,7082,1
25,2013-11-12,9111,1
26,2013-11-12,4212,1
27,2013-11-12,7331,1
28,2013-11-12,4539,1
29,2013-11-12,5719,1
30,2013-11-12,4758,1
31,2013-11-12,4071,1
32,2013-11-12,3544,1
33,2013-11-12,5868,1
34,2013-11-12,6396,1
35,2013-11-12,6311,1
36,2013-11-12,7350,1
37,2013-11-12,4857,1
38,2013-11-12,3547,1
39,2013-11-12,3681,1
40,2013-11-12,3743,1
41,2013-11-12,3439,1
42,2013-11-12,7023,1
43,2013-11-12,5703,1
44,2013-11-12,4357,1
45,2013-11-12,3437,1
46,2013-11-12,3590,1
47,2013-11-12,5354,1
48,2013-11-12,3599,1
49,2013-11-12,5113,1
50,2013-11-12,3061,1
1,2013-11-11,4014,1
2,2013-11-11,4017,1
3,2013-11-11,5084,1
4,2013-11-11,8241,1
5,2013-11-11,3866,1
6,2013-11-11,6546,1
7,2013-11-11,7930,1
8,2013-11-11,4507,1
9,2013-11-11,5273,1
10,2013-11-11,5022,1
11,2013-11-11,7827,1
12,2013-11-11,6452,1
13,2013-11-11,3075,1
14,2013-11-11,4866,1
15,2013-11-11,5027,1
16,2013-11-11,6616,1
17,2013-11-11,5633,1
18,2013-11-11,5477,1
19,2013-11-11,5326,1
20,2013-11-11,8487,1
21,2013-11-11,4250,1
22,2013-11-11,3716,1
23,2013-11-11,4102,1
24,2013-11-11,7766,1
25,2013-11-11,10277,1
26,2013-11-11,4579,1
27,2013-11-11,6933,1
28,2013-11-11,4897,1
29,2013-11-11,4876,1
30,2013-11-11,4192,1
31,2013-11-11,4156,1
32,2013-11-11,3758,1
33,2013-11-11,6290,1
34,2013-11-11,7111,1
35,2013-11-11,6603,1
36,2013-11-11,8789,1
37,2013-11-11,4467,1
38,2013-11-11,4327,1
39,2013-11-11,4182,1
40,2013-11-11,5611,1
41,2013-11-11,3882,1
42,2013-11-11,7810,1
43,2013-11-11,5846,1
44,2013-11-11,4908,1
45,2013-11-11,3614,1
46,2013-11-11,3507,1
47,2013-11-11,6220,1
48,2013-11-11,3663,1
49,2013-11-11,5796,1
50,2013-11-11,3151,1
1,2013-11-09,4681,1
2,2013-11-09,3145,1
3,2013-11-09,4305,1
4,2013-11-09,10373,1
5,2013-11-09,1974,1
6,2013-11-09,4284,1
7,2013-11-09,4664,1
8,2013-11-09,2474,1
9,2013-11-09,6122,1
10,2013-11-09,4557,1
11,2013-11-09,4961,1
12,2013-11-09,5873,1
13,2013-11-09,4559,1
14,2013-11-09,4002,1
15,2013-11-09,5652,1
16,2013-11-09,5648,1
17,2013-11-09,3094,1
18,2013-11-09,4807,1
19,2013-11-09,4222,1
20,2013-11-09,4994,1
21,2013-11-09,4649,1
22,2013-11-09,3396,1
23,2013-11-09,4923,1
24,2013-11-09,7401,1
25,2013-11-09,9062,1
26,2013-11-09,6127,1
27,2013-11-09,7076,1
28,2013-11-09,2556,1
29,2013-11-09,6727,1
30,2013-11-09,5580,1
31,2013-11-09,4990,1
32,2013-11-09,1945,1
33,2013-11-09,8338,1
34,2013-11-09,7404,1
35,2013-11-09,7309,1
36,2013-11-09,9053,1
37,2013-11-09,8614,1
38,2013-11-09,5330,1
39,2013-11-09,3136,1
40,2013-11-09,6021,1
41,2013-11-09,5377,1
42,2013-11-09,9179,1
43,2013-11-09,4465,1
44,2013-11-09,3990,1
45,2013-11-09,5947,1
46,2013-11-09,5136,1
47,2013-11-09,5229,1
48,2013-11-09,2914,1
49,2013-11-09,6719,1
50,2013-11-09,4218,1
1,2013-11-08,5242,1
2,2013-11-08,5441,1
3,2013-11-08,7958,1
4,2013-11-08,9997,1
5,2013-11-08,4725,1
6,2013-11-08,6908,1
7,2013-11-08,9374,1
8,2013-11-08,5547,1
9,2013-11-08,6853,1
10,2013-11-08,5925,1
11,2013-11-08,8505,1
12,2013-11-08,8626,1
13,2013-11-08,6646,1
14,2013-11-08,6849,1
15,2013-11-08,7378,1
16,2013-11-08,7764,1
17,2013-11-08,7129,1
18,2013-11-08,7380,1
19,2013-11-08,7700,1
20,2013-11-08,7282,1
21,2013-11-08,5561,1
22,2013-11-08,4945,1
23,2013-11-08,6388,1
24,2013-11-08,10425,1
25,2013-11-08,11682,1
26,2013-11-08,7196,1
27,2013-11-08,10177,1
28,2013-11-08,6156,1
29,2013-11-08,7581,1
30,2013-11-08,5462,1
31,2013-11-08,6676,1
32,2013-11-08,4653,1
33,2013-11-08,9341,1
34,2013-11-08,7441,1
35,2013-11-08,10071,1
36,2013-11-08,10485,1
37,2013-11-08,9032,1
38,2013-11-08,7240,1
39,2013-11-08,5334,1
40,2013-11-08,5553,1
41,2013-11-08,5383,1
42,2013-11-08,11183,1
43,2013-11-08,8099,1
44,2013-11-08,6300,1
45,2013-11-08,5739,1
46,2013-11-08,6013,1
47,2013-11-08,7096,1
48,2013-11-08,5039,1
49,2013-11-08,8145,1
50,2013-11-08,4432,1
1,2013-11-07,5009,1
2,2013-11-07,5570,1
3,2013-11-07,7662,1
4,2013-11-07,8572,1
5,2013-11-07,4987,1
6,2013-11-07,8047,1
7,2013-11-07,8461,1
8,2013-11-07,6685,1
9,2013-11-07,5415,1
10,2013-11-07,5652,1
11,2013-11-07,8915,1
12,2013-11-07,8124,1
13,2013-11-07,5174,1
14,2013-11-07,5449,1
15,2013-11-07,6719,1
16,2013-11-07,7684,1
17,2013-11-07,7592,1
18,2013-11-07,6618,1
19,2013-11-07,5765,1
20,2013-11-07,9577,1
21,2013-11-07,6096,1
22,2013-11-07,4847,1
23,2013-11-07,6408,1
24,2013-11-07,8747,1
25,2013-11-07,12520,1
26,2013-11-07,6870,1
27,2013-11-07,9352,1
28,2013-11-07,5963,1
29,2013-11-07,6856,1
30,2013-11-07,5816,1
31,2013-11-07,6014,1
32,2013-11-07,5017,1
33,2013-11-07,7863,1
34,2013-11-07,7048,1
35,2013-11-07,9270,1
36,2013-11-07,9335,1
37,2013-11-07,8372,1
38,2013-11-07,6043,1
39,2013-11-07,4618,1
40,2013-11-07,4459,1
41,2013-11-07,5313,1
42,2013-11-07,10064,1
43,2013-11-07,7434,1
44,2013-11-07,5861,1
45,2013-11-07,5834,1
46,2013-11-07,5595,1
47,2013-11-07,7008,1
48,2013-11-07,4487,1
49,2013-11-07,6937,1
50,2013-11-07,4927,1
1,2013-11-06,5572,1
2,2013-11-06,6941,1
3,2013-11-06,8378,1
4,2013-11-06,9236,1
5,2013-11-06,6200,1
6,2013-11-06,7451,1
7,2013-11-06,9340,1
8,2013-11-06,5816,1
9,2013-11-06,6075,1
10,2013-11-06,5708,1
11,2013-11-06,9758,1
12,2013-11-06,8682,1
13,2013-11-06,5497,1
14,2013-11-06,6477,1
15,2013-11-06,7297,1
16,2013-11-06,7987,1
17,2013-11-06,7983,1
18,2013-11-06,7409,1
19,2013-11-06,7326,1
20,2013-11-06,7434,1
21,2013-11-06,5895,1
22,2013-11-06,4454,1
23,2013-11-06,5967,1
24,2013-11-06,10394,1
25,2013-11-06,13131,1
26,2013-11-06,7034,1
27,2013-11-06,10939,1
28,2013-11-06,5902,1
29,2013-11-06,7500,1
30,2013-11-06,5443,1
31,2013-11-06,6533,1
32,2013-11-06,4938,1
33,2013-11-06,8771,1
34,2013-11-06,7892,1
35,2013-11-06,10743,1
36,2013-11-06,9712,1
37,2013-11-06,8337,1
38,2013-11-06,6274,1
39,2013-11-06,5654,1
40,2013-11-06,4217,1
41,2013-11-06,5940,1
42,2013-11-06,11304,1
43,2013-11-06,8118,1
44,2013-11-06,6394,1
45,2013-11-06,5639,1
46,2013-11-06,5618,1
47,2013-11-06,7807,1
48,2013-11-06,4764,1
49,2013-11-06,7354,1
50,2013-11-06,4513,1
1,2013-11-05,5348,1
2,2013-11-05,6368,1
3,2013-11-05,10275,1
4,2013-11-05,9616,1
5,2013-11-05,6228,1
6,2013-11-05,8141,1
7,2013-11-05,12011,1
8,2013-11-05,7629,1
9,2013-11-05,7619,1
10,2013-11-05,6824,1
11,2013-11-05,9125,1
12,2013-11-05,10488,1
13,2013-11-05,6291,1
14,2013-11-05,7430,1
15,2013-11-05,7236,1
16,2013-11-05,9557,1
17,2013-11-05,9197,1
18,2013-11-05,7570,1
19,2013-11-05,7635,1
20,2013-11-05,9587,1
21,2013-11-05,6789,1
22,2013-11-05,5833,1
23,2013-11-05,7349,1
24,2013-11-05,12279,1
25,2013-11-05,14578,1
26,2013-11-05,7547,1
27,2013-11-05,11973,1
28,2013-11-05,7869,1
29,2013-11-05,8635,1
30,2013-11-05,7418,1
31,2013-11-05,6155,1
32,2013-11-05,5867,1
33,2013-11-05,9016,1
34,2013-11-05,9348,1
35,2013-11-05,11700,1
36,2013-11-05,9482,1
37,2013-11-05,7850,1
38,2013-11-05,6424,1
39,2013-11-05,6718,1
40,2013-11-05,5477,1
41,2013-11-05,6091,1
42,2013-11-05,11630,1
43,2013-11-05,8722,1
44,2013-11-05,6968,1
45,2013-11-05,6152,1
46,2013-11-05,6339,1
47,2013-11-05,9201,1
48,2013-11-05,6079,1
49,2013-11-05,7580,1
50,2013-11-05,4706,1
1,2013-11-04,5861,1
2,2013-11-04,7930,1
3,2013-11-04,9119,1
4,2013-11-04,10203,1
5,2013-11-04,7030,1
6,2013-11-04,10075,1
7,2013-11-04,9665,1
8,2013-11-04,7156,1
9,2013-11-04,8701,1
10,2013-11-04,6389,1
11,2013-11-04,9579,1
12,2013-11-04,8990,1
13,2013-11-04,7841,1
14,2013-11-04,7120,1
15,2013-11-04,9371,1
16,2013-11-04,10819,1
17,2013-11-04,10108,1
18,2013-11-04,9073,1
19,2013-11-04,9725,1
20,2013-11-04,11019,1
21,2013-11-04,9280,1
22,2013-11-04,6859,1
23,2013-11-04,8977,1
24,2013-11-04,12490,1
25,2013-11-04,15842,1
26,2013-11-04,9168,1
27,2013-11-04,12066,1
28,2013-11-04,9939,1
29,2013-11-04,10733,1
30,2013-11-04,6986,1
31,2013-11-04,8043,1
32,2013-11-04,6583,1
33,2013-11-04,11049,1
34,2013-11-04,9518,1
35,2013-11-04,13886,1
36,2013-11-04,11295,1
37,2013-11-04,9868,1
38,2013-11-04,8576,1
39,2013-11-04,7534,1
40,2013-11-04,5184,1
41,2013-11-04,7339,1
42,2013-11-04,11571,1
43,2013-11-04,10382,1
44,2013-11-04,7589,1
45,2013-11-04,7472,1
46,2013-11-04,9002,1
47,2013-11-04,7631,1
48,2013-11-04,4677,1
49,2013-11-04,10062,1
50,2013-11-04,6807,1
1,2013-11-02,5233,1
2,2013-11-02,2688,1
3,2013-11-02,6359,1
4,2013-11-02,10519,1
5,2013-11-02,2190,1
6,2013-11-02,4420,1
7,2013-11-02,6251,1
8,2013-11-02,2937,1
9,2013-11-02,6643,1
10,2013-11-02,5015,1
11,2013-11-02,6588,1
12,2013-11-02,5973,1
13,2013-11-02,5755,1
14,2013-11-02,4747,1
15,2013-11-02,6144,1
16,2013-11-02,5966,1
17,2013-11-02,3307,1
18,2013-11-02,4486,1
19,2013-11-02,4851,1
20,2013-11-02,6003,1
21,2013-11-02,6129,1
22,2013-11-02,4270,1
23,2013-11-02,6699,1
24,2013-11-02,9963,1
25,2013-11-02,12537,1
26,2013-11-02,5981,1
27,2013-11-02,8612,1
28,2013-11-02,2485,1
29,2013-11-02,8463,1
30,2013-11-02,8050,1
31,2013-11-02,5724,1
32,2013-11-02,2804,1
33,2013-11-02,10224,1
34,2013-11-02,7417,1
35,2013-11-02,9855,1
36,2013-11-02,12028,1
37,2013-11-02,9098,1
38,2013-11-02,7849,1
39,2013-11-02,3676,1
40,2013-11-02,5966,1
41,2013-11-02,6402,1
42,2013-11-02,9993,1
43,2013-11-02,5888,1
44,2013-11-02,3475,1
45,2013-11-02,7533,1
46,2013-11-02,6606,1
47,2013-11-02,4970,1
48,2013-11-02,3314,1
49,2013-11-02,7757,1
50,2013-11-02,5775,1
1,2013-11-01,5471,1
2,2013-11-01,5507,1
4,2013-11-01,8792,1
5,2013-11-01,5076,1
6,2013-11-01,7299,1
7,2013-11-01,8652,1
8,2013-11-01,4724,1
10,2013-11-01,5410,1
11,2013-11-01,7395,1
12,2013-11-01,6745,1
15,2013-11-01,6411,1
17,2013-11-01,6910,1
18,2013-11-01,7400,1
26,2013-11-01,7854,1
28,2013-11-01,5971,1
31,2013-11-01,5716,1
34,2013-11-01,7289,1
37,2013-11-01,9916,1
44,2013-11-01,5159,1
47,2013-11-01,6901,1
48,2013-11-01,4139,1
1,2013-10-31,4035,1
3,2013-10-31,6532,1
4,2013-10-31,9091,1
7,2013-10-31,8646,1
8,2013-10-31,5995,1
9,2013-10-31,6239,1
10,2013-10-31,5093,1
11,2013-10-31,8807,1
12,2013-10-31,7143,1
13,2013-10-31,6156,1
14,2013-10-31,5844,1
15,2013-10-31,6124,1
16,2013-10-31,8364,1
19,2013-10-31,6642,1
20,2013-10-31,8721,1
21,2013-10-31,5231,1
22,2013-10-31,4648,1
23,2013-10-31,5602,1
24,2013-10-31,10745,1
25,2013-10-31,14055,1
27,2013-10-31,9725,1
29,2013-10-31,7098,1
30,2013-10-31,6566,1
31,2013-10-31,5046,1
32,2013-10-31,5312,1
33,2013-10-31,9370,1
34,2013-10-31,7348,1
35,2013-10-31,9926,1
36,2013-10-31,9997,1
38,2013-10-31,5623,1
39,2013-10-31,6363,1
40,2013-10-31,5936,1
41,2013-10-31,4727,1
42,2013-10-31,10213,1
43,2013-10-31,6770,1
44,2013-10-31,4788,1
45,2013-10-31,6086,1
46,2013-10-31,5559,1
47,2013-10-31,7390,1
48,2013-10-31,4206,1
49,2013-10-31,6739,1
50,2013-10-31,4270,1
1,2013-10-30,4119,1
2,2013-10-30,6272,1
3,2013-10-30,5900,1
4,2013-10-30,7800,1
5,2013-10-30,5850,1
6,2013-10-30,7765,1
7,2013-10-30,7816,1
8,2013-10-30,4695,1
9,2013-10-30,4801,1
10,2013-10-30,4877,1
11,2013-10-30,6931,1
12,2013-10-30,6491,1
13,2013-10-30,4346,1
14,2013-10-30,4761,1
15,2013-10-30,5870,1
16,2013-10-30,7016,1
17,2013-10-30,7436,1
18,2013-10-30,7634,1
19,2013-10-30,6107,1
20,2013-10-30,7553,1
21,2013-10-30,4820,1
22,2013-10-30,4212,1
23,2013-10-30,4598,1
24,2013-10-30,8629,1
25,2013-10-30,10114,1
26,2013-10-30,5873,1
27,2013-10-30,7934,1
28,2013-10-30,6003,1
29,2013-10-30,5662,1
30,2013-10-30,5016,1
31,2013-10-30,4986,1
32,2013-10-30,4629,1
33,2013-10-30,7189,1
34,2013-10-30,6485,1
35,2013-10-30,6594,1
36,2013-10-30,8373,1
37,2013-10-30,6758,1
38,2013-10-30,4138,1
39,2013-10-30,4920,1
40,2013-10-30,4927,1
41,2013-10-30,4811,1
42,2013-10-30,8894,1
43,2013-10-30,5731,1
44,2013-10-30,4858,1
45,2013-10-30,3861,1
46,2013-10-30,4622,1
47,2013-10-30,6271,1
48,2013-10-30,4125,1
49,2013-10-30,5326,1
50,2013-10-30,2940,1
1,2013-10-29,3737,1
2,2013-10-29,4074,1
3,2013-10-29,4838,1
4,2013-10-29,6719,1
5,2013-10-29,3909,1
6,2013-10-29,5396,1
7,2013-10-29,6875,1
8,2013-10-29,4284,1
9,2013-10-29,4654,1
10,2013-10-29,4612,1
11,2013-10-29,6195,1
12,2013-10-29,6018,1
13,2013-10-29,4281,1
14,2013-10-29,4689,1
15,2013-10-29,5155,1
16,2013-10-29,6926,1
17,2013-10-29,5535,1
18,2013-10-29,4939,1
19,2013-10-29,5155,1
20,2013-10-29,6253,1
21,2013-10-29,3192,1
22,2013-10-29,3715,1
23,2013-10-29,3888,1
24,2013-10-29,6182,1
25,2013-10-29,9628,1
26,2013-10-29,4915,1
27,2013-10-29,6965,1
28,2013-10-29,4822,1
29,2013-10-29,4790,1
30,2013-10-29,5473,1
31,2013-10-29,4070,1
32,2013-10-29,3615,1
33,2013-10-29,7047,1
34,2013-10-29,6764,1
35,2013-10-29,6307,1
36,2013-10-29,8174,1
37,2013-10-29,5047,1
38,2013-10-29,4556,1
39,2013-10-29,4079,1
40,2013-10-29,4578,1
41,2013-10-29,3880,1
42,2013-10-29,7152,1
43,2013-10-29,5358,1
44,2013-10-29,4435,1
45,2013-10-29,3137,1
46,2013-10-29,3642,1
47,2013-10-29,5152,1
48,2013-10-29,3250,1
49,2013-10-29,5823,1
50,2013-10-29,2913,1
1,2013-10-28,3557,1
2,2013-10-28,3859,1
3,2013-10-28,4025,1
4,2013-10-28,7645,1
5,2013-10-28,3578,1
6,2013-10-28,5496,1
7,2013-10-28,5971,1
8,2013-10-28,3893,1
9,2013-10-28,5441,1
10,2013-10-28,4790,1
11,2013-10-28,3937,1
12,2013-10-28,4597,1
13,2013-10-28,4157,1
14,2013-10-28,4474,1
15,2013-10-28,3285,1
16,2013-10-28,6334,1
17,2013-10-28,4887,1
18,2013-10-28,5382,1
19,2013-10-28,4885,1
20,2013-10-28,7983,1
21,2013-10-28,4041,1
22,2013-10-28,3577,1
23,2013-10-28,3606,1
24,2013-10-28,6384,1
25,2013-10-28,8815,1
26,2013-10-28,4403,1
27,2013-10-28,5426,1
28,2013-10-28,4536,1
29,2013-10-28,5086,1
30,2013-10-28,3283,1
31,2013-10-28,3863,1
32,2013-10-28,3432,1
33,2013-10-28,5902,1
34,2013-10-28,6204,1
35,2013-10-28,5437,1
36,2013-10-28,9367,1
37,2013-10-28,5186,1
38,2013-10-28,3731,1
39,2013-10-28,2898,1
40,2013-10-28,3544,1
41,2013-10-28,5320,1
42,2013-10-28,7110,1
43,2013-10-28,4911,1
44,2013-10-28,4112,1
45,2013-10-28,3878,1
46,2013-10-28,4083,1
47,2013-10-28,4933,1
48,2013-10-28,3269,1
49,2013-10-28,5145,1
50,2013-10-28,2665,1
1,2013-10-26,4347,1
2,2013-10-26,2517,1
3,2013-10-26,2936,1
4,2013-10-26,9088,1
5,2013-10-26,1700,1
6,2013-10-26,3155,1
7,2013-10-26,4773,1
8,2013-10-26,2284,1
9,2013-10-26,5093,1
10,2013-10-26,4450,1
11,2013-10-26,5069,1
12,2013-10-26,6205,1
13,2013-10-26,4336,1
14,2013-10-26,2773,1
15,2013-10-26,4884,1
16,2013-10-26,4904,1
17,2013-10-26,1971,1
18,2013-10-26,3801,1
19,2013-10-26,3752,1
20,2013-10-26,5022,1
21,2013-10-26,4345,1
22,2013-10-26,2584,1
23,2013-10-26,4369,1
24,2013-10-26,5913,1
25,2013-10-26,7343,1
26,2013-10-26,4975,1
27,2013-10-26,6080,1
28,2013-10-26,2584,1
29,2013-10-26,5536,1
30,2013-10-26,4400,1
31,2013-10-26,4940,1
32,2013-10-26,2179,1
33,2013-10-26,7306,1
34,2013-10-26,6730,1
35,2013-10-26,6056,1
36,2013-10-26,9084,1
37,2013-10-26,7040,1
38,2013-10-26,5025,1
39,2013-10-26,2516,1
40,2013-10-26,5585,1
41,2013-10-26,3980,1
42,2013-10-26,7996,1
43,2013-10-26,3913,1
44,2013-10-26,3135,1
45,2013-10-26,4923,1
46,2013-10-26,4735,1
47,2013-10-26,4693,1
48,2013-10-26,3582,1
49,2013-10-26,5817,1
50,2013-10-26,4382,1
1,2013-10-25,4573,1
2,2013-10-25,4524,1
3,2013-10-25,6614,1
4,2013-10-25,8808,1
5,2013-10-25,5347,1
6,2013-10-25,6390,1
7,2013-10-25,8430,1
8,2013-10-25,4970,1
9,2013-10-25,5281,1
10,2013-10-25,5592,1
11,2013-10-25,7463,1
12,2013-10-25,8062,1
13,2013-10-25,6490,1
14,2013-10-25,5223,1
15,2013-10-25,6890,1
16,2013-10-25,7085,1
17,2013-10-25,6285,1
18,2013-10-25,6774,1
19,2013-10-25,5467,1
20,2013-10-25,7333,1
21,2013-10-25,5765,1
22,2013-10-25,5159,1
23,2013-10-25,6290,1
24,2013-10-25,8513,1
25,2013-10-25,9633,1
26,2013-10-25,6896,1
27,2013-10-25,8598,1
28,2013-10-25,5152,1
29,2013-10-25,6390,1
30,2013-10-25,4468,1
31,2013-10-25,5882,1
32,2013-10-25,4769,1
33,2013-10-25,7417,1
34,2013-10-25,7643,1
35,2013-10-25,9583,1
36,2013-10-25,8882,1
37,2013-10-25,7827,1
38,2013-10-25,5102,1
39,2013-10-25,4279,1
40,2013-10-25,4159,1
41,2013-10-25,5495,1
42,2013-10-25,8535,1
43,2013-10-25,7651,1
44,2013-10-25,5685,1
45,2013-10-25,4915,1
46,2013-10-25,6202,1
47,2013-10-25,6308,1
48,2013-10-25,4186,1
49,2013-10-25,7099,1
50,2013-10-25,4150,1
1,2013-10-24,4044,1
2,2013-10-24,5015,1
3,2013-10-24,7163,1
4,2013-10-24,7618,1
5,2013-10-24,5049,1
6,2013-10-24,5975,1
7,2013-10-24,8238,1
8,2013-10-24,6093,1
9,2013-10-24,5719,1
10,2013-10-24,5789,1
11,2013-10-24,7000,1
12,2013-10-24,7376,1
13,2013-10-24,5431,1
14,2013-10-24,5562,1
15,2013-10-24,6504,1
16,2013-10-24,7579,1
17,2013-10-24,6472,1
18,2013-10-24,5746,1
19,2013-10-24,5731,1
20,2013-10-24,9285,1
21,2013-10-24,5201,1
22,2013-10-24,4232,1
23,2013-10-24,5006,1
24,2013-10-24,8836,1
25,2013-10-24,10389,1
26,2013-10-24,7616,1
27,2013-10-24,9222,1
28,2013-10-24,5213,1
29,2013-10-24,5950,1
30,2013-10-24,5854,1
31,2013-10-24,6032,1
32,2013-10-24,4669,1
33,2013-10-24,7609,1
34,2013-10-24,6794,1
35,2013-10-24,8148,1
36,2013-10-24,8802,1
37,2013-10-24,7207,1
38,2013-10-24,5717,1
39,2013-10-24,4527,1
40,2013-10-24,5454,1
41,2013-10-24,4484,1
42,2013-10-24,9090,1
43,2013-10-24,7147,1
44,2013-10-24,5610,1
45,2013-10-24,5492,1
46,2013-10-24,5906,1
47,2013-10-24,6869,1
48,2013-10-24,4252,1
49,2013-10-24,5882,1
50,2013-10-24,4563,1
1,2013-10-23,4612,1
2,2013-10-23,5896,1
3,2013-10-23,7839,1
4,2013-10-23,7966,1
5,2013-10-23,6517,1
6,2013-10-23,6275,1
7,2013-10-23,7828,1
8,2013-10-23,5349,1
9,2013-10-23,5363,1
10,2013-10-23,5570,1
11,2013-10-23,7768,1
12,2013-10-23,8322,1
13,2013-10-23,5823,1
14,2013-10-23,5169,1
15,2013-10-23,6670,1
16,2013-10-23,6559,1
17,2013-10-23,7095,1
18,2013-10-23,6431,1
19,2013-10-23,6286,1
20,2013-10-23,7913,1
21,2013-10-23,6827,1
22,2013-10-23,4593,1
23,2013-10-23,5313,1
24,2013-10-23,8411,1
25,2013-10-23,9513,1
26,2013-10-23,6121,1
27,2013-10-23,9174,1
28,2013-10-23,5443,1
29,2013-10-23,5988,1
30,2013-10-23,4804,1
31,2013-10-23,5451,1
32,2013-10-23,4646,1
33,2013-10-23,7515,1
34,2013-10-23,7542,1
35,2013-10-23,7871,1
36,2013-10-23,8982,1
37,2013-10-23,6613,1
38,2013-10-23,5509,1
39,2013-10-23,4997,1
40,2013-10-23,5097,1
41,2013-10-23,4546,1
42,2013-10-23,10929,1
43,2013-10-23,7020,1
44,2013-10-23,6011,1
45,2013-10-23,4844,1
46,2013-10-23,6410,1
47,2013-10-23,7652,1
48,2013-10-23,4297,1
49,2013-10-23,6642,1
50,2013-10-23,4228,1
1,2013-10-22,4068,1
2,2013-10-22,5450,1
3,2013-10-22,8058,1
4,2013-10-22,8418,1
5,2013-10-22,5174,1
6,2013-10-22,6422,1
7,2013-10-22,10298,1
8,2013-10-22,6778,1
9,2013-10-22,5780,1
10,2013-10-22,6067,1
11,2013-10-22,8331,1
12,2013-10-22,8502,1
13,2013-10-22,5786,1
14,2013-10-22,5716,1
15,2013-10-22,6454,1
16,2013-10-22,7988,1
17,2013-10-22,8017,1
18,2013-10-22,6338,1
19,2013-10-22,6195,1
20,2013-10-22,9503,1
21,2013-10-22,6709,1
22,2013-10-22,4244,1
23,2013-10-22,5137,1
24,2013-10-22,8568,1
25,2013-10-22,11666,1
26,2013-10-22,5508,1
27,2013-10-22,11117,1
28,2013-10-22,5905,1
29,2013-10-22,6249,1
30,2013-10-22,6530,1
31,2013-10-22,5040,1
32,2013-10-22,5710,1
33,2013-10-22,8125,1
34,2013-10-22,8121,1
35,2013-10-22,8797,1
36,2013-10-22,8641,1
37,2013-10-22,6705,1
38,2013-10-22,5549,1
39,2013-10-22,5185,1
40,2013-10-22,6104,1
41,2013-10-22,4190,1
42,2013-10-22,10346,1
43,2013-10-22,7524,1
44,2013-10-22,5948,1
45,2013-10-22,5095,1
46,2013-10-22,5587,1
47,2013-10-22,7903,1
48,2013-10-22,4325,1
49,2013-10-22,6887,1
50,2013-10-22,3790,1
1,2013-10-21,5055,1
2,2013-10-21,6538,1
3,2013-10-21,9712,1
4,2013-10-21,10284,1
5,2013-10-21,7690,1
6,2013-10-21,8085,1
7,2013-10-21,11300,1
8,2013-10-21,7723,1
9,2013-10-21,8308,1
10,2013-10-21,7099,1
11,2013-10-21,9176,1
12,2013-10-21,10906,1
13,2013-10-21,7722,1
14,2013-10-21,6837,1
15,2013-10-21,8119,1
16,2013-10-21,9573,1
17,2013-10-21,9760,1
18,2013-10-21,8117,1
19,2013-10-21,7815,1
20,2013-10-21,10132,1
21,2013-10-21,8240,1
22,2013-10-21,6110,1
23,2013-10-21,7255,1
24,2013-10-21,11347,1
25,2013-10-21,13423,1
26,2013-10-21,7964,1
27,2013-10-21,12841,1
28,2013-10-21,8461,1
29,2013-10-21,9674,1
30,2013-10-21,6979,1
31,2013-10-21,6650,1
32,2013-10-21,6489,1
33,2013-10-21,9606,1
34,2013-10-21,9195,1
35,2013-10-21,12130,1
36,2013-10-21,10488,1
37,2013-10-21,7826,1
38,2013-10-21,7747,1
39,2013-10-21,7014,1
40,2013-10-21,5803,1
41,2013-10-21,6596,1
42,2013-10-21,12137,1
43,2013-10-21,8627,1
44,2013-10-21,7366,1
45,2013-10-21,6098,1
46,2013-10-21,7629,1
47,2013-10-21,8248,1
48,2013-10-21,5580,1
49,2013-10-21,8059,1
50,2013-10-21,5482,1
1,2013-10-19,3667,1
2,2013-10-19,2441,1
3,2013-10-19,3568,1
4,2013-10-19,9356,1
5,2013-10-19,1938,1
6,2013-10-19,3411,1
7,2013-10-19,4686,1
8,2013-10-19,2742,1
9,2013-10-19,4992,1
10,2013-10-19,4313,1
11,2013-10-19,5388,1
12,2013-10-19,6186,1
13,2013-10-19,4074,1
14,2013-10-19,3323,1
15,2013-10-19,4775,1
16,2013-10-19,4367,1
17,2013-10-19,2786,1
18,2013-10-19,3970,1
19,2013-10-19,3259,1
20,2013-10-19,6231,1
21,2013-10-19,4532,1
22,2013-10-19,2766,1
23,2013-10-19,3821,1
24,2013-10-19,6067,1
25,2013-10-19,7695,1
26,2013-10-19,4380,1
27,2013-10-19,6398,1
28,2013-10-19,2287,1
29,2013-10-19,5682,1
30,2013-10-19,4922,1
31,2013-10-19,4978,1
32,2013-10-19,2429,1
33,2013-10-19,7675,1
34,2013-10-19,6689,1
35,2013-10-19,6921,1
36,2013-10-19,9754,1
37,2013-10-19,7042,1
38,2013-10-19,5554,1
39,2013-10-19,2771,1
40,2013-10-19,5915,1
41,2013-10-19,4039,1
42,2013-10-19,8384,1
43,2013-10-19,4157,1
44,2013-10-19,3194,1
45,2013-10-19,4556,1
46,2013-10-19,5209,1
47,2013-10-19,4889,1
48,2013-10-19,2992,1
49,2013-10-19,6180,1
50,2013-10-19,3577,1
1,2013-10-18,3566,1
2,2013-10-18,4095,1
3,2013-10-18,5684,1
4,2013-10-18,6592,1
5,2013-10-18,3867,1
6,2013-10-18,5646,1
7,2013-10-18,7870,1
8,2013-10-18,3820,1
9,2013-10-18,5020,1
10,2013-10-18,4294,1
11,2013-10-18,6323,1
12,2013-10-18,5954,1
13,2013-10-18,3296,1
14,2013-10-18,4816,1
15,2013-10-18,4773,1
16,2013-10-18,6193,1
17,2013-10-18,5446,1
18,2013-10-18,6133,1
19,2013-10-18,5335,1
20,2013-10-18,7228,1
21,2013-10-18,3493,1
22,2013-10-18,4090,1
23,2013-10-18,4336,1
24,2013-10-18,7214,1
25,2013-10-18,9247,1
26,2013-10-18,4738,1
27,2013-10-18,6819,1
28,2013-10-18,4392,1
29,2013-10-18,5002,1
30,2013-10-18,4228,1
31,2013-10-18,4654,1
32,2013-10-18,2825,1
33,2013-10-18,6407,1
34,2013-10-18,6332,1
35,2013-10-18,7634,1
36,2013-10-18,8642,1
37,2013-10-18,6249,1
38,2013-10-18,4281,1
39,2013-10-18,3270,1
40,2013-10-18,4139,1
41,2013-10-18,4503,1
42,2013-10-18,8952,1
43,2013-10-18,5721,1
44,2013-10-18,4456,1
45,2013-10-18,3554,1
46,2013-10-18,4020,1
47,2013-10-18,5620,1
48,2013-10-18,4117,1
49,2013-10-18,5927,1
50,2013-10-18,2554,1
1,2013-10-17,3223,1
2,2013-10-17,3986,1
3,2013-10-17,5261,1
4,2013-10-17,6259,1
5,2013-10-17,3721,1
6,2013-10-17,5722,1
7,2013-10-17,5568,1
8,2013-10-17,3915,1
9,2013-10-17,4357,1
10,2013-10-17,4148,1
11,2013-10-17,5617,1
12,2013-10-17,5217,1
13,2013-10-17,2989,1
14,2013-10-17,3998,1
15,2013-10-17,4575,1
16,2013-10-17,7013,1
17,2013-10-17,5280,1
18,2013-10-17,5215,1
19,2013-10-17,5054,1
20,2013-10-17,7985,1
21,2013-10-17,3722,1
22,2013-10-17,3380,1
23,2013-10-17,3517,1
24,2013-10-17,7554,1
25,2013-10-17,8996,1
26,2013-10-17,4817,1
27,2013-10-17,6868,1
28,2013-10-17,4729,1
29,2013-10-17,4709,1
30,2013-10-17,4881,1
31,2013-10-17,4279,1
32,2013-10-17,3249,1
33,2013-10-17,6290,1
34,2013-10-17,6013,1
35,2013-10-17,6640,1
36,2013-10-17,8788,1
37,2013-10-17,5336,1
38,2013-10-17,3155,1
39,2013-10-17,3361,1
40,2013-10-17,3849,1
41,2013-10-17,4621,1
42,2013-10-17,7583,1
43,2013-10-17,6274,1
44,2013-10-17,3865,1
45,2013-10-17,3752,1
46,2013-10-17,3692,1
47,2013-10-17,4669,1
48,2013-10-17,2794,1
49,2013-10-17,4937,1
50,2013-10-17,2956,1
1,2013-10-16,3383,1
2,2013-10-16,5035,1
3,2013-10-16,5563,1
4,2013-10-16,6657,1
5,2013-10-16,4415,1
6,2013-10-16,5991,1
7,2013-10-16,6774,1
8,2013-10-16,3511,1
9,2013-10-16,5548,1
10,2013-10-16,3481,1
11,2013-10-16,6824,1
12,2013-10-16,5770,1
13,2013-10-16,3223,1
14,2013-10-16,4532,1
15,2013-10-16,4825,1
16,2013-10-16,7596,1
17,2013-10-16,5060,1
18,2013-10-16,5178,1
19,2013-10-16,4864,1
20,2013-10-16,6394,1
21,2013-10-16,3442,1
22,2013-10-16,3046,1
23,2013-10-16,3607,1
24,2013-10-16,7495,1
25,2013-10-16,8542,1
26,2013-10-16,3389,1
27,2013-10-16,5953,1
28,2013-10-16,4481,1
29,2013-10-16,5288,1
30,2013-10-16,4331,1
31,2013-10-16,3950,1
32,2013-10-16,3192,1
33,2013-10-16,6480,1
34,2013-10-16,6179,1
35,2013-10-16,7932,1
36,2013-10-16,8608,1
37,2013-10-16,4905,1
38,2013-10-16,3736,1
39,2013-10-16,3262,1
40,2013-10-16,3182,1
41,2013-10-16,3872,1
42,2013-10-16,8556,1
43,2013-10-16,5287,1
44,2013-10-16,4506,1
45,2013-10-16,3162,1
46,2013-10-16,3708,1
47,2013-10-16,5577,1
48,2013-10-16,3223,1
49,2013-10-16,5342,1
50,2013-10-16,2855,1
1,2013-10-15,3355,1
2,2013-10-15,3584,1
3,2013-10-15,5598,1
4,2013-10-15,7001,1
5,2013-10-15,3450,1
6,2013-10-15,6328,1
7,2013-10-15,6355,1
8,2013-10-15,3851,1
9,2013-10-15,4459,1
10,2013-10-15,4252,1
11,2013-10-15,5772,1
12,2013-10-15,4994,1
13,2013-10-15,3197,1
14,2013-10-15,4868,1
15,2013-10-15,5041,1
16,2013-10-15,6207,1
17,2013-10-15,5223,1
18,2013-10-15,5021,1
19,2013-10-15,5099,1
20,2013-10-15,7076,1
21,2013-10-15,2961,1
22,2013-10-15,3078,1
23,2013-10-15,2914,1
24,2013-10-15,6922,1
25,2013-10-15,8924,1
26,2013-10-15,3938,1
27,2013-10-15,5950,1
28,2013-10-15,4025,1
29,2013-10-15,5082,1
30,2013-10-15,4388,1
31,2013-10-15,4249,1
32,2013-10-15,3211,1
33,2013-10-15,5657,1
34,2013-10-15,5744,1
35,2013-10-15,7200,1
36,2013-10-15,7532,1
37,2013-10-15,5441,1
38,2013-10-15,4834,1
39,2013-10-15,3147,1
40,2013-10-15,4038,1
41,2013-10-15,3926,1
42,2013-10-15,7269,1
43,2013-10-15,5637,1
44,2013-10-15,3764,1
45,2013-10-15,3267,1
46,2013-10-15,3692,1
47,2013-10-15,5530,1
48,2013-10-15,3706,1
49,2013-10-15,5241,1
50,2013-10-15,2803,1
1,2013-10-14,3773,1
2,2013-10-14,4528,1
3,2013-10-14,5982,1
4,2013-10-14,7237,1
5,2013-10-14,4199,1
6,2013-10-14,6100,1
7,2013-10-14,7861,1
8,2013-10-14,5157,1
9,2013-10-14,5433,1
10,2013-10-14,4809,1
11,2013-10-14,7652,1
12,2013-10-14,6832,1
13,2013-10-14,3540,1
14,2013-10-14,5290,1
15,2013-10-14,4975,1
16,2013-10-14,7461,1
17,2013-10-14,5852,1
18,2013-10-14,5625,1
19,2013-10-14,5860,1
20,2013-10-14,8842,1
21,2013-10-14,4030,1
22,2013-10-14,3687,1
23,2013-10-14,4327,1
24,2013-10-14,7632,1
25,2013-10-14,10633,1
26,2013-10-14,4435,1
27,2013-10-14,6700,1
28,2013-10-14,5162,1
29,2013-10-14,6231,1
30,2013-10-14,4410,1
31,2013-10-14,4312,1
32,2013-10-14,4377,1
33,2013-10-14,7426,1
34,2013-10-14,6991,1
35,2013-10-14,8388,1
36,2013-10-14,9457,1
37,2013-10-14,4928,1
38,2013-10-14,4122,1
39,2013-10-14,3627,1
40,2013-10-14,3543,1
41,2013-10-14,4845,1
42,2013-10-14,9787,1
43,2013-10-14,6708,1
44,2013-10-14,4452,1
45,2013-10-14,4108,1
46,2013-10-14,3780,1
47,2013-10-14,6147,1
48,2013-10-14,4445,1
49,2013-10-14,5945,1
50,2013-10-14,2824,1
1,2013-10-12,4954,1
2,2013-10-12,2914,1
3,2013-10-12,4076,1
4,2013-10-12,9716,1
5,2013-10-12,1963,1
6,2013-10-12,4319,1
7,2013-10-12,4345,1
8,2013-10-12,2153,1
9,2013-10-12,5946,1
10,2013-10-12,3644,1
11,2013-10-12,5173,1
12,2013-10-12,5432,1
13,2013-10-12,4276,1
14,2013-10-12,3602,1
15,2013-10-12,4787,1
16,2013-10-12,5568,1
17,2013-10-12,3127,1
18,2013-10-12,4559,1
19,2013-10-12,3778,1
20,2013-10-12,5325,1
21,2013-10-12,5276,1
22,2013-10-12,2549,1
23,2013-10-12,4798,1
24,2013-10-12,6519,1
25,2013-10-12,8389,1
26,2013-10-12,5989,1
27,2013-10-12,6735,1
28,2013-10-12,2554,1
29,2013-10-12,6371,1
30,2013-10-12,5177,1
31,2013-10-12,4383,1
32,2013-10-12,2170,1
33,2013-10-12,8009,1
34,2013-10-12,7041,1
35,2013-10-12,8220,1
36,2013-10-12,10930,1
37,2013-10-12,8480,1
38,2013-10-12,5605,1
39,2013-10-12,2464,1
40,2013-10-12,5364,1
41,2013-10-12,5205,1
42,2013-10-12,8424,1
43,2013-10-12,4632,1
44,2013-10-12,4088,1
45,2013-10-12,5064,1
46,2013-10-12,5486,1
47,2013-10-12,4551,1
48,2013-10-12,2661,1
49,2013-10-12,6287,1
50,2013-10-12,3788,1
1,2013-10-11,5896,1
2,2013-10-11,4923,1
3,2013-10-11,7076,1
4,2013-10-11,10062,1
5,2013-10-11,5421,1
6,2013-10-11,7332,1
7,2013-10-11,8831,1
8,2013-10-11,5018,1
9,2013-10-11,5723,1
10,2013-10-11,4936,1
11,2013-10-11,7211,1
12,2013-10-11,8053,1
13,2013-10-11,6725,1
14,2013-10-11,5500,1
15,2013-10-11,6976,1
16,2013-10-11,8756,1
17,2013-10-11,7117,1
18,2013-10-11,7673,1
19,2013-10-11,5989,1
20,2013-10-11,7804,1
21,2013-10-11,6345,1
22,2013-10-11,5765,1
23,2013-10-11,5866,1
24,2013-10-11,9943,1
25,2013-10-11,11605,1
26,2013-10-11,7662,1
27,2013-10-11,8575,1
28,2013-10-11,6142,1
29,2013-10-11,7003,1
30,2013-10-11,5003,1
31,2013-10-11,6078,1
32,2013-10-11,4462,1
33,2013-10-11,7994,1
34,2013-10-11,8506,1
35,2013-10-11,10504,1
36,2013-10-11,10512,1
37,2013-10-11,7941,1
38,2013-10-11,6072,1
39,2013-10-11,4071,1
40,2013-10-11,4533,1
41,2013-10-11,6227,1
42,2013-10-11,9502,1
43,2013-10-11,7608,1
44,2013-10-11,6312,1
45,2013-10-11,5649,1
46,2013-10-11,6716,1
47,2013-10-11,7217,1
48,2013-10-11,4110,1
49,2013-10-11,7655,1
50,2013-10-11,4438,1
1,2013-10-10,5286,1
2,2013-10-10,4972,1
3,2013-10-10,8711,1
4,2013-10-10,9118,1
5,2013-10-10,4985,1
6,2013-10-10,6387,1
7,2013-10-10,8835,1
8,2013-10-10,6000,1
9,2013-10-10,5610,1
10,2013-10-10,5067,1
11,2013-10-10,7776,1
12,2013-10-10,8574,1
13,2013-10-10,4661,1
14,2013-10-10,5971,1
15,2013-10-10,6779,1
16,2013-10-10,7398,1
17,2013-10-10,7469,1
18,2013-10-10,6629,1
19,2013-10-10,6814,1
20,2013-10-10,7460,1
21,2013-10-10,5746,1
22,2013-10-10,4332,1
23,2013-10-10,5484,1
24,2013-10-10,9684,1
25,2013-10-10,12151,1
26,2013-10-10,7721,1
27,2013-10-10,10872,1
28,2013-10-10,5611,1
29,2013-10-10,6802,1
30,2013-10-10,6423,1
31,2013-10-10,5503,1
32,2013-10-10,3503,1
33,2013-10-10,8365,1
34,2013-10-10,7303,1
35,2013-10-10,10533,1
36,2013-10-10,8395,1
37,2013-10-10,7525,1
38,2013-10-10,5713,1
39,2013-10-10,5121,1
40,2013-10-10,4689,1
41,2013-10-10,5513,1
42,2013-10-10,10946,1
43,2013-10-10,7523,1
44,2013-10-10,4782,1
45,2013-10-10,5927,1
46,2013-10-10,5846,1
47,2013-10-10,6491,1
48,2013-10-10,3695,1
49,2013-10-10,6385,1
50,2013-10-10,4223,1
1,2013-10-09,4957,1
2,2013-10-09,7006,1
3,2013-10-09,8250,1
4,2013-10-09,8963,1
5,2013-10-09,6063,1
6,2013-10-09,7411,1
7,2013-10-09,7977,1
8,2013-10-09,5218,1
9,2013-10-09,6123,1
10,2013-10-09,4946,1
11,2013-10-09,8681,1
12,2013-10-09,7688,1
13,2013-10-09,5721,1
14,2013-10-09,6212,1
15,2013-10-09,6252,1
16,2013-10-09,7724,1
17,2013-10-09,8505,1
18,2013-10-09,7008,1
19,2013-10-09,6595,1
20,2013-10-09,8532,1
21,2013-10-09,5715,1
22,2013-10-09,5272,1
23,2013-10-09,5453,1
24,2013-10-09,9547,1
25,2013-10-09,11208,1
26,2013-10-09,6617,1
27,2013-10-09,9812,1
28,2013-10-09,6348,1
29,2013-10-09,7340,1
30,2013-10-09,5604,1
31,2013-10-09,5379,1
32,2013-10-09,4688,1
33,2013-10-09,8435,1
34,2013-10-09,8559,1
35,2013-10-09,10969,1
36,2013-10-09,10288,1
37,2013-10-09,7904,1
38,2013-10-09,6032,1
39,2013-10-09,5638,1
40,2013-10-09,4345,1
41,2013-10-09,5252,1
42,2013-10-09,11181,1
43,2013-10-09,7016,1
44,2013-10-09,5674,1
45,2013-10-09,5667,1
46,2013-10-09,5515,1
47,2013-10-09,7618,1
48,2013-10-09,4241,1
49,2013-10-09,7334,1
50,2013-10-09,4100,1
1,2013-10-08,5452,1
2,2013-10-08,6282,1
3,2013-10-08,9269,1
4,2013-10-08,9872,1
5,2013-10-08,5697,1
6,2013-10-08,7720,1
7,2013-10-08,10319,1
8,2013-10-08,6621,1
9,2013-10-08,7291,1
10,2013-10-08,5908,1
11,2013-10-08,8782,1
12,2013-10-08,8625,1
13,2013-10-08,6550,1
14,2013-10-08,7176,1
15,2013-10-08,7262,1
16,2013-10-08,9047,1
17,2013-10-08,10094,1
18,2013-10-08,7700,1
19,2013-10-08,7273,1
20,2013-10-08,9094,1
21,2013-10-08,6269,1
22,2013-10-08,5473,1
23,2013-10-08,6188,1
24,2013-10-08,10460,1
25,2013-10-08,13543,1
26,2013-10-08,7156,1
27,2013-10-08,12052,1
28,2013-10-08,7229,1
29,2013-10-08,8014,1
30,2013-10-08,7691,1
31,2013-10-08,5700,1
32,2013-10-08,5322,1
33,2013-10-08,9620,1
34,2013-10-08,8351,1
35,2013-10-08,11309,1
36,2013-10-08,10247,1
37,2013-10-08,6878,1
38,2013-10-08,7762,1
39,2013-10-08,6282,1
40,2013-10-08,5518,1
41,2013-10-08,5453,1
42,2013-10-08,11698,1
43,2013-10-08,8781,1
44,2013-10-08,6980,1
45,2013-10-08,5883,1
46,2013-10-08,6653,1
47,2013-10-08,8000,1
48,2013-10-08,4658,1
49,2013-10-08,6857,1
50,2013-10-08,4477,1
1,2013-10-07,6004,1
2,2013-10-07,7368,1
3,2013-10-07,10779,1
4,2013-10-07,12159,1
5,2013-10-07,8319,1
6,2013-10-07,9003,1
7,2013-10-07,12712,1
8,2013-10-07,8217,1
9,2013-10-07,9089,1
10,2013-10-07,7173,1
11,2013-10-07,10053,1
12,2013-10-07,10458,1
13,2013-10-07,7339,1
14,2013-10-07,7224,1
15,2013-10-07,8776,1
16,2013-10-07,10503,1
17,2013-10-07,11513,1
18,2013-10-07,9634,1
19,2013-10-07,9302,1
20,2013-10-07,10907,1
21,2013-10-07,8680,1
22,2013-10-07,6216,1
23,2013-10-07,8751,1
24,2013-10-07,12776,1
25,2013-10-07,15853,1
26,2013-10-07,9316,1
27,2013-10-07,14718,1
28,2013-10-07,9539,1
29,2013-10-07,10407,1
30,2013-10-07,8163,1
31,2013-10-07,7392,1
32,2013-10-07,6458,1
33,2013-10-07,12135,1
34,2013-10-07,10532,1
35,2013-10-07,15405,1
36,2013-10-07,11911,1
37,2013-10-07,10513,1
38,2013-10-07,9299,1
39,2013-10-07,8184,1
40,2013-10-07,5730,1
41,2013-10-07,6314,1
42,2013-10-07,14533,1
43,2013-10-07,9843,1
44,2013-10-07,8442,1
45,2013-10-07,8362,1
46,2013-10-07,8247,1
47,2013-10-07,9448,1
48,2013-10-07,6035,1
49,2013-10-07,8829,1
50,2013-10-07,6325,1
1,2013-10-05,5352,1
2,2013-10-05,2688,1
3,2013-10-05,4802,1
4,2013-10-05,8938,1
5,2013-10-05,2041,1
6,2013-10-05,4016,1
7,2013-10-05,5807,1
8,2013-10-05,2862,1
9,2013-10-05,5238,1
10,2013-10-05,4833,1
11,2013-10-05,5701,1
12,2013-10-05,6213,1
13,2013-10-05,3973,1
14,2013-10-05,3114,1
15,2013-10-05,4961,1
16,2013-10-05,4458,1
17,2013-10-05,2500,1
18,2013-10-05,4436,1
19,2013-10-05,3771,1
20,2013-10-05,4396,1
21,2013-10-05,4418,1
22,2013-10-05,3198,1
23,2013-10-05,4048,1
24,2013-10-05,6421,1
25,2013-10-05,8315,1
26,2013-10-05,5172,1
27,2013-10-05,7640,1
28,2013-10-05,2548,1
29,2013-10-05,6295,1
30,2013-10-05,4932,1
31,2013-10-05,5231,1
32,2013-10-05,1892,1
33,2013-10-05,8069,1
34,2013-10-05,6122,1
35,2013-10-05,6911,1
36,2013-10-05,10310,1
37,2013-10-05,8201,1
38,2013-10-05,5306,1
39,2013-10-05,2598,1
40,2013-10-05,5516,1
41,2013-10-05,5195,1
42,2013-10-05,7734,1
43,2013-10-05,4190,1
44,2013-10-05,3323,1
45,2013-10-05,5558,1
46,2013-10-05,5000,1
47,2013-10-05,4826,1
48,2013-10-05,3046,1
49,2013-10-05,6025,1
50,2013-10-05,3799,1
1,2013-10-04,5447,1
2,2013-10-04,4671,1
3,2013-10-04,8093,1
4,2013-10-04,10204,1
5,2013-10-04,5108,1
6,2013-10-04,7090,1
7,2013-10-04,9332,1
8,2013-10-04,4802,1
9,2013-10-04,6924,1
10,2013-10-04,6017,1
11,2013-10-04,8362,1
12,2013-10-04,7170,1
13,2013-10-04,4747,1
14,2013-10-04,6227,1
15,2013-10-04,6804,1
16,2013-10-04,7746,1
17,2013-10-04,7042,1
18,2013-10-04,6453,1
19,2013-10-04,6634,1
20,2013-10-04,8218,1
21,2013-10-04,5103,1
22,2013-10-04,5703,1
23,2013-10-04,6363,1
24,2013-10-04,9711,1
25,2013-10-04,12233,1
26,2013-10-04,7132,1
27,2013-10-04,9803,1
28,2013-10-04,6226,1
29,2013-10-04,7405,1
30,2013-10-04,5564,1
31,2013-10-04,6831,1
32,2013-10-04,4307,1
33,2013-10-04,9379,1
34,2013-10-04,8028,1
35,2013-10-04,10176,1
36,2013-10-04,10688,1
37,2013-10-04,9468,1
38,2013-10-04,6710,1
39,2013-10-04,4028,1
40,2013-10-04,5310,1
41,2013-10-04,6481,1
42,2013-10-04,9885,1
43,2013-10-04,7963,1
44,2013-10-04,5032,1
45,2013-10-04,6370,1
46,2013-10-04,5215,1
47,2013-10-04,5656,1
48,2013-10-04,4236,1
49,2013-10-04,7895,1
50,2013-10-04,4275,1
2,2013-10-03,2656,1
7,2013-10-03,3020,1
1,2013-10-02,4001,1
2,2013-10-02,5238,1
3,2013-10-02,6045,1
4,2013-10-02,10077,1
5,2013-10-02,5118,1
6,2013-10-02,7239,1
7,2013-10-02,8004,1
8,2013-10-02,4771,1
9,2013-10-02,6187,1
10,2013-10-02,5743,1
11,2013-10-02,8732,1
12,2013-10-02,5719,1
13,2013-10-02,3896,1
14,2013-10-02,5400,1
15,2013-10-02,6235,1
16,2013-10-02,7384,1
17,2013-10-02,5142,1
18,2013-10-02,6438,1
19,2013-10-02,5193,1
20,2013-10-02,7899,1
21,2013-10-02,4085,1
22,2013-10-02,4233,1
23,2013-10-02,6002,1
24,2013-10-02,8442,1
25,2013-10-02,11798,1
26,2013-10-02,5557,1
27,2013-10-02,7778,1
28,2013-10-02,5268,1
29,2013-10-02,6773,1
30,2013-10-02,5509,1
31,2013-10-02,6621,1
32,2013-10-02,3641,1
33,2013-10-02,7759,1
34,2013-10-02,7249,1
35,2013-10-02,8263,1
36,2013-10-02,8984,1
37,2013-10-02,5993,1
38,2013-10-02,5014,1
39,2013-10-02,4391,1
40,2013-10-02,4120,1
41,2013-10-02,5108,1
42,2013-10-02,9311,1
43,2013-10-02,6338,1
44,2013-10-02,5015,1
45,2013-10-02,5911,1
46,2013-10-02,4242,1
47,2013-10-02,6246,1
48,2013-10-02,3962,1
49,2013-10-02,7086,1
50,2013-10-02,3989,1
1,2013-10-01,4178,1
2,2013-10-01,3830,1
3,2013-10-01,5903,1
4,2013-10-01,9255,1
5,2013-10-01,4686,1
6,2013-10-01,6953,1
7,2013-10-01,9316,1
8,2013-10-01,4857,1
9,2013-10-01,5891,1
10,2013-10-01,5542,1
11,2013-10-01,7548,1
12,2013-10-01,5102,1
13,2013-10-01,3132,1
14,2013-10-01,4582,1
15,2013-10-01,4866,1
16,2013-10-01,7544,1
17,2013-10-01,5125,1
18,2013-10-01,4666,1
19,2013-10-01,5435,1
20,2013-10-01,7389,1
21,2013-10-01,2722,1
22,2013-10-01,4086,1
23,2013-10-01,4735,1
24,2013-10-01,7585,1
25,2013-10-01,10833,1
26,2013-10-01,5550,1
27,2013-10-01,7419,1
28,2013-10-01,5099,1
29,2013-10-01,5529,1
30,2013-10-01,5822,1
31,2013-10-01,5094,1
32,2013-10-01,3619,1
33,2013-10-01,7828,1
34,2013-10-01,7496,1
35,2013-10-01,6592,1
36,2013-10-01,10043,1
37,2013-10-01,6135,1
38,2013-10-01,4516,1
39,2013-10-01,4621,1
40,2013-10-01,4271,1
41,2013-10-01,3210,1
42,2013-10-01,8581,1
43,2013-10-01,5082,1
44,2013-10-01,4419,1
45,2013-10-01,5008,1
46,2013-10-01,4185,1
47,2013-10-01,6201,1
48,2013-10-01,3488,1
49,2013-10-01,4957,1
50,2013-10-01,3812,1
1,2013-09-30,4088,1
2,2013-09-30,5610,1
3,2013-09-30,8988,1
4,2013-09-30,11276,1
5,2013-09-30,4367,1
6,2013-09-30,7368,1
7,2013-09-30,9018,1
8,2013-09-30,5396,1
9,2013-09-30,6511,1
10,2013-09-30,5515,1
11,2013-09-30,8392,1
12,2013-09-30,7758,1
13,2013-09-30,3951,1
14,2013-09-30,6696,1
15,2013-09-30,7655,1
16,2013-09-30,7977,1
17,2013-09-30,7247,1
18,2013-09-30,7759,1
19,2013-09-30,6332,1
20,2013-09-30,8738,1
21,2013-09-30,5912,1
22,2013-09-30,4209,1
23,2013-09-30,4195,1
24,2013-09-30,10624,1
25,2013-09-30,14051,1
26,2013-09-30,5461,1
27,2013-09-30,11960,1
28,2013-09-30,5408,1
29,2013-09-30,6034,1
30,2013-09-30,5202,1
31,2013-09-30,4697,1
32,2013-09-30,4217,1
33,2013-09-30,9394,1
34,2013-09-30,8439,1
35,2013-09-30,11542,1
36,2013-09-30,9289,1
37,2013-09-30,6326,1
38,2013-09-30,5432,1
39,2013-09-30,5063,1
40,2013-09-30,4390,1
41,2013-09-30,5066,1
42,2013-09-30,11287,1
43,2013-09-30,7904,1
44,2013-09-30,4760,1
45,2013-09-30,5196,1
46,2013-09-30,5222,1
47,2013-09-30,7839,1
48,2013-09-30,3752,1
49,2013-09-30,5942,1
50,2013-09-30,3805,1
1,2013-09-28,4175,1
2,2013-09-28,3428,1
3,2013-09-28,3845,1
4,2013-09-28,9274,1
5,2013-09-28,2171,1
6,2013-09-28,3605,1
7,2013-09-28,5818,1
8,2013-09-28,2604,1
9,2013-09-28,5174,1
10,2013-09-28,4681,1
11,2013-09-28,6179,1
12,2013-09-28,6416,1
13,2013-09-28,4649,1
14,2013-09-28,3131,1
15,2013-09-28,5890,1
16,2013-09-28,4749,1
17,2013-09-28,2581,1
18,2013-09-28,3983,1
19,2013-09-28,4069,1
20,2013-09-28,5022,1
21,2013-09-28,4287,1
22,2013-09-28,3136,1
23,2013-09-28,4287,1
24,2013-09-28,7207,1
25,2013-09-28,8383,1
26,2013-09-28,4931,1
27,2013-09-28,7063,1
28,2013-09-28,2543,1
29,2013-09-28,7102,1
30,2013-09-28,5220,1
31,2013-09-28,4507,1
32,2013-09-28,2195,1
33,2013-09-28,8157,1
34,2013-09-28,7395,1
35,2013-09-28,6465,1
36,2013-09-28,9003,1
37,2013-09-28,8029,1
38,2013-09-28,5572,1
39,2013-09-28,2883,1
40,2013-09-28,5520,1
41,2013-09-28,4663,1
42,2013-09-28,8710,1
43,2013-09-28,4603,1
44,2013-09-28,3480,1
45,2013-09-28,5892,1
46,2013-09-28,5433,1
47,2013-09-28,4933,1
48,2013-09-28,3031,1
49,2013-09-28,7344,1
50,2013-09-28,4348,1
1,2013-09-27,4669,1
2,2013-09-27,4874,1
3,2013-09-27,8387,1
4,2013-09-27,9621,1
5,2013-09-27,5139,1
6,2013-09-27,7168,1
7,2013-09-27,9740,1
8,2013-09-27,4989,1
9,2013-09-27,5650,1
10,2013-09-27,5088,1
11,2013-09-27,7918,1
12,2013-09-27,8532,1
13,2013-09-27,5168,1
14,2013-09-27,6386,1
15,2013-09-27,8818,1
16,2013-09-27,8248,1
17,2013-09-27,6735,1
18,2013-09-27,7205,1
19,2013-09-27,7170,1
20,2013-09-27,7738,1
21,2013-09-27,7097,1
22,2013-09-27,4782,1
23,2013-09-27,6077,1
24,2013-09-27,10747,1
25,2013-09-27,10496,1
26,2013-09-27,7443,1
27,2013-09-27,9939,1
28,2013-09-27,5911,1
29,2013-09-27,6760,1
30,2013-09-27,6079,1
31,2013-09-27,5997,1
32,2013-09-27,4437,1
33,2013-09-27,8756,1
34,2013-09-27,7620,1
35,2013-09-27,9600,1
36,2013-09-27,9268,1
37,2013-09-27,8210,1
38,2013-09-27,6397,1
39,2013-09-27,4964,1
40,2013-09-27,5554,1
41,2013-09-27,4973,1
42,2013-09-27,10281,1
43,2013-09-27,8273,1
44,2013-09-27,5533,1
45,2013-09-27,6400,1
46,2013-09-27,6310,1
47,2013-09-27,6715,1
48,2013-09-27,4782,1
49,2013-09-27,7428,1
50,2013-09-27,4718,1
1,2013-09-26,4481,1
2,2013-09-26,5795,1
3,2013-09-26,7003,1
4,2013-09-26,8447,1
5,2013-09-26,4566,1
6,2013-09-26,5579,1
7,2013-09-26,8371,1
8,2013-09-26,6475,1
9,2013-09-26,5216,1
10,2013-09-26,5083,1
11,2013-09-26,7138,1
12,2013-09-26,7853,1
13,2013-09-26,5608,1
14,2013-09-26,5628,1
15,2013-09-26,6553,1
16,2013-09-26,8030,1
17,2013-09-26,6800,1
18,2013-09-26,6127,1
19,2013-09-26,6295,1
20,2013-09-26,7499,1
21,2013-09-26,6235,1
22,2013-09-26,4614,1
23,2013-09-26,5292,1
24,2013-09-26,8290,1
25,2013-09-26,10284,1
26,2013-09-26,7041,1
27,2013-09-26,8932,1
28,2013-09-26,5957,1
29,2013-09-26,6620,1
30,2013-09-26,6377,1
31,2013-09-26,5524,1
32,2013-09-26,3711,1
33,2013-09-26,7862,1
34,2013-09-26,7758,1
35,2013-09-26,10658,1
36,2013-09-26,8618,1
37,2013-09-26,7807,1
38,2013-09-26,5780,1
39,2013-09-26,4666,1
40,2013-09-26,4986,1
41,2013-09-26,5624,1
42,2013-09-26,9608,1
43,2013-09-26,7209,1
44,2013-09-26,5547,1
45,2013-09-26,5089,1
46,2013-09-26,5786,1
47,2013-09-26,6808,1
48,2013-09-26,4225,1
49,2013-09-26,7389,1
50,2013-09-26,4708,1
1,2013-09-25,4212,1
2,2013-09-25,6708,1
3,2013-09-25,7475,1
4,2013-09-25,9053,1
5,2013-09-25,5371,1
6,2013-09-25,6689,1
7,2013-09-25,8023,1
8,2013-09-25,5200,1
9,2013-09-25,5199,1
10,2013-09-25,5359,1
11,2013-09-25,7572,1
12,2013-09-25,7595,1
13,2013-09-25,4835,1
14,2013-09-25,5518,1
15,2013-09-25,5529,1
16,2013-09-25,7849,1
17,2013-09-25,7565,1
18,2013-09-25,6673,1
19,2013-09-25,5848,1
20,2013-09-25,7841,1
21,2013-09-25,5317,1
22,2013-09-25,4254,1
23,2013-09-25,4891,1
24,2013-09-25,9386,1
25,2013-09-25,9928,1
26,2013-09-25,5706,1
27,2013-09-25,9147,1
28,2013-09-25,4992,1
29,2013-09-25,5935,1
30,2013-09-25,5321,1
31,2013-09-25,4711,1
32,2013-09-25,4334,1
33,2013-09-25,8481,1
34,2013-09-25,8108,1
35,2013-09-25,8467,1
36,2013-09-25,8304,1
37,2013-09-25,6745,1
38,2013-09-25,4957,1
39,2013-09-25,4962,1
40,2013-09-25,4550,1
41,2013-09-25,5297,1
42,2013-09-25,11087,1
43,2013-09-25,6609,1
44,2013-09-25,6177,1
45,2013-09-25,4901,1
46,2013-09-25,4985,1
47,2013-09-25,7153,1
48,2013-09-25,3887,1
49,2013-09-25,5737,1
50,2013-09-25,4483,1
1,2013-09-24,4274,1
2,2013-09-24,6387,1
3,2013-09-24,8376,1
4,2013-09-24,8701,1
5,2013-09-24,5489,1
6,2013-09-24,7593,1
7,2013-09-24,10012,1
8,2013-09-24,6431,1
9,2013-09-24,5854,1
10,2013-09-24,5854,1
11,2013-09-24,7500,1
12,2013-09-24,9293,1
13,2013-09-24,5111,1
14,2013-09-24,5733,1
15,2013-09-24,7166,1
16,2013-09-24,8179,1
17,2013-09-24,7375,1
18,2013-09-24,6959,1
19,2013-09-24,6799,1
20,2013-09-24,8089,1
21,2013-09-24,6263,1
22,2013-09-24,4567,1
23,2013-09-24,5057,1
24,2013-09-24,9107,1
25,2013-09-24,10927,1
26,2013-09-24,6522,1
27,2013-09-24,10557,1
28,2013-09-24,7132,1
29,2013-09-24,6771,1
30,2013-09-24,6988,1
31,2013-09-24,5121,1
32,2013-09-24,4421,1
33,2013-09-24,8150,1
34,2013-09-24,7878,1
35,2013-09-24,10789,1
36,2013-09-24,8739,1
37,2013-09-24,6757,1
38,2013-09-24,5835,1
39,2013-09-24,5451,1
40,2013-09-24,5686,1
41,2013-09-24,4661,1
42,2013-09-24,10102,1
43,2013-09-24,7258,1
44,2013-09-24,5676,1
45,2013-09-24,4289,1
46,2013-09-24,5351,1
47,2013-09-24,7108,1
48,2013-09-24,3801,1
49,2013-09-24,6271,1
50,2013-09-24,3792,1
1,2013-09-23,4770,1
2,2013-09-23,6802,1
3,2013-09-23,9002,1
4,2013-09-23,9908,1
5,2013-09-23,7486,1
6,2013-09-23,8462,1
7,2013-09-23,9480,1
8,2013-09-23,7534,1
9,2013-09-23,7903,1
10,2013-09-23,7333,1
11,2013-09-23,8729,1
12,2013-09-23,9849,1
13,2013-09-23,7085,1
14,2013-09-23,7503,1
15,2013-09-23,8156,1
16,2013-09-23,9234,1
17,2013-09-23,10006,1
18,2013-09-23,8276,1
19,2013-09-23,6913,1
20,2013-09-23,9410,1
21,2013-09-23,8135,1
22,2013-09-23,5752,1
23,2013-09-23,7066,1
24,2013-09-23,11018,1
25,2013-09-23,12663,1
26,2013-09-23,9051,1
27,2013-09-23,11629,1
28,2013-09-23,9480,1
29,2013-09-23,9714,1
30,2013-09-23,6589,1
31,2013-09-23,6318,1
32,2013-09-23,5291,1
33,2013-09-23,8908,1
34,2013-09-23,8363,1
35,2013-09-23,12928,1
36,2013-09-23,10941,1
37,2013-09-23,8143,1
38,2013-09-23,8665,1
39,2013-09-23,6987,1
40,2013-09-23,5615,1
41,2013-09-23,6292,1
42,2013-09-23,12322,1
43,2013-09-23,9207,1
44,2013-09-23,8045,1
45,2013-09-23,5711,1
46,2013-09-23,7126,1
47,2013-09-23,7730,1
48,2013-09-23,5401,1
49,2013-09-23,7947,1
50,2013-09-23,5999,1
1,2013-09-21,3909,1
2,2013-09-21,2651,1
3,2013-09-21,3554,1
4,2013-09-21,8631,1
5,2013-09-21,1725,1
6,2013-09-21,3601,1
7,2013-09-21,4729,1
8,2013-09-21,2023,1
9,2013-09-21,4782,1
10,2013-09-21,4137,1
11,2013-09-21,5883,1
12,2013-09-21,5437,1
13,2013-09-21,3816,1
14,2013-09-21,2805,1
15,2013-09-21,5222,1
16,2013-09-21,4490,1
17,2013-09-21,2765,1
18,2013-09-21,3662,1
19,2013-09-21,3691,1
20,2013-09-21,5203,1
21,2013-09-21,4264,1
22,2013-09-21,2864,1
23,2013-09-21,3803,1
24,2013-09-21,6161,1
25,2013-09-21,8098,1
26,2013-09-21,5137,1
27,2013-09-21,6737,1
28,2013-09-21,2228,1
29,2013-09-21,4965,1
30,2013-09-21,4587,1
31,2013-09-21,4731,1
32,2013-09-21,2091,1
33,2013-09-21,7302,1
34,2013-09-21,6871,1
35,2013-09-21,7081,1
36,2013-09-21,8767,1
37,2013-09-21,7716,1
38,2013-09-21,5223,1
39,2013-09-21,2334,1
40,2013-09-21,5212,1
41,2013-09-21,4181,1
42,2013-09-21,6777,1
43,2013-09-21,4277,1
44,2013-09-21,3177,1
45,2013-09-21,4429,1
46,2013-09-21,4439,1
47,2013-09-21,4548,1
48,2013-09-21,3004,1
49,2013-09-21,5299,1
50,2013-09-21,3623,1
1,2013-09-20,3516,1
2,2013-09-20,3949,1
3,2013-09-20,5426,1
4,2013-09-20,7047,1
5,2013-09-20,4024,1
6,2013-09-20,5424,1
7,2013-09-20,7630,1
8,2013-09-20,3628,1
9,2013-09-20,4859,1
10,2013-09-20,4708,1
11,2013-09-20,6697,1
12,2013-09-20,4622,1
13,2013-09-20,3640,1
14,2013-09-20,4141,1
15,2013-09-20,5307,1
16,2013-09-20,6344,1
17,2013-09-20,4779,1
18,2013-09-20,5441,1
19,2013-09-20,4516,1
20,2013-09-20,6895,1
21,2013-09-20,3599,1
22,2013-09-20,4165,1
23,2013-09-20,4331,1
24,2013-09-20,6814,1
25,2013-09-20,7924,1
26,2013-09-20,4645,1
27,2013-09-20,6142,1
28,2013-09-20,4264,1
29,2013-09-20,4682,1
30,2013-09-20,4040,1
31,2013-09-20,4687,1
32,2013-09-20,2998,1
33,2013-09-20,6155,1
34,2013-09-20,6015,1
35,2013-09-20,6705,1
36,2013-09-20,8982,1
37,2013-09-20,6133,1
38,2013-09-20,3971,1
39,2013-09-20,2900,1
40,2013-09-20,3710,1
41,2013-09-20,4151,1
42,2013-09-20,7228,1
43,2013-09-20,5336,1
44,2013-09-20,3773,1
45,2013-09-20,3998,1
46,2013-09-20,3739,1
47,2013-09-20,5111,1
48,2013-09-20,3566,1
49,2013-09-20,6052,1
50,2013-09-20,2841,1
1,2013-09-19,3717,1
2,2013-09-19,3840,1
3,2013-09-19,5120,1
4,2013-09-19,7017,1
5,2013-09-19,3457,1
6,2013-09-19,5521,1
7,2013-09-19,6859,1
8,2013-09-19,4278,1
9,2013-09-19,4677,1
10,2013-09-19,4205,1
11,2013-09-19,6903,1
12,2013-09-19,4877,1
13,2013-09-19,2875,1
14,2013-09-19,4356,1
15,2013-09-19,4264,1
16,2013-09-19,5719,1
17,2013-09-19,5223,1
18,2013-09-19,4802,1
19,2013-09-19,4671,1
20,2013-09-19,7850,1
21,2013-09-19,3363,1
22,2013-09-19,3983,1
23,2013-09-19,3936,1
24,2013-09-19,6607,1
25,2013-09-19,9275,1
26,2013-09-19,4641,1
27,2013-09-19,6565,1
28,2013-09-19,4680,1
29,2013-09-19,4590,1
30,2013-09-19,5026,1
31,2013-09-19,4450,1
32,2013-09-19,2988,1
33,2013-09-19,6051,1
34,2013-09-19,6202,1
35,2013-09-19,6026,1
36,2013-09-19,7801,1
37,2013-09-19,5128,1
38,2013-09-19,3864,1
39,2013-09-19,3405,1
40,2013-09-19,3798,1
41,2013-09-19,3738,1
42,2013-09-19,6617,1
43,2013-09-19,5157,1
44,2013-09-19,3721,1
45,2013-09-19,3883,1
46,2013-09-19,3776,1
47,2013-09-19,5039,1
48,2013-09-19,3224,1
49,2013-09-19,4833,1
50,2013-09-19,2482,1
1,2013-09-18,3946,1
2,2013-09-18,4574,1
3,2013-09-18,5378,1
4,2013-09-18,6701,1
5,2013-09-18,3753,1
6,2013-09-18,5013,1
7,2013-09-18,6845,1
8,2013-09-18,3545,1
9,2013-09-18,4693,1
10,2013-09-18,4544,1
11,2013-09-18,6768,1
12,2013-09-18,5454,1
13,2013-09-18,2977,1
14,2013-09-18,4040,1
15,2013-09-18,4648,1
16,2013-09-18,6170,1
17,2013-09-18,4340,1
18,2013-09-18,4895,1
19,2013-09-18,4441,1
20,2013-09-18,5306,1
21,2013-09-18,2947,1
22,2013-09-18,3178,1
23,2013-09-18,3932,1
24,2013-09-18,7027,1
25,2013-09-18,8242,1
26,2013-09-18,4100,1
27,2013-09-18,6290,1
28,2013-09-18,3749,1
29,2013-09-18,4180,1
30,2013-09-18,3142,1
31,2013-09-18,3909,1
32,2013-09-18,2753,1
33,2013-09-18,5784,1
34,2013-09-18,6081,1
35,2013-09-18,6224,1
36,2013-09-18,7881,1
37,2013-09-18,4562,1
38,2013-09-18,3345,1
39,2013-09-18,3426,1
40,2013-09-18,3203,1
41,2013-09-18,3244,1
42,2013-09-18,7740,1
43,2013-09-18,4761,1
44,2013-09-18,3490,1
45,2013-09-18,3463,1
46,2013-09-18,3226,1
47,2013-09-18,5465,1
48,2013-09-18,3123,1
49,2013-09-18,5002,1
50,2013-09-18,2658,1
1,2013-09-17,3685,1
2,2013-09-17,3823,1
3,2013-09-17,5517,1
4,2013-09-17,7248,1
5,2013-09-17,3846,1
6,2013-09-17,5448,1
7,2013-09-17,7767,1
8,2013-09-17,4473,1
9,2013-09-17,4830,1
10,2013-09-17,4394,1
11,2013-09-17,6658,1
12,2013-09-17,5117,1
13,2013-09-17,3225,1
14,2013-09-17,4229,1
15,2013-09-17,4554,1
16,2013-09-17,6407,1
17,2013-09-17,5352,1
18,2013-09-17,4921,1
19,2013-09-17,4994,1
20,2013-09-17,6639,1
21,2013-09-17,3114,1
22,2013-09-17,3950,1
23,2013-09-17,3436,1
24,2013-09-17,6660,1
25,2013-09-17,8897,1
26,2013-09-17,3846,1
27,2013-09-17,7138,1
28,2013-09-17,4329,1
29,2013-09-17,4413,1
30,2013-09-17,4370,1
31,2013-09-17,3984,1
32,2013-09-17,3020,1
33,2013-09-17,6094,1
34,2013-09-17,6717,1
35,2013-09-17,6735,1
36,2013-09-17,7794,1
37,2013-09-17,4375,1
38,2013-09-17,3548,1
39,2013-09-17,3202,1
40,2013-09-17,3445,1
41,2013-09-17,3778,1
42,2013-09-17,7511,1
43,2013-09-17,5414,1
44,2013-09-17,4309,1
45,2013-09-17,3280,1
46,2013-09-17,3855,1
47,2013-09-17,5173,1
48,2013-09-17,3649,1
49,2013-09-17,5128,1
50,2013-09-17,3056,1
1,2013-09-16,4249,1
2,2013-09-16,3837,1
3,2013-09-16,5391,1
4,2013-09-16,7911,1
5,2013-09-16,3940,1
6,2013-09-16,5625,1
7,2013-09-16,7562,1
8,2013-09-16,4001,1
9,2013-09-16,5165,1
10,2013-09-16,5405,1
11,2013-09-16,6296,1
12,2013-09-16,5346,1
13,2013-09-16,3248,1
14,2013-09-16,4794,1
15,2013-09-16,4932,1
16,2013-09-16,6925,1
17,2013-09-16,4668,1
18,2013-09-16,5115,1
19,2013-09-16,5072,1
20,2013-09-16,6734,1
21,2013-09-16,3726,1
22,2013-09-16,3764,1
23,2013-09-16,4216,1
24,2013-09-16,6799,1
25,2013-09-16,9542,1
26,2013-09-16,4482,1
27,2013-09-16,6669,1
28,2013-09-16,4676,1
29,2013-09-16,5148,1
30,2013-09-16,4149,1
31,2013-09-16,4938,1
32,2013-09-16,3080,1
33,2013-09-16,6490,1
34,2013-09-16,6618,1
35,2013-09-16,6982,1
36,2013-09-16,9329,1
37,2013-09-16,5066,1
38,2013-09-16,3327,1
39,2013-09-16,4173,1
40,2013-09-16,3474,1
41,2013-09-16,4533,1
42,2013-09-16,8195,1
43,2013-09-16,5205,1
44,2013-09-16,4664,1
45,2013-09-16,4006,1
46,2013-09-16,3453,1
47,2013-09-16,6196,1
48,2013-09-16,3593,1
49,2013-09-16,5028,1
50,2013-09-16,3044,1
1,2013-09-14,4663,1
2,2013-09-14,2841,1
3,2013-09-14,3537,1
4,2013-09-14,9177,1
5,2013-09-14,2001,1
6,2013-09-14,3408,1
7,2013-09-14,5383,1
8,2013-09-14,2382,1
9,2013-09-14,4735,1
10,2013-09-14,4262,1
11,2013-09-14,5279,1
12,2013-09-14,5582,1
13,2013-09-14,4491,1
14,2013-09-14,3039,1
15,2013-09-14,5365,1
16,2013-09-14,4762,1
17,2013-09-14,2614,1
18,2013-09-14,3875,1
19,2013-09-14,4098,1
20,2013-09-14,5228,1
21,2013-09-14,4703,1
22,2013-09-14,3294,1
23,2013-09-14,3806,1
24,2013-09-14,6203,1
25,2013-09-14,7466,1
26,2013-09-14,5657,1
27,2013-09-14,5877,1
28,2013-09-14,2689,1
29,2013-09-14,5843,1
30,2013-09-14,4532,1
31,2013-09-14,5019,1
32,2013-09-14,1817,1
33,2013-09-14,7240,1
34,2013-09-14,6623,1
35,2013-09-14,6602,1
36,2013-09-14,9236,1
37,2013-09-14,7946,1
38,2013-09-14,5484,1
39,2013-09-14,2232,1
40,2013-09-14,5471,1
41,2013-09-14,4500,1
42,2013-09-14,6618,1
43,2013-09-14,4095,1
44,2013-09-14,2910,1
45,2013-09-14,5845,1
46,2013-09-14,4160,1
47,2013-09-14,4684,1
48,2013-09-14,2664,1
49,2013-09-14,6531,1
50,2013-09-14,3845,1
1,2013-09-13,5187,1
2,2013-09-13,4954,1
3,2013-09-13,8610,1
4,2013-09-13,10197,1
5,2013-09-13,5274,1
6,2013-09-13,7310,1
7,2013-09-13,9977,1
8,2013-09-13,5226,1
9,2013-09-13,6550,1
10,2013-09-13,5518,1
11,2013-09-13,8651,1
12,2013-09-13,8646,1
13,2013-09-13,6122,1
14,2013-09-13,5771,1
15,2013-09-13,7251,1
16,2013-09-13,8528,1
17,2013-09-13,6916,1
18,2013-09-13,7123,1
19,2013-09-13,7392,1
20,2013-09-13,7338,1
21,2013-09-13,6564,1
22,2013-09-13,5385,1
23,2013-09-13,6525,1
24,2013-09-13,10316,1
25,2013-09-13,11210,1
26,2013-09-13,7245,1
27,2013-09-13,10265,1
28,2013-09-13,5797,1
29,2013-09-13,6751,1
30,2013-09-13,6111,1
31,2013-09-13,6807,1
32,2013-09-13,4481,1
33,2013-09-13,8359,1
34,2013-09-13,7447,1
35,2013-09-13,9987,1
36,2013-09-13,9585,1
37,2013-09-13,8233,1
38,2013-09-13,5413,1
39,2013-09-13,5226,1
40,2013-09-13,5599,1
41,2013-09-13,5625,1
42,2013-09-13,9902,1
43,2013-09-13,8220,1
44,2013-09-13,6057,1
45,2013-09-13,5656,1
46,2013-09-13,5531,1
47,2013-09-13,7659,1
48,2013-09-13,4734,1
49,2013-09-13,6632,1
50,2013-09-13,4727,1
1,2013-09-12,5079,1
2,2013-09-12,5558,1
3,2013-09-12,8774,1
4,2013-09-12,10257,1
5,2013-09-12,5298,1
6,2013-09-12,6728,1
7,2013-09-12,9066,1
8,2013-09-12,6614,1
9,2013-09-12,5867,1
10,2013-09-12,5681,1
11,2013-09-12,8950,1
12,2013-09-12,8607,1
13,2013-09-12,4958,1
14,2013-09-12,6043,1
15,2013-09-12,5581,1
16,2013-09-12,8054,1
17,2013-09-12,7866,1
18,2013-09-12,6355,1
19,2013-09-12,7443,1
20,2013-09-12,7100,1
21,2013-09-12,5601,1
22,2013-09-12,4306,1
23,2013-09-12,6214,1
24,2013-09-12,8897,1
25,2013-09-12,12191,1
26,2013-09-12,7704,1
27,2013-09-12,11202,1
28,2013-09-12,6506,1
29,2013-09-12,6029,1
30,2013-09-12,6678,1
31,2013-09-12,5899,1
32,2013-09-12,3797,1
33,2013-09-12,8508,1
34,2013-09-12,8045,1
35,2013-09-12,9991,1
36,2013-09-12,8745,1
37,2013-09-12,8212,1
38,2013-09-12,5507,1
39,2013-09-12,5721,1
40,2013-09-12,5358,1
41,2013-09-12,6195,1
42,2013-09-12,10737,1
43,2013-09-12,7680,1
44,2013-09-12,6454,1
45,2013-09-12,5955,1
46,2013-09-12,5008,1
47,2013-09-12,7206,1
48,2013-09-12,4119,1
49,2013-09-12,6956,1
50,2013-09-12,4272,1
1,2013-09-11,5103,1
2,2013-09-11,6537,1
3,2013-09-11,8568,1
4,2013-09-11,9365,1
5,2013-09-11,5958,1
6,2013-09-11,7434,1
7,2013-09-11,8808,1
8,2013-09-11,5863,1
9,2013-09-11,6617,1
10,2013-09-11,4936,1
11,2013-09-11,8831,1
12,2013-09-11,8468,1
13,2013-09-11,6445,1
14,2013-09-11,5831,1
15,2013-09-11,7372,1
16,2013-09-11,8336,1
17,2013-09-11,7052,1
18,2013-09-11,7275,1
19,2013-09-11,6547,1
20,2013-09-11,8928,1
21,2013-09-11,6682,1
22,2013-09-11,5126,1
23,2013-09-11,5161,1
24,2013-09-11,9706,1
25,2013-09-11,11449,1
26,2013-09-11,7188,1
27,2013-09-11,10277,1
28,2013-09-11,6285,1
29,2013-09-11,7260,1
30,2013-09-11,6279,1
31,2013-09-11,5787,1
32,2013-09-11,4929,1
33,2013-09-11,8562,1
34,2013-09-11,8877,1
35,2013-09-11,10556,1
36,2013-09-11,9773,1
37,2013-09-11,7439,1
38,2013-09-11,7449,1
39,2013-09-11,5213,1
40,2013-09-11,4912,1
41,2013-09-11,6264,1
42,2013-09-11,10795,1
43,2013-09-11,6379,1
44,2013-09-11,6338,1
45,2013-09-11,5339,1
46,2013-09-11,6043,1
47,2013-09-11,8105,1
48,2013-09-11,4973,1
49,2013-09-11,7086,1
50,2013-09-11,4755,1
1,2013-09-10,5403,1
2,2013-09-10,6578,1
3,2013-09-10,8361,1
4,2013-09-10,10610,1
5,2013-09-10,6222,1
6,2013-09-10,7267,1
7,2013-09-10,11072,1
8,2013-09-10,7007,1
9,2013-09-10,6218,1
10,2013-09-10,5937,1
11,2013-09-10,8302,1
12,2013-09-10,8849,1
13,2013-09-10,6339,1
14,2013-09-10,5417,1
15,2013-09-10,8100,1
16,2013-09-10,9048,1
17,2013-09-10,8484,1
18,2013-09-10,6734,1
19,2013-09-10,6673,1
20,2013-09-10,8012,1
21,2013-09-10,7471,1
22,2013-09-10,5854,1
23,2013-09-10,6214,1
24,2013-09-10,9171,1
25,2013-09-10,13131,1
26,2013-09-10,7376,1
27,2013-09-10,8985,1
28,2013-09-10,7982,1
29,2013-09-10,8450,1
30,2013-09-10,7873,1
31,2013-09-10,6766,1
32,2013-09-10,4509,1
33,2013-09-10,9684,1
34,2013-09-10,9640,1
35,2013-09-10,10219,1
36,2013-09-10,9070,1
37,2013-09-10,8601,1
38,2013-09-10,7108,1
39,2013-09-10,5755,1
40,2013-09-10,5969,1
41,2013-09-10,6164,1
42,2013-09-10,9975,1
43,2013-09-10,8202,1
44,2013-09-10,7104,1
45,2013-09-10,6200,1
46,2013-09-10,6381,1
47,2013-09-10,7814,1
48,2013-09-10,4873,1
49,2013-09-10,9165,1
50,2013-09-10,5340,1
1,2013-09-09,5893,1
2,2013-09-09,7005,1
3,2013-09-09,11058,1
4,2013-09-09,11987,1
5,2013-09-09,7378,1
6,2013-09-09,8207,1
7,2013-09-09,10694,1
8,2013-09-09,7467,1
9,2013-09-09,9247,1
10,2013-09-09,7486,1
11,2013-09-09,8102,1
12,2013-09-09,9664,1
13,2013-09-09,8107,1
14,2013-09-09,8190,1
15,2013-09-09,9766,1
16,2013-09-09,11960,1
17,2013-09-09,9777,1
18,2013-09-09,8990,1
19,2013-09-09,10019,1
20,2013-09-09,9990,1
21,2013-09-09,10531,1
22,2013-09-09,7047,1
23,2013-09-09,8692,1
24,2013-09-09,13310,1
25,2013-09-09,15397,1
26,2013-09-09,10528,1
27,2013-09-09,14541,1
28,2013-09-09,9164,1
29,2013-09-09,11233,1
30,2013-09-09,8966,1
31,2013-09-09,7433,1
32,2013-09-09,6327,1
33,2013-09-09,12108,1
34,2013-09-09,10157,1
35,2013-09-09,16205,1
36,2013-09-09,10532,1
37,2013-09-09,11349,1
38,2013-09-09,9924,1
39,2013-09-09,7089,1
40,2013-09-09,5571,1
41,2013-09-09,7690,1
42,2013-09-09,14432,1
43,2013-09-09,9705,1
44,2013-09-09,7652,1
45,2013-09-09,8204,1
46,2013-09-09,8968,1
47,2013-09-09,7635,1
48,2013-09-09,5654,1
49,2013-09-09,12032,1
50,2013-09-09,6526,1
1,2013-09-07,4663,1
2,2013-09-07,2540,1
3,2013-09-07,3661,1
4,2013-09-07,8461,1
5,2013-09-07,1893,1
6,2013-09-07,3465,1
7,2013-09-07,5166,1
8,2013-09-07,2323,1
9,2013-09-07,5352,1
10,2013-09-07,4467,1
11,2013-09-07,5329,1
12,2013-09-07,5283,1
13,2013-09-07,3547,1
14,2013-09-07,2811,1
15,2013-09-07,5024,1
16,2013-09-07,4708,1
17,2013-09-07,2452,1
18,2013-09-07,3944,1
19,2013-09-07,4318,1
20,2013-09-07,4600,1
21,2013-09-07,4923,1
22,2013-09-07,3054,1
23,2013-09-07,4347,1
24,2013-09-07,6791,1
25,2013-09-07,8867,1
26,2013-09-07,5050,1
27,2013-09-07,6563,1
28,2013-09-07,2371,1
29,2013-09-07,6318,1
30,2013-09-07,5266,1
31,2013-09-07,5137,1
32,2013-09-07,2139,1
33,2013-09-07,8384,1
34,2013-09-07,7167,1
35,2013-09-07,7044,1
36,2013-09-07,8556,1
37,2013-09-07,6520,1
38,2013-09-07,6096,1
39,2013-09-07,2049,1
40,2013-09-07,5506,1
41,2013-09-07,4231,1
42,2013-09-07,7469,1
43,2013-09-07,4414,1
44,2013-09-07,3173,1
45,2013-09-07,5532,1
46,2013-09-07,4102,1
47,2013-09-07,4795,1
48,2013-09-07,2923,1
49,2013-09-07,6962,1
50,2013-09-07,3773,1
1,2013-09-06,3836,1
2,2013-09-06,3793,1
3,2013-09-06,4750,1
4,2013-09-06,6979,1
5,2013-09-06,4242,1
6,2013-09-06,6108,1
7,2013-09-06,7753,1
8,2013-09-06,3586,1
9,2013-09-06,5272,1
10,2013-09-06,4582,1
11,2013-09-06,6179,1
12,2013-09-06,5466,1
13,2013-09-06,3658,1
14,2013-09-06,4438,1
15,2013-09-06,5432,1
16,2013-09-06,6124,1
17,2013-09-06,5186,1
18,2013-09-06,5219,1
19,2013-09-06,5076,1
20,2013-09-06,6614,1
21,2013-09-06,3852,1
22,2013-09-06,3812,1
23,2013-09-06,4517,1
24,2013-09-06,7663,1
25,2013-09-06,8571,1
26,2013-09-06,4946,1
27,2013-09-06,6465,1
28,2013-09-06,4597,1
29,2013-09-06,5040,1
30,2013-09-06,4518,1
31,2013-09-06,5186,1
32,2013-09-06,3034,1
33,2013-09-06,7101,1
34,2013-09-06,6237,1
35,2013-09-06,7443,1
36,2013-09-06,7547,1
37,2013-09-06,4686,1
38,2013-09-06,3498,1
39,2013-09-06,3614,1
40,2013-09-06,3440,1
41,2013-09-06,4097,1
42,2013-09-06,7565,1
43,2013-09-06,5219,1
44,2013-09-06,4434,1
45,2013-09-06,4954,1
46,2013-09-06,3588,1
47,2013-09-06,5516,1
48,2013-09-06,3441,1
49,2013-09-06,5249,1
50,2013-09-06,2991,1
1,2013-09-05,3883,1
2,2013-09-05,3784,1
3,2013-09-05,4921,1
4,2013-09-05,6803,1
5,2013-09-05,3830,1
6,2013-09-05,5564,1
7,2013-09-05,7398,1
8,2013-09-05,4907,1
9,2013-09-05,4588,1
10,2013-09-05,4717,1
11,2013-09-05,6569,1
12,2013-09-05,5017,1
13,2013-09-05,3060,1
14,2013-09-05,4238,1
15,2013-09-05,5009,1
16,2013-09-05,6390,1
17,2013-09-05,5193,1
18,2013-09-05,4504,1
19,2013-09-05,5118,1
20,2013-09-05,7358,1
21,2013-09-05,3136,1
22,2013-09-05,3670,1
23,2013-09-05,4242,1
24,2013-09-05,6560,1
25,2013-09-05,9323,1
26,2013-09-05,4859,1
27,2013-09-05,6219,1
28,2013-09-05,4928,1
29,2013-09-05,4839,1
30,2013-09-05,5259,1
31,2013-09-05,4088,1
32,2013-09-05,3092,1
33,2013-09-05,6590,1
34,2013-09-05,6191,1
35,2013-09-05,6160,1
36,2013-09-05,8121,1
37,2013-09-05,4906,1
38,2013-09-05,3350,1
39,2013-09-05,3307,1
40,2013-09-05,3893,1
41,2013-09-05,3972,1
42,2013-09-05,7499,1
43,2013-09-05,4931,1
44,2013-09-05,4307,1
45,2013-09-05,4150,1
46,2013-09-05,3088,1
47,2013-09-05,5046,1
48,2013-09-05,3123,1
49,2013-09-05,5487,1
50,2013-09-05,2962,1
1,2013-09-04,3343,1
2,2013-09-04,4709,1
3,2013-09-04,6116,1
4,2013-09-04,8203,1
5,2013-09-04,3996,1
6,2013-09-04,6322,1
7,2013-09-04,7850,1
8,2013-09-04,4359,1
9,2013-09-04,5472,1
10,2013-09-04,4160,1
11,2013-09-04,6948,1
12,2013-09-04,5761,1
13,2013-09-04,2688,1
14,2013-09-04,4074,1
15,2013-09-04,5235,1
16,2013-09-04,6141,1
17,2013-09-04,5315,1
18,2013-09-04,5197,1
19,2013-09-04,6023,1
20,2013-09-04,7294,1
21,2013-09-04,3036,1
22,2013-09-04,3202,1
23,2013-09-04,3941,1
24,2013-09-04,8410,1
25,2013-09-04,8923,1
26,2013-09-04,4253,1
27,2013-09-04,7190,1
28,2013-09-04,4088,1
29,2013-09-04,4561,1
30,2013-09-04,5097,1
31,2013-09-04,4246,1
32,2013-09-04,3377,1
33,2013-09-04,6923,1
34,2013-09-04,6443,1
35,2013-09-04,7135,1
36,2013-09-04,7868,1
37,2013-09-04,4791,1
38,2013-09-04,3798,1
39,2013-09-04,3826,1
40,2013-09-04,3345,1
41,2013-09-04,3616,1
42,2013-09-04,9778,1
43,2013-09-04,5675,1
44,2013-09-04,4665,1
45,2013-09-04,3533,1
46,2013-09-04,3343,1
47,2013-09-04,5985,1
48,2013-09-04,3550,1
49,2013-09-04,5081,1
50,2013-09-04,3062,1
1,2013-09-03,3928,1
2,2013-09-03,4199,1
3,2013-09-03,5847,1
4,2013-09-03,7646,1
5,2013-09-03,4314,1
6,2013-09-03,5940,1
7,2013-09-03,8707,1
8,2013-09-03,4698,1
9,2013-09-03,4986,1
10,2013-09-03,4968,1
11,2013-09-03,7021,1
12,2013-09-03,6026,1
13,2013-09-03,3114,1
14,2013-09-03,4505,1
15,2013-09-03,5371,1
16,2013-09-03,6553,1
17,2013-09-03,5310,1
18,2013-09-03,4662,1
19,2013-09-03,5570,1
20,2013-09-03,7148,1
21,2013-09-03,2981,1
22,2013-09-03,3792,1
23,2013-09-03,3879,1
24,2013-09-03,8922,1
25,2013-09-03,10522,1
26,2013-09-03,3912,1
27,2013-09-03,8027,1
28,2013-09-03,4873,1
29,2013-09-03,6144,1
30,2013-09-03,5784,1
31,2013-09-03,4643,1
32,2013-09-03,3528,1
33,2013-09-03,7597,1
34,2013-09-03,6990,1
35,2013-09-03,8081,1
36,2013-09-03,7954,1
37,2013-09-03,4422,1
38,2013-09-03,4305,1
39,2013-09-03,3774,1
40,2013-09-03,4705,1
41,2013-09-03,3581,1
42,2013-09-03,8558,1
43,2013-09-03,5987,1
44,2013-09-03,3990,1
45,2013-09-03,4022,1
46,2013-09-03,3497,1
47,2013-09-03,6328,1
48,2013-09-03,3368,1
49,2013-09-03,5283,1
50,2013-09-03,2938,1
1,2013-09-02,4195,1
2,2013-09-02,4305,1
3,2013-09-02,5625,1
4,2013-09-02,9030,1
5,2013-09-02,4598,1
6,2013-09-02,6533,1
7,2013-09-02,7650,1
8,2013-09-02,3931,1
9,2013-09-02,6509,1
10,2013-09-02,4674,1
11,2013-09-02,6979,1
12,2013-09-02,5130,1
13,2013-09-02,4059,1
14,2013-09-02,5010,1
15,2013-09-02,5794,1
16,2013-09-02,7260,1
17,2013-09-02,5824,1
18,2013-09-02,5608,1
19,2013-09-02,4981,1
20,2013-09-02,8250,1
21,2013-09-02,4179,1
22,2013-09-02,3439,1
23,2013-09-02,4820,1
24,2013-09-02,8366,1
25,2013-09-02,11972,1
26,2013-09-02,4997,1
27,2013-09-02,7937,1
28,2013-09-02,4325,1
29,2013-09-02,6117,1
30,2013-09-02,5381,1
31,2013-09-02,4851,1
32,2013-09-02,3707,1
33,2013-09-02,8446,1
34,2013-09-02,7597,1
35,2013-09-02,8926,1
36,2013-09-02,10181,1
37,2013-09-02,5220,1
38,2013-09-02,4914,1
39,2013-09-02,4766,1
40,2013-09-02,4438,1
41,2013-09-02,4497,1
42,2013-09-02,8971,1
43,2013-09-02,5841,1
44,2013-09-02,4709,1
45,2013-09-02,4233,1
46,2013-09-02,4043,1
47,2013-09-02,5504,1
48,2013-09-02,3394,1
49,2013-09-02,5631,1
50,2013-09-02,3503,1
1,2013-08-31,5317,1
2,2013-08-31,2803,1
3,2013-08-31,3584,1
4,2013-08-31,10740,1
5,2013-08-31,2424,1
6,2013-08-31,3929,1
7,2013-08-31,6113,1
8,2013-08-31,2942,1
9,2013-08-31,5644,1
10,2013-08-31,4717,1
11,2013-08-31,6350,1
12,2013-08-31,5765,1
13,2013-08-31,4078,1
14,2013-08-31,3534,1
15,2013-08-31,6025,1
16,2013-08-31,4385,1
17,2013-08-31,3040,1
18,2013-08-31,4108,1
19,2013-08-31,5427,1
20,2013-08-31,5197,1
21,2013-08-31,4422,1
22,2013-08-31,4184,1
23,2013-08-31,4579,1
24,2013-08-31,7305,1
25,2013-08-31,9916,1
26,2013-08-31,4892,1
27,2013-08-31,7655,1
28,2013-08-31,2605,1
29,2013-08-31,6071,1
30,2013-08-31,5487,1
31,2013-08-31,5755,1
32,2013-08-31,2138,1
33,2013-08-31,9002,1
34,2013-08-31,7829,1
35,2013-08-31,7597,1
36,2013-08-31,8530,1
37,2013-08-31,7354,1
38,2013-08-31,6550,1
39,2013-08-31,2977,1
40,2013-08-31,5505,1
41,2013-08-31,4495,1
42,2013-08-31,8137,1
43,2013-08-31,4582,1
44,2013-08-31,3487,1
45,2013-08-31,6359,1
46,2013-08-31,4894,1
47,2013-08-31,5263,1
48,2013-08-31,3241,1
49,2013-08-31,6946,1
50,2013-08-31,4574,1
1,2013-08-30,5469,1
2,2013-08-30,6280,1
3,2013-08-30,8954,1
4,2013-08-30,11704,1
5,2013-08-30,6413,1
6,2013-08-30,8711,1
7,2013-08-30,11809,1
8,2013-08-30,6390,1
9,2013-08-30,6553,1
10,2013-08-30,6448,1
11,2013-08-30,9966,1
12,2013-08-30,8519,1
13,2013-08-30,5506,1
14,2013-08-30,6191,1
15,2013-08-30,9155,1
16,2013-08-30,7745,1
17,2013-08-30,8558,1
18,2013-08-30,8033,1
19,2013-08-30,8210,1
20,2013-08-30,7560,1
21,2013-08-30,6143,1
22,2013-08-30,5629,1
23,2013-08-30,6752,1
24,2013-08-30,12491,1
25,2013-08-30,15141,1
26,2013-08-30,7651,1
27,2013-08-30,12415,1
28,2013-08-30,7322,1
29,2013-08-30,7916,1
30,2013-08-30,6296,1
31,2013-08-30,7102,1
32,2013-08-30,4239,1
33,2013-08-30,10843,1
34,2013-08-30,9472,1
35,2013-08-30,12022,1
36,2013-08-30,9500,1
37,2013-08-30,8786,1
38,2013-08-30,7256,1
39,2013-08-30,5995,1
40,2013-08-30,4906,1
41,2013-08-30,5449,1
42,2013-08-30,12292,1
43,2013-08-30,7546,1
44,2013-08-30,6552,1
45,2013-08-30,6737,1
46,2013-08-30,5731,1
47,2013-08-30,9415,1
48,2013-08-30,4672,1
49,2013-08-30,7252,1
50,2013-08-30,5414,1
1,2013-08-29,4804,1
2,2013-08-29,5527,1
3,2013-08-29,7384,1
4,2013-08-29,8283,1
5,2013-08-29,5720,1
6,2013-08-29,6362,1
7,2013-08-29,9889,1
8,2013-08-29,6844,1
9,2013-08-29,6679,1
10,2013-08-29,5578,1
11,2013-08-29,8114,1
12,2013-08-29,8767,1
13,2013-08-29,5516,1
14,2013-08-29,5569,1
15,2013-08-29,7886,1
16,2013-08-29,7117,1
17,2013-08-29,7283,1
18,2013-08-29,6376,1
19,2013-08-29,8022,1
20,2013-08-29,9036,1
21,2013-08-29,5138,1
22,2013-08-29,4934,1
23,2013-08-29,6189,1
24,2013-08-29,9673,1
25,2013-08-29,10987,1
26,2013-08-29,7125,1
27,2013-08-29,9853,1
28,2013-08-29,7078,1
29,2013-08-29,6456,1
30,2013-08-29,6881,1
31,2013-08-29,5659,1
32,2013-08-29,3871,1
33,2013-08-29,8684,1
34,2013-08-29,7730,1
35,2013-08-29,9684,1
36,2013-08-29,8704,1
37,2013-08-29,8021,1
38,2013-08-29,5651,1
39,2013-08-29,4645,1
40,2013-08-29,5126,1
41,2013-08-29,5482,1
42,2013-08-29,9822,1
43,2013-08-29,7862,1
44,2013-08-29,5751,1
45,2013-08-29,5884,1
46,2013-08-29,5543,1
47,2013-08-29,7244,1
48,2013-08-29,4616,1
49,2013-08-29,6773,1
50,2013-08-29,3886,1
1,2013-08-28,4583,1
2,2013-08-28,6474,1
3,2013-08-28,8266,1
4,2013-08-28,8351,1
5,2013-08-28,5919,1
6,2013-08-28,6443,1
7,2013-08-28,9762,1
8,2013-08-28,6032,1
9,2013-08-28,5485,1
10,2013-08-28,5791,1
11,2013-08-28,8661,1
12,2013-08-28,8992,1
13,2013-08-28,5344,1
14,2013-08-28,4733,1
15,2013-08-28,6644,1
16,2013-08-28,6828,1
17,2013-08-28,7563,1
18,2013-08-28,6800,1
19,2013-08-28,7263,1
20,2013-08-28,8295,1
21,2013-08-28,4789,1
22,2013-08-28,4824,1
23,2013-08-28,5660,1
24,2013-08-28,9588,1
25,2013-08-28,9625,1
26,2013-08-28,6626,1
27,2013-08-28,9927,1
28,2013-08-28,5891,1
29,2013-08-28,7183,1
30,2013-08-28,5602,1
31,2013-08-28,5898,1
32,2013-08-28,4434,1
33,2013-08-28,7858,1
34,2013-08-28,7930,1
35,2013-08-28,9905,1
36,2013-08-28,8906,1
37,2013-08-28,7945,1
38,2013-08-28,5711,1
39,2013-08-28,5307,1
40,2013-08-28,4886,1
41,2013-08-28,5774,1
42,2013-08-28,11305,1
43,2013-08-28,7145,1
44,2013-08-28,5704,1
45,2013-08-28,5030,1
46,2013-08-28,5569,1
47,2013-08-28,7893,1
48,2013-08-28,3993,1
49,2013-08-28,6925,1
50,2013-08-28,4465,1
1,2013-08-27,5156,1
2,2013-08-27,6529,1
3,2013-08-27,8893,1
4,2013-08-27,8147,1
5,2013-08-27,6045,1
6,2013-08-27,7031,1
7,2013-08-27,10861,1
8,2013-08-27,6986,1
9,2013-08-27,6421,1
10,2013-08-27,6350,1
11,2013-08-27,8105,1
12,2013-08-27,8842,1
13,2013-08-27,6636,1
14,2013-08-27,5886,1
15,2013-08-27,7089,1
16,2013-08-27,7356,1
17,2013-08-27,8987,1
18,2013-08-27,7453,1
19,2013-08-27,7277,1
20,2013-08-27,9063,1
21,2013-08-27,5831,1
22,2013-08-27,4982,1
23,2013-08-27,5992,1
24,2013-08-27,8720,1
25,2013-08-27,11010,1
26,2013-08-27,7349,1
27,2013-08-27,11519,1
28,2013-08-27,6566,1
29,2013-08-27,7098,1
30,2013-08-27,7230,1
31,2013-08-27,6229,1
32,2013-08-27,4427,1
33,2013-08-27,8184,1
34,2013-08-27,8434,1
35,2013-08-27,11033,1
36,2013-08-27,9370,1
37,2013-08-27,7599,1
38,2013-08-27,6024,1
39,2013-08-27,5628,1
40,2013-08-27,6345,1
41,2013-08-27,5960,1
42,2013-08-27,10583,1
43,2013-08-27,8215,1
44,2013-08-27,6381,1
45,2013-08-27,6258,1
46,2013-08-27,5868,1
47,2013-08-27,7763,1
48,2013-08-27,4906,1
49,2013-08-27,7181,1
50,2013-08-27,4922,1
1,2013-08-26,5482,1
2,2013-08-26,7453,1
3,2013-08-26,9613,1
4,2013-08-26,10157,1
5,2013-08-26,7457,1
6,2013-08-26,7736,1
7,2013-08-26,11911,1
8,2013-08-26,8021,1
9,2013-08-26,8848,1
10,2013-08-26,6588,1
11,2013-08-26,8387,1
12,2013-08-26,10687,1
13,2013-08-26,8337,1
14,2013-08-26,7512,1
15,2013-08-26,7756,1
16,2013-08-26,8449,1
17,2013-08-26,7669,1
18,2013-08-26,9521,1
19,2013-08-26,8301,1
20,2013-08-26,10095,1
21,2013-08-26,7393,1
22,2013-08-26,6237,1
23,2013-08-26,8147,1
24,2013-08-26,12178,1
25,2013-08-26,13537,1
26,2013-08-26,9787,1
27,2013-08-26,12779,1
28,2013-08-26,7979,1
29,2013-08-26,11491,1
30,2013-08-26,7565,1
31,2013-08-26,7321,1
32,2013-08-26,4673,1
33,2013-08-26,11008,1
34,2013-08-26,9706,1
35,2013-08-26,15176,1
36,2013-08-26,10454,1
37,2013-08-26,10540,1
38,2013-08-26,9330,1
39,2013-08-26,8039,1
40,2013-08-26,5737,1
41,2013-08-26,7779,1
42,2013-08-26,12511,1
43,2013-08-26,8752,1
44,2013-08-26,9045,1
45,2013-08-26,7789,1
46,2013-08-26,7723,1
47,2013-08-26,7966,1
48,2013-08-26,5504,1
49,2013-08-26,9519,1
50,2013-08-26,6052,1
1,2013-08-24,4752,1
2,2013-08-24,2546,1
3,2013-08-24,3525,1
4,2013-08-24,8107,1
5,2013-08-24,1832,1
6,2013-08-24,3638,1
7,2013-08-24,5628,1
8,2013-08-24,1890,1
9,2013-08-24,4092,1
10,2013-08-24,5032,1
11,2013-08-24,4954,1
12,2013-08-24,5625,1
13,2013-08-24,3678,1
14,2013-08-24,2820,1
15,2013-08-24,4467,1
16,2013-08-24,3949,1
17,2013-08-24,2110,1
18,2013-08-24,3967,1
19,2013-08-24,3159,1
20,2013-08-24,5240,1
21,2013-08-24,3588,1
22,2013-08-24,2479,1
23,2013-08-24,4239,1
24,2013-08-24,5854,1
25,2013-08-24,6519,1
26,2013-08-24,4013,1
27,2013-08-24,5765,1
28,2013-08-24,2480,1
29,2013-08-24,5087,1
30,2013-08-24,4454,1
31,2013-08-24,5055,1
32,2013-08-24,2122,1
33,2013-08-24,6247,1
34,2013-08-24,5826,1
35,2013-08-24,6050,1
36,2013-08-24,7939,1
37,2013-08-24,6003,1
38,2013-08-24,5039,1
39,2013-08-24,2833,1
40,2013-08-24,4467,1
41,2013-08-24,4725,1
42,2013-08-24,7206,1
43,2013-08-24,3690,1
44,2013-08-24,2917,1
45,2013-08-24,4912,1
46,2013-08-24,3826,1
47,2013-08-24,4482,1
48,2013-08-24,2846,1
49,2013-08-24,5524,1
50,2013-08-24,3783,1
1,2013-08-23,3493,1
2,2013-08-23,3652,1
3,2013-08-23,4692,1
4,2013-08-23,6562,1
5,2013-08-23,3879,1
6,2013-08-23,5853,1
7,2013-08-23,7895,1
8,2013-08-23,4104,1
9,2013-08-23,4566,1
10,2013-08-23,4592,1
11,2013-08-23,6485,1
12,2013-08-23,5894,1
13,2013-08-23,3470,1
14,2013-08-23,4171,1
15,2013-08-23,5319,1
16,2013-08-23,5558,1
17,2013-08-23,5301,1
18,2013-08-23,5678,1
19,2013-08-23,4878,1
20,2013-08-23,6526,1
21,2013-08-23,3141,1
22,2013-08-23,3747,1
23,2013-08-23,4384,1
24,2013-08-23,7132,1
25,2013-08-23,7180,1
26,2013-08-23,5212,1
27,2013-08-23,6118,1
28,2013-08-23,4517,1
29,2013-08-23,5070,1
30,2013-08-23,4007,1
31,2013-08-23,4865,1
32,2013-08-23,2844,1
33,2013-08-23,6709,1
34,2013-08-23,5982,1
35,2013-08-23,7167,1
36,2013-08-23,8472,1
37,2013-08-23,5067,1
38,2013-08-23,3657,1
39,2013-08-23,3070,1
40,2013-08-23,4091,1
41,2013-08-23,4783,1
42,2013-08-23,7319,1
43,2013-08-23,5502,1
44,2013-08-23,4498,1
45,2013-08-23,4271,1
46,2013-08-23,3769,1
47,2013-08-23,4846,1
48,2013-08-23,3438,1
49,2013-08-23,5807,1
50,2013-08-23,3079,1
1,2013-08-22,3703,1
2,2013-08-22,3998,1
3,2013-08-22,5225,1
4,2013-08-22,6866,1
5,2013-08-22,3534,1
6,2013-08-22,5365,1
7,2013-08-22,6934,1
8,2013-08-22,4272,1
9,2013-08-22,5039,1
10,2013-08-22,4359,1
11,2013-08-22,6033,1
12,2013-08-22,5165,1
13,2013-08-22,3127,1
14,2013-08-22,3900,1
15,2013-08-22,4974,1
16,2013-08-22,5313,1
17,2013-08-22,5244,1
18,2013-08-22,5307,1
19,2013-08-22,4689,1
20,2013-08-22,8266,1
21,2013-08-22,2971,1
22,2013-08-22,3241,1
23,2013-08-22,3664,1
24,2013-08-22,6480,1
25,2013-08-22,7936,1
26,2013-08-22,4502,1
27,2013-08-22,6258,1
28,2013-08-22,4403,1
29,2013-08-22,4830,1
30,2013-08-22,4504,1
31,2013-08-22,4474,1
32,2013-08-22,3074,1
33,2013-08-22,6574,1
34,2013-08-22,5881,1
35,2013-08-22,6341,1
36,2013-08-22,7071,1
37,2013-08-22,5342,1
38,2013-08-22,3630,1
39,2013-08-22,3206,1
40,2013-08-22,3976,1
41,2013-08-22,4140,1
42,2013-08-22,6823,1
43,2013-08-22,4641,1
44,2013-08-22,3906,1
45,2013-08-22,4536,1
46,2013-08-22,3326,1
47,2013-08-22,4836,1
48,2013-08-22,3989,1
49,2013-08-22,5533,1
50,2013-08-22,3115,1
1,2013-08-21,3096,1
2,2013-08-21,4399,1
3,2013-08-21,5070,1
4,2013-08-21,6617,1
5,2013-08-21,4434,1
6,2013-08-21,5685,1
7,2013-08-21,7191,1
8,2013-08-21,3740,1
9,2013-08-21,4177,1
10,2013-08-21,4709,1
11,2013-08-21,7236,1
12,2013-08-21,5784,1
13,2013-08-21,3451,1
14,2013-08-21,3760,1
15,2013-08-21,4709,1
16,2013-08-21,5782,1
17,2013-08-21,5030,1
18,2013-08-21,5178,1
19,2013-08-21,3617,1
20,2013-08-21,7400,1
21,2013-08-21,2899,1
22,2013-08-21,2756,1
23,2013-08-21,3884,1
24,2013-08-21,6741,1
25,2013-08-21,6975,1
26,2013-08-21,4761,1
27,2013-08-21,6381,1
28,2013-08-21,4270,1
29,2013-08-21,3783,1
30,2013-08-21,3991,1
31,2013-08-21,3944,1
32,2013-08-21,3445,1
33,2013-08-21,5325,1
34,2013-08-21,6936,1
35,2013-08-21,5941,1
36,2013-08-21,7986,1
37,2013-08-21,4592,1
38,2013-08-21,3232,1
39,2013-08-21,3298,1
40,2013-08-21,3354,1
41,2013-08-21,4021,1
42,2013-08-21,7677,1
43,2013-08-21,4914,1
44,2013-08-21,4465,1
45,2013-08-21,3612,1
46,2013-08-21,3526,1
47,2013-08-21,5554,1
48,2013-08-21,3320,1
49,2013-08-21,5352,1
50,2013-08-21,2426,1
1,2013-08-20,3492,1
2,2013-08-20,3894,1
3,2013-08-20,5290,1
4,2013-08-20,6887,1
5,2013-08-20,3825,1
6,2013-08-20,5391,1
7,2013-08-20,8685,1
8,2013-08-20,4103,1
9,2013-08-20,4939,1
10,2013-08-20,4433,1
11,2013-08-20,6442,1
12,2013-08-20,5533,1
13,2013-08-20,3606,1
14,2013-08-20,4202,1
15,2013-08-20,4702,1
16,2013-08-20,6206,1
17,2013-08-20,5422,1
18,2013-08-20,4946,1
19,2013-08-20,4247,1
20,2013-08-20,8622,1
21,2013-08-20,3262,1
22,2013-08-20,3516,1
23,2013-08-20,3687,1
24,2013-08-20,6297,1
25,2013-08-20,8708,1
26,2013-08-20,4441,1
27,2013-08-20,7318,1
28,2013-08-20,5081,1
29,2013-08-20,4340,1
30,2013-08-20,4975,1
31,2013-08-20,4243,1
32,2013-08-20,3110,1
33,2013-08-20,6191,1
34,2013-08-20,6803,1
35,2013-08-20,6007,1
36,2013-08-20,7835,1
37,2013-08-20,4905,1
38,2013-08-20,3881,1
39,2013-08-20,3562,1
40,2013-08-20,4159,1
41,2013-08-20,5259,1
42,2013-08-20,7365,1
43,2013-08-20,4950,1
44,2013-08-20,4205,1
45,2013-08-20,3847,1
46,2013-08-20,3670,1
47,2013-08-20,5245,1
48,2013-08-20,3533,1
49,2013-08-20,4818,1
50,2013-08-20,2399,1
1,2013-08-19,3954,1
2,2013-08-19,3747,1
3,2013-08-19,4369,1
4,2013-08-19,8709,1
5,2013-08-19,4225,1
6,2013-08-19,5933,1
7,2013-08-19,8806,1
8,2013-08-19,4048,1
9,2013-08-19,4838,1
10,2013-08-19,4556,1
11,2013-08-19,7064,1
12,2013-08-19,5590,1
13,2013-08-19,3894,1
14,2013-08-19,4517,1
15,2013-08-19,5352,1
16,2013-08-19,5772,1
17,2013-08-19,5084,1
18,2013-08-19,5713,1
19,2013-08-19,4967,1
20,2013-08-19,7413,1
21,2013-08-19,3864,1
22,2013-08-19,3981,1
23,2013-08-19,4367,1
24,2013-08-19,7031,1
25,2013-08-19,9024,1
26,2013-08-19,5759,1
27,2013-08-19,5805,1
28,2013-08-19,4910,1
29,2013-08-19,4670,1
30,2013-08-19,4288,1
31,2013-08-19,4570,1
32,2013-08-19,3080,1
33,2013-08-19,6840,1
34,2013-08-19,6981,1
35,2013-08-19,7279,1
36,2013-08-19,8668,1
37,2013-08-19,5226,1
38,2013-08-19,3954,1
39,2013-08-19,3441,1
40,2013-08-19,3571,1
41,2013-08-19,5405,1
42,2013-08-19,8062,1
43,2013-08-19,5558,1
44,2013-08-19,4334,1
45,2013-08-19,4381,1
46,2013-08-19,4328,1
47,2013-08-19,5446,1
48,2013-08-19,3523,1
49,2013-08-19,5531,1
50,2013-08-19,3380,1
1,2013-08-17,4078,1
2,2013-08-17,2731,1
3,2013-08-17,3242,1
4,2013-08-17,8244,1
5,2013-08-17,1676,1
6,2013-08-17,3491,1
7,2013-08-17,6629,1
8,2013-08-17,1725,1
9,2013-08-17,4416,1
10,2013-08-17,4703,1
11,2013-08-17,6109,1
12,2013-08-17,5963,1
13,2013-08-17,3718,1
14,2013-08-17,2994,1
15,2013-08-17,5536,1
16,2013-08-17,4207,1
17,2013-08-17,2830,1
18,2013-08-17,4568,1
19,2013-08-17,3814,1
20,2013-08-17,5078,1
21,2013-08-17,3961,1
22,2013-08-17,2868,1
23,2013-08-17,3818,1
24,2013-08-17,6480,1
25,2013-08-17,7730,1
26,2013-08-17,4277,1
27,2013-08-17,6207,1
28,2013-08-17,2443,1
29,2013-08-17,5518,1
30,2013-08-17,4552,1
31,2013-08-17,5571,1
32,2013-08-17,2373,1
33,2013-08-17,7418,1
34,2013-08-17,5797,1
35,2013-08-17,6369,1
36,2013-08-17,8307,1
37,2013-08-17,6477,1
38,2013-08-17,4505,1
39,2013-08-17,2485,1
40,2013-08-17,5372,1
41,2013-08-17,5003,1
42,2013-08-17,7128,1
43,2013-08-17,3919,1
44,2013-08-17,3080,1
45,2013-08-17,4919,1
46,2013-08-17,3665,1
47,2013-08-17,4785,1
48,2013-08-17,3054,1
49,2013-08-17,5953,1
50,2013-08-17,3382,1
1,2013-08-16,4552,1
2,2013-08-16,4895,1
3,2013-08-16,7585,1
4,2013-08-16,9338,1
5,2013-08-16,5113,1
6,2013-08-16,6380,1
7,2013-08-16,10781,1
8,2013-08-16,4651,1
9,2013-08-16,5274,1
10,2013-08-16,5604,1
11,2013-08-16,7924,1
12,2013-08-16,8375,1
13,2013-08-16,7843,1
14,2013-08-16,5416,1
15,2013-08-16,7150,1
16,2013-08-16,8066,1
17,2013-08-16,6590,1
18,2013-08-16,7843,1
19,2013-08-16,5549,1
20,2013-08-16,8651,1
21,2013-08-16,5435,1
22,2013-08-16,6721,1
23,2013-08-16,5764,1
24,2013-08-16,9547,1
25,2013-08-16,10555,1
26,2013-08-16,6817,1
27,2013-08-16,9608,1
28,2013-08-16,5509,1
29,2013-08-16,5356,1
30,2013-08-16,4864,1
31,2013-08-16,6626,1
32,2013-08-16,5494,1
33,2013-08-16,7974,1
34,2013-08-16,8643,1
35,2013-08-16,9601,1
36,2013-08-16,11237,1
37,2013-08-16,7415,1
38,2013-08-16,6235,1
39,2013-08-16,4712,1
40,2013-08-16,5180,1
41,2013-08-16,7575,1
42,2013-08-16,9997,1
43,2013-08-16,6297,1
44,2013-08-16,5763,1
45,2013-08-16,5965,1
46,2013-08-16,6820,1
47,2013-08-16,6661,1
48,2013-08-16,4596,1
49,2013-08-16,7485,1
50,2013-08-16,4420,1
1,2013-08-15,4575,1
2,2013-08-15,5186,1
3,2013-08-15,8369,1
4,2013-08-15,8712,1
5,2013-08-15,5030,1
6,2013-08-15,6217,1
7,2013-08-15,9477,1
8,2013-08-15,6922,1
9,2013-08-15,5633,1
10,2013-08-15,5212,1
11,2013-08-15,8609,1
12,2013-08-15,7963,1
14,2013-08-15,5109,1
15,2013-08-15,6636,1
16,2013-08-15,7126,1
17,2013-08-15,7124,1
18,2013-08-15,6810,1
19,2013-08-15,6760,1
21,2013-08-15,6016,1
23,2013-08-15,5552,1
24,2013-08-15,9077,1
25,2013-08-15,11852,1
26,2013-08-15,7489,1
27,2013-08-15,9985,1
28,2013-08-15,5908,1
29,2013-08-15,6457,1
30,2013-08-15,6600,1
31,2013-08-15,5752,1
33,2013-08-15,8294,1
34,2013-08-15,8128,1
35,2013-08-15,9412,1
37,2013-08-15,7982,1
38,2013-08-15,5843,1
39,2013-08-15,5192,1
40,2013-08-15,5929,1
42,2013-08-15,9478,1
43,2013-08-15,7602,1
44,2013-08-15,6139,1
45,2013-08-15,6067,1
47,2013-08-15,7497,1
48,2013-08-15,4103,1
49,2013-08-15,6556,1
50,2013-08-15,5224,1
1,2013-08-14,4724,1
2,2013-08-14,7229,1
3,2013-08-14,8452,1
4,2013-08-14,10063,1
5,2013-08-14,6352,1
6,2013-08-14,7249,1
7,2013-08-14,10364,1
8,2013-08-14,6040,1
9,2013-08-14,5910,1
10,2013-08-14,5972,1
11,2013-08-14,9671,1
12,2013-08-14,8869,1
13,2013-08-14,7249,1
14,2013-08-14,5593,1
15,2013-08-14,7066,1
16,2013-08-14,7722,1
17,2013-08-14,7961,1
18,2013-08-14,7716,1
19,2013-08-14,6670,1
20,2013-08-14,9290,1
21,2013-08-14,6347,1
22,2013-08-14,5639,1
23,2013-08-14,5799,1
24,2013-08-14,9699,1
25,2013-08-14,10275,1
26,2013-08-14,7970,1
27,2013-08-14,10173,1
28,2013-08-14,5609,1
29,2013-08-14,7034,1
30,2013-08-14,6122,1
31,2013-08-14,6098,1
32,2013-08-14,5488,1
33,2013-08-14,8428,1
34,2013-08-14,9042,1
35,2013-08-14,9770,1
36,2013-08-14,10066,1
37,2013-08-14,7002,1
38,2013-08-14,6564,1
39,2013-08-14,6207,1
40,2013-08-14,5471,1
41,2013-08-14,6628,1
42,2013-08-14,11149,1
43,2013-08-14,7497,1
44,2013-08-14,6316,1
45,2013-08-14,5440,1
46,2013-08-14,6632,1
47,2013-08-14,8644,1
48,2013-08-14,4378,1
49,2013-08-14,8591,1
50,2013-08-14,4358,1
1,2013-08-13,5299,1
2,2013-08-13,6154,1
3,2013-08-13,10004,1
4,2013-08-13,10673,1
5,2013-08-13,6858,1
6,2013-08-13,6352,1
7,2013-08-13,12269,1
8,2013-08-13,7033,1
9,2013-08-13,5957,1
10,2013-08-13,6781,1
11,2013-08-13,9241,1
12,2013-08-13,8617,1
13,2013-08-13,7343,1
14,2013-08-13,6324,1
15,2013-08-13,7538,1
16,2013-08-13,8760,1
17,2013-08-13,8532,1
18,2013-08-13,7770,1
19,2013-08-13,6865,1
20,2013-08-13,9236,1
21,2013-08-13,5909,1
22,2013-08-13,5795,1
23,2013-08-13,6442,1
24,2013-08-13,9554,1
25,2013-08-13,12575,1
26,2013-08-13,8143,1
27,2013-08-13,11384,1
28,2013-08-13,6748,1
29,2013-08-13,7549,1
30,2013-08-13,7692,1
31,2013-08-13,6422,1
32,2013-08-13,5381,1
33,2013-08-13,9256,1
34,2013-08-13,9297,1
35,2013-08-13,11020,1
36,2013-08-13,10220,1
37,2013-08-13,8749,1
38,2013-08-13,6746,1
39,2013-08-13,6033,1
40,2013-08-13,6658,1
41,2013-08-13,7142,1
42,2013-08-13,10478,1
43,2013-08-13,7405,1
44,2013-08-13,7780,1
45,2013-08-13,6106,1
46,2013-08-13,6632,1
47,2013-08-13,8251,1
48,2013-08-13,4879,1
49,2013-08-13,8241,1
50,2013-08-13,5152,1
1,2013-08-12,5326,1
2,2013-08-12,6518,1
3,2013-08-12,10962,1
4,2013-08-12,11913,1
5,2013-08-12,7706,1
6,2013-08-12,7464,1
7,2013-08-12,14766,1
8,2013-08-12,8337,1
9,2013-08-12,9376,1
10,2013-08-12,8062,1
11,2013-08-12,10514,1
12,2013-08-12,11294,1
13,2013-08-12,7481,1
14,2013-08-12,8269,1
15,2013-08-12,10072,1
16,2013-08-12,10148,1
17,2013-08-12,10763,1
18,2013-08-12,8478,1
19,2013-08-12,8596,1
20,2013-08-12,10201,1
21,2013-08-12,7747,1
22,2013-08-12,5868,1
23,2013-08-12,8145,1
24,2013-08-12,13013,1
25,2013-08-12,14691,1
26,2013-08-12,10109,1
27,2013-08-12,14133,1
28,2013-08-12,8695,1
29,2013-08-12,11182,1
30,2013-08-12,8700,1
31,2013-08-12,8158,1
32,2013-08-12,5687,1
33,2013-08-12,11405,1
34,2013-08-12,11291,1
35,2013-08-12,14500,1
36,2013-08-12,10616,1
37,2013-08-12,11395,1
38,2013-08-12,8040,1
39,2013-08-12,8473,1
40,2013-08-12,6726,1
41,2013-08-12,8103,1
42,2013-08-12,13319,1
43,2013-08-12,9864,1
44,2013-08-12,8672,1
45,2013-08-12,7768,1
46,2013-08-12,8731,1
47,2013-08-12,9810,1
48,2013-08-12,5954,1
49,2013-08-12,9453,1
50,2013-08-12,6944,1
1,2013-08-10,3768,1
2,2013-08-10,2624,1
3,2013-08-10,3883,1
4,2013-08-10,9149,1
5,2013-08-10,2005,1
6,2013-08-10,3693,1
7,2013-08-10,5763,1
8,2013-08-10,2378,1
9,2013-08-10,4838,1
10,2013-08-10,4648,1
11,2013-08-10,6205,1
12,2013-08-10,5943,1
13,2013-08-10,4824,1
14,2013-08-10,2897,1
15,2013-08-10,5707,1
16,2013-08-10,4904,1
17,2013-08-10,2296,1
18,2013-08-10,3826,1
19,2013-08-10,3671,1
20,2013-08-10,5202,1
21,2013-08-10,3855,1
22,2013-08-10,3092,1
23,2013-08-10,3977,1
24,2013-08-10,6261,1
25,2013-08-10,7625,1
26,2013-08-10,4702,1
27,2013-08-10,6006,1
28,2013-08-10,2457,1
29,2013-08-10,5078,1
30,2013-08-10,5405,1
31,2013-08-10,5613,1
32,2013-08-10,2814,1
33,2013-08-10,7300,1
34,2013-08-10,7215,1
35,2013-08-10,6510,1
36,2013-08-10,8613,1
37,2013-08-10,7015,1
38,2013-08-10,5858,1
39,2013-08-10,2445,1
40,2013-08-10,5233,1
41,2013-08-10,5269,1
42,2013-08-10,6991,1
43,2013-08-10,3845,1
44,2013-08-10,3309,1
45,2013-08-10,5132,1
46,2013-08-10,4581,1
47,2013-08-10,5008,1
48,2013-08-10,2666,1
49,2013-08-10,5796,1
50,2013-08-10,3513,1
1,2013-08-09,3257,1
2,2013-08-09,3551,1
3,2013-08-09,5991,1
4,2013-08-09,7842,1
5,2013-08-09,3932,1
6,2013-08-09,5659,1
7,2013-08-09,9198,1
8,2013-08-09,3901,1
9,2013-08-09,5206,1
10,2013-08-09,4829,1
11,2013-08-09,7300,1
12,2013-08-09,6052,1
13,2013-08-09,3665,1
14,2013-08-09,4583,1
15,2013-08-09,5703,1
16,2013-08-09,6453,1
17,2013-08-09,5350,1
18,2013-08-09,6428,1
19,2013-08-09,5103,1
20,2013-08-09,5054,1
21,2013-08-09,3561,1
22,2013-08-09,4212,1
23,2013-08-09,4499,1
24,2013-08-09,7551,1
25,2013-08-09,8913,1
26,2013-08-09,5559,1
27,2013-08-09,7651,1
28,2013-08-09,4825,1
29,2013-08-09,4636,1
30,2013-08-09,4469,1
31,2013-08-09,5411,1
32,2013-08-09,3167,1
33,2013-08-09,6531,1
34,2013-08-09,6820,1
35,2013-08-09,7187,1
36,2013-08-09,7807,1
37,2013-08-09,6217,1
38,2013-08-09,3831,1
39,2013-08-09,3835,1
40,2013-08-09,4460,1
41,2013-08-09,5521,1
42,2013-08-09,7600,1
43,2013-08-09,5953,1
44,2013-08-09,4401,1
45,2013-08-09,4211,1
46,2013-08-09,4259,1
47,2013-08-09,5968,1
48,2013-08-09,3731,1
49,2013-08-09,6634,1
50,2013-08-09,3408,1
1,2013-08-08,3680,1
2,2013-08-08,3949,1
3,2013-08-08,5916,1
4,2013-08-08,7481,1
5,2013-08-08,3869,1
6,2013-08-08,5490,1
7,2013-08-08,9339,1
8,2013-08-08,4648,1
9,2013-08-08,4664,1
10,2013-08-08,4719,1
11,2013-08-08,8123,1
12,2013-08-08,5885,1
14,2013-08-08,4405,1
15,2013-08-08,5646,1
16,2013-08-08,6342,1
17,2013-08-08,5557,1
18,2013-08-08,4859,1
19,2013-08-08,5023,1
20,2013-08-08,7659,1
21,2013-08-08,4338,1
22,2013-08-08,3547,1
23,2013-08-08,4023,1
24,2013-08-08,8234,1
25,2013-08-08,8801,1
26,2013-08-08,5425,1
27,2013-08-08,7031,1
28,2013-08-08,4852,1
29,2013-08-08,4580,1
30,2013-08-08,5819,1
31,2013-08-08,5259,1
33,2013-08-08,5615,1
34,2013-08-08,6231,1
35,2013-08-08,6911,1
36,2013-08-08,7693,1
37,2013-08-08,5648,1
38,2013-08-08,4437,1
39,2013-08-08,3627,1
40,2013-08-08,4993,1
41,2013-08-08,5399,1
42,2013-08-08,7356,1
43,2013-08-08,5670,1
44,2013-08-08,4394,1
45,2013-08-08,4382,1
46,2013-08-08,3814,1
47,2013-08-08,6093,1
48,2013-08-08,3186,1
49,2013-08-08,5896,1
50,2013-08-08,2924,1
1,2013-08-07,4143,1
2,2013-08-07,4467,1
3,2013-08-07,5982,1
4,2013-08-07,7156,1
5,2013-08-07,5198,1
6,2013-08-07,5704,1
7,2013-08-07,10138,1
8,2013-08-07,4158,1
9,2013-08-07,4709,1
10,2013-08-07,5064,1
11,2013-08-07,9013,1
12,2013-08-07,6575,1
13,2013-08-07,4394,1
14,2013-08-07,4410,1
15,2013-08-07,6315,1
16,2013-08-07,6464,1
17,2013-08-07,4345,1
18,2013-08-07,5696,1
19,2013-08-07,4877,1
20,2013-08-07,8133,1
21,2013-08-07,3224,1
22,2013-08-07,3601,1
23,2013-08-07,4232,1
24,2013-08-07,7491,1
25,2013-08-07,8838,1
26,2013-08-07,4575,1
27,2013-08-07,7779,1
28,2013-08-07,4342,1
29,2013-08-07,4948,1
30,2013-08-07,4770,1
31,2013-08-07,5473,1
32,2013-08-07,3665,1
33,2013-08-07,6680,1
34,2013-08-07,6675,1
35,2013-08-07,6223,1
36,2013-08-07,9027,1
37,2013-08-07,5769,1
38,2013-08-07,4855,1
39,2013-08-07,3651,1
40,2013-08-07,4201,1
41,2013-08-07,4809,1
42,2013-08-07,8868,1
43,2013-08-07,5054,1
44,2013-08-07,4241,1
45,2013-08-07,3630,1
46,2013-08-07,4070,1
47,2013-08-07,6460,1
48,2013-08-07,3655,1
49,2013-08-07,5718,1
50,2013-08-07,3279,1
1,2013-08-06,3582,1
2,2013-08-06,3434,1
3,2013-08-06,6166,1
4,2013-08-06,7559,1
5,2013-08-06,4649,1
6,2013-08-06,5376,1
7,2013-08-06,11208,1
8,2013-08-06,4090,1
9,2013-08-06,4922,1
10,2013-08-06,5008,1
11,2013-08-06,10874,1
12,2013-08-06,7199,1
13,2013-08-06,3229,1
14,2013-08-06,4829,1
15,2013-08-06,7230,1
16,2013-08-06,5861,1
17,2013-08-06,5001,1
18,2013-08-06,4287,1
19,2013-08-06,5116,1
20,2013-08-06,6845,1
21,2013-08-06,3065,1
22,2013-08-06,3739,1
23,2013-08-06,4136,1
24,2013-08-06,7217,1
25,2013-08-06,9581,1
26,2013-08-06,4032,1
27,2013-08-06,7483,1
28,2013-08-06,4309,1
29,2013-08-06,5259,1
30,2013-08-06,6081,1
31,2013-08-06,6075,1
32,2013-08-06,3113,1
33,2013-08-06,6938,1
34,2013-08-06,6985,1
35,2013-08-06,6863,1
36,2013-08-06,7956,1
37,2013-08-06,5226,1
38,2013-08-06,4358,1
39,2013-08-06,4217,1
40,2013-08-06,4566,1
41,2013-08-06,4182,1
42,2013-08-06,7892,1
43,2013-08-06,5409,1
44,2013-08-06,4382,1
45,2013-08-06,3380,1
46,2013-08-06,3067,1
47,2013-08-06,6078,1
48,2013-08-06,3527,1
49,2013-08-06,5018,1
50,2013-08-06,2792,1
1,2013-08-05,4086,1
2,2013-08-05,4066,1
3,2013-08-05,5991,1
4,2013-08-05,9408,1
5,2013-08-05,4816,1
6,2013-08-05,6104,1
7,2013-08-05,12365,1
8,2013-08-05,4805,1
9,2013-08-05,5455,1
10,2013-08-05,5504,1
11,2013-08-05,11947,1
12,2013-08-05,7836,1
13,2013-08-05,4065,1
14,2013-08-05,5007,1
15,2013-08-05,8525,1
16,2013-08-05,6884,1
17,2013-08-05,5762,1
18,2013-08-05,5850,1
19,2013-08-05,5536,1
20,2013-08-05,8298,1
21,2013-08-05,3621,1
22,2013-08-05,4161,1
23,2013-08-05,4269,1
24,2013-08-05,8447,1
25,2013-08-05,10561,1
26,2013-08-05,5411,1
27,2013-08-05,7467,1
28,2013-08-05,5243,1
29,2013-08-05,5050,1
30,2013-08-05,5116,1
31,2013-08-05,6922,1
32,2013-08-05,3620,1
33,2013-08-05,6854,1
34,2013-08-05,8439,1
35,2013-08-05,7043,1
36,2013-08-05,9072,1
37,2013-08-05,7118,1
38,2013-08-05,3892,1
39,2013-08-05,4395,1
40,2013-08-05,4407,1
41,2013-08-05,5672,1
42,2013-08-05,8125,1
43,2013-08-05,5860,1
44,2013-08-05,5220,1
45,2013-08-05,4719,1
46,2013-08-05,3872,1
47,2013-08-05,7778,1
48,2013-08-05,4592,1
49,2013-08-05,5924,1
50,2013-08-05,3071,1
1,2013-08-03,4461,1
2,2013-08-03,2641,1
3,2013-08-03,4546,1
4,2013-08-03,8898,1
5,2013-08-03,1778,1
6,2013-08-03,3869,1
7,2013-08-03,7819,1
8,2013-08-03,2372,1
9,2013-08-03,4893,1
10,2013-08-03,3805,1
11,2013-08-03,6495,1
12,2013-08-03,7053,1
13,2013-08-03,4400,1
14,2013-08-03,2813,1
15,2013-08-03,7385,1
16,2013-08-03,4958,1
17,2013-08-03,2595,1
18,2013-08-03,3876,1
19,2013-08-03,3845,1
20,2013-08-03,4375,1
21,2013-08-03,4099,1
22,2013-08-03,3719,1
23,2013-08-03,4550,1
24,2013-08-03,7117,1
25,2013-08-03,8347,1
26,2013-08-03,4947,1
27,2013-08-03,7008,1
28,2013-08-03,3087,1
29,2013-08-03,5900,1
30,2013-08-03,5567,1
31,2013-08-03,6113,1
32,2013-08-03,2537,1
33,2013-08-03,8839,1
34,2013-08-03,6324,1
35,2013-08-03,8583,1
36,2013-08-03,8899,1
37,2013-08-03,6856,1
38,2013-08-03,6486,1
39,2013-08-03,3131,1
40,2013-08-03,5472,1
41,2013-08-03,5409,1
42,2013-08-03,7927,1
43,2013-08-03,4945,1
44,2013-08-03,3239,1
45,2013-08-03,5536,1
46,2013-08-03,4698,1
47,2013-08-03,6249,1
48,2013-08-03,3390,1
49,2013-08-03,7146,1
50,2013-08-03,3953,1
1,2013-08-02,4494,1
2,2013-08-02,4776,1
3,2013-08-02,7610,1
4,2013-08-02,10075,1
5,2013-08-02,4907,1
6,2013-08-02,7097,1
7,2013-08-02,10085,1
8,2013-08-02,4905,1
9,2013-08-02,5790,1
10,2013-08-02,5052,1
11,2013-08-02,8658,1
12,2013-08-02,8664,1
13,2013-08-02,5269,1
14,2013-08-02,5376,1
15,2013-08-02,7184,1
16,2013-08-02,7972,1
17,2013-08-02,6608,1
18,2013-08-02,7719,1
19,2013-08-02,5993,1
20,2013-08-02,8148,1
21,2013-08-02,5636,1
22,2013-08-02,5155,1
23,2013-08-02,5751,1
24,2013-08-02,9829,1
25,2013-08-02,11117,1
26,2013-08-02,6557,1
27,2013-08-02,9660,1
28,2013-08-02,5906,1
29,2013-08-02,6229,1
30,2013-08-02,5458,1
31,2013-08-02,6891,1
32,2013-08-02,4857,1
33,2013-08-02,8726,1
34,2013-08-02,8193,1
35,2013-08-02,9801,1
36,2013-08-02,9917,1
37,2013-08-02,7864,1
38,2013-08-02,6017,1
39,2013-08-02,4884,1
40,2013-08-02,3563,1
41,2013-08-02,6174,1
42,2013-08-02,9996,1
43,2013-08-02,7068,1
44,2013-08-02,5317,1
45,2013-08-02,6001,1
46,2013-08-02,5896,1
47,2013-08-02,7257,1
48,2013-08-02,4060,1
49,2013-08-02,7640,1
50,2013-08-02,4637,1
1,2013-08-01,4994,1
2,2013-08-01,5640,1
3,2013-08-01,8738,1
4,2013-08-01,10622,1
5,2013-08-01,6373,1
6,2013-08-01,7614,1
7,2013-08-01,12681,1
8,2013-08-01,7286,1
9,2013-08-01,6323,1
10,2013-08-01,5861,1
11,2013-08-01,10982,1
12,2013-08-01,9700,1
13,2013-08-01,4297,1
14,2013-08-01,5698,1
15,2013-08-01,9115,1
16,2013-08-01,8679,1
17,2013-08-01,7603,1
18,2013-08-01,7334,1
19,2013-08-01,6131,1
20,2013-08-01,8942,1
21,2013-08-01,5712,1
22,2013-08-01,5246,1
23,2013-08-01,6303,1
24,2013-08-01,9849,1
25,2013-08-01,14554,1
26,2013-08-01,8030,1
27,2013-08-01,11023,1
28,2013-08-01,7656,1
29,2013-08-01,6233,1
30,2013-08-01,8341,1
31,2013-08-01,7670,1
32,2013-08-01,5216,1
33,2013-08-01,9356,1
34,2013-08-01,9344,1
35,2013-08-01,10559,1
36,2013-08-01,9875,1
37,2013-08-01,8487,1
38,2013-08-01,6165,1
39,2013-08-01,6150,1
40,2013-08-01,4796,1
41,2013-08-01,5249,1
42,2013-08-01,10805,1
43,2013-08-01,7235,1
44,2013-08-01,6813,1
45,2013-08-01,6018,1
46,2013-08-01,6178,1
47,2013-08-01,8977,1
48,2013-08-01,4947,1
49,2013-08-01,8302,1
50,2013-08-01,4421,1
1,2013-07-31,5572,1
2,2013-07-31,8295,1
3,2013-07-31,10895,1
4,2013-07-31,13403,1
5,2013-07-31,8061,1
6,2013-07-31,8941,1
7,2013-07-31,15155,1
8,2013-07-31,7197,1
9,2013-07-31,6564,1
10,2013-07-31,5915,1
11,2013-07-31,13777,1
12,2013-07-31,9847,1
13,2013-07-31,10212,1
14,2013-07-31,6497,1
15,2013-07-31,9885,1
16,2013-07-31,9501,1
17,2013-07-31,9865,1
18,2013-07-31,8568,1
19,2013-07-31,7931,1
20,2013-07-31,10386,1
21,2013-07-31,6842,1
22,2013-07-31,5233,1
23,2013-07-31,7149,1
24,2013-07-31,13574,1
25,2013-07-31,16591,1
26,2013-07-31,8843,1
27,2013-07-31,14983,1
28,2013-07-31,7289,1
29,2013-07-31,9035,1
30,2013-07-31,8098,1
31,2013-07-31,7969,1
32,2013-07-31,7438,1
33,2013-07-31,11394,1
34,2013-07-31,10372,1
35,2013-07-31,12461,1
36,2013-07-31,10781,1
37,2013-07-31,9102,1
38,2013-07-31,8733,1
39,2013-07-31,6762,1
40,2013-07-31,6961,1
41,2013-07-31,6178,1
42,2013-07-31,14936,1
43,2013-07-31,8844,1
44,2013-07-31,6751,1
45,2013-07-31,6477,1
46,2013-07-31,6865,1
47,2013-07-31,12216,1
48,2013-07-31,5072,1
49,2013-07-31,8700,1
50,2013-07-31,5288,1
1,2013-07-30,5773,1
2,2013-07-30,6802,1
3,2013-07-30,10451,1
4,2013-07-30,10780,1
5,2013-07-30,7217,1
6,2013-07-30,7285,1
7,2013-07-30,15356,1
8,2013-07-30,6882,1
9,2013-07-30,6403,1
10,2013-07-30,6378,1
11,2013-07-30,11086,1
12,2013-07-30,9199,1
13,2013-07-30,9110,1
14,2013-07-30,6553,1
15,2013-07-30,10210,1
16,2013-07-30,10486,1
17,2013-07-30,9379,1
18,2013-07-30,7073,1
19,2013-07-30,9062,1
20,2013-07-30,10366,1
21,2013-07-30,7588,1
22,2013-07-30,6470,1
23,2013-07-30,6761,1
24,2013-07-30,10943,1
25,2013-07-30,14425,1
26,2013-07-30,8260,1
27,2013-07-30,13660,1
28,2013-07-30,7355,1
29,2013-07-30,8477,1
30,2013-07-30,9086,1
31,2013-07-30,8694,1
32,2013-07-30,7330,1
33,2013-07-30,9397,1
34,2013-07-30,9885,1
35,2013-07-30,11987,1
36,2013-07-30,12212,1
37,2013-07-30,9608,1
38,2013-07-30,8358,1
39,2013-07-30,6796,1
40,2013-07-30,6754,1
41,2013-07-30,5780,1
42,2013-07-30,12295,1
43,2013-07-30,8794,1
44,2013-07-30,6433,1
45,2013-07-30,6788,1
46,2013-07-30,7464,1
47,2013-07-30,9246,1
48,2013-07-30,5012,1
49,2013-07-30,8615,1
50,2013-07-30,4901,1
1,2013-07-29,6290,1
2,2013-07-29,7249,1
3,2013-07-29,10853,1
4,2013-07-29,11092,1
5,2013-07-29,8701,1
6,2013-07-29,7860,1
7,2013-07-29,17567,1
8,2013-07-29,8276,1
9,2013-07-29,8148,1
10,2013-07-29,7368,1
11,2013-07-29,11141,1
12,2013-07-29,13242,1
13,2013-07-29,8888,1
14,2013-07-29,8053,1
15,2013-07-29,10048,1
16,2013-07-29,10254,1
17,2013-07-29,10772,1
18,2013-07-29,9018,1
19,2013-07-29,9058,1
20,2013-07-29,8908,1
21,2013-07-29,9808,1
22,2013-07-29,6844,1
23,2013-07-29,8431,1
24,2013-07-29,13390,1
25,2013-07-29,15385,1
26,2013-07-29,11778,1
27,2013-07-29,13977,1
28,2013-07-29,8782,1
29,2013-07-29,11672,1
30,2013-07-29,9703,1
31,2013-07-29,9746,1
32,2013-07-29,5940,1
33,2013-07-29,11336,1
34,2013-07-29,10359,1
35,2013-07-29,14261,1
36,2013-07-29,11560,1
37,2013-07-29,11211,1
38,2013-07-29,10836,1
39,2013-07-29,8962,1
40,2013-07-29,6874,1
41,2013-07-29,6912,1
42,2013-07-29,13874,1
43,2013-07-29,10855,1
44,2013-07-29,7940,1
45,2013-07-29,8455,1
46,2013-07-29,7953,1
47,2013-07-29,10705,1
48,2013-07-29,5983,1
49,2013-07-29,11128,1
50,2013-07-29,7058,1
1,2013-07-27,3352,1
2,2013-07-27,2059,1
3,2013-07-27,3845,1
4,2013-07-27,7118,1
5,2013-07-27,2321,1
6,2013-07-27,3365,1
7,2013-07-27,6469,1
8,2013-07-27,2257,1
9,2013-07-27,4153,1
10,2013-07-27,3927,1
11,2013-07-27,5173,1
12,2013-07-27,5593,1
13,2013-07-27,4077,1
14,2013-07-27,2962,1
15,2013-07-27,5366,1
16,2013-07-27,5010,1
17,2013-07-27,2567,1
18,2013-07-27,4062,1
19,2013-07-27,3585,1
20,2013-07-27,4089,1
21,2013-07-27,4061,1
22,2013-07-27,3083,1
23,2013-07-27,3722,1
24,2013-07-27,6123,1
25,2013-07-27,7543,1
26,2013-07-27,4461,1
27,2013-07-27,5502,1
28,2013-07-27,2537,1
29,2013-07-27,5135,1
30,2013-07-27,4833,1
31,2013-07-27,5448,1
32,2013-07-27,2427,1
33,2013-07-27,6939,1
34,2013-07-27,6064,1
35,2013-07-27,6318,1
36,2013-07-27,9719,1
37,2013-07-27,6728,1
38,2013-07-27,5918,1
39,2013-07-27,2259,1
40,2013-07-27,4371,1
41,2013-07-27,4115,1
42,2013-07-27,6054,1
43,2013-07-27,4795,1
44,2013-07-27,2311,1
45,2013-07-27,4584,1
46,2013-07-27,4280,1
47,2013-07-27,4327,1
48,2013-07-27,3238,1
49,2013-07-27,6587,1
50,2013-07-27,3035,1
1,2013-07-26,4221,1
2,2013-07-26,3441,1
3,2013-07-26,5283,1
4,2013-07-26,6436,1
5,2013-07-26,4432,1
6,2013-07-26,5370,1
7,2013-07-26,8572,1
8,2013-07-26,3011,1
9,2013-07-26,5007,1
10,2013-07-26,4264,1
11,2013-07-26,6012,1
12,2013-07-26,5261,1
13,2013-07-26,3353,1
14,2013-07-26,4441,1
15,2013-07-26,5740,1
16,2013-07-26,6963,1
17,2013-07-26,4825,1
18,2013-07-26,5506,1
19,2013-07-26,4752,1
20,2013-07-26,6143,1
21,2013-07-26,4640,1
22,2013-07-26,3866,1
23,2013-07-26,4414,1
24,2013-07-26,7606,1
25,2013-07-26,8420,1
26,2013-07-26,5021,1
27,2013-07-26,6721,1
28,2013-07-26,4813,1
29,2013-07-26,5322,1
30,2013-07-26,5398,1
31,2013-07-26,5849,1
32,2013-07-26,3437,1
33,2013-07-26,7429,1
34,2013-07-26,5826,1
35,2013-07-26,6641,1
36,2013-07-26,8502,1
37,2013-07-26,6376,1
38,2013-07-26,3949,1
39,2013-07-26,2877,1
40,2013-07-26,3827,1
41,2013-07-26,4129,1
42,2013-07-26,7296,1
43,2013-07-26,6020,1
44,2013-07-26,3582,1
45,2013-07-26,4675,1
46,2013-07-26,4106,1
47,2013-07-26,5299,1
48,2013-07-26,3160,1
49,2013-07-26,6538,1
50,2013-07-26,3508,1
1,2013-07-25,3502,1
2,2013-07-25,3531,1
3,2013-07-25,5936,1
4,2013-07-25,6893,1
5,2013-07-25,4616,1
6,2013-07-25,5203,1
7,2013-07-25,9584,1
8,2013-07-25,3986,1
9,2013-07-25,5010,1
10,2013-07-25,4238,1
11,2013-07-25,6985,1
12,2013-07-25,5257,1
13,2013-07-25,3446,1
14,2013-07-25,4509,1
15,2013-07-25,4982,1
16,2013-07-25,7644,1
17,2013-07-25,4695,1
18,2013-07-25,4766,1
19,2013-07-25,4863,1
20,2013-07-25,7521,1
21,2013-07-25,4125,1
22,2013-07-25,3758,1
23,2013-07-25,3953,1
24,2013-07-25,6300,1
25,2013-07-25,8231,1
26,2013-07-25,4967,1
27,2013-07-25,6951,1
28,2013-07-25,5049,1
29,2013-07-25,4518,1
30,2013-07-25,5170,1
31,2013-07-25,4353,1
32,2013-07-25,3085,1
33,2013-07-25,5698,1
34,2013-07-25,6110,1
35,2013-07-25,6338,1
36,2013-07-25,8005,1
37,2013-07-25,5614,1
38,2013-07-25,3648,1
39,2013-07-25,3038,1
40,2013-07-25,4108,1
41,2013-07-25,4077,1
42,2013-07-25,7529,1
43,2013-07-25,5347,1
44,2013-07-25,3714,1
45,2013-07-25,4315,1
46,2013-07-25,3758,1
47,2013-07-25,5424,1
48,2013-07-25,3094,1
49,2013-07-25,5795,1
50,2013-07-25,3487,1
1,2013-07-24,3849,1
2,2013-07-24,4282,1
3,2013-07-24,5430,1
4,2013-07-24,6350,1
5,2013-07-24,4865,1
6,2013-07-24,5702,1
7,2013-07-24,9275,1
8,2013-07-24,3689,1
9,2013-07-24,4845,1
10,2013-07-24,4160,1
11,2013-07-24,6857,1
12,2013-07-24,5221,1
13,2013-07-24,3447,1
14,2013-07-24,4234,1
15,2013-07-24,4666,1
16,2013-07-24,6930,1
17,2013-07-24,4816,1
18,2013-07-24,4669,1
19,2013-07-24,5007,1
20,2013-07-24,5945,1
21,2013-07-24,3927,1
22,2013-07-24,3640,1
23,2013-07-24,4553,1
24,2013-07-24,7833,1
25,2013-07-24,9101,1
26,2013-07-24,4991,1
27,2013-07-24,7164,1
28,2013-07-24,4498,1
29,2013-07-24,4706,1
30,2013-07-24,4248,1
31,2013-07-24,4215,1
32,2013-07-24,3570,1
33,2013-07-24,6460,1
34,2013-07-24,6075,1
35,2013-07-24,6928,1
36,2013-07-24,7253,1
37,2013-07-24,5136,1
38,2013-07-24,4288,1
39,2013-07-24,3262,1
40,2013-07-24,4605,1
41,2013-07-24,4014,1
42,2013-07-24,7850,1
43,2013-07-24,5884,1
44,2013-07-24,4299,1
45,2013-07-24,3865,1
46,2013-07-24,3887,1
47,2013-07-24,5416,1
48,2013-07-24,2964,1
49,2013-07-24,5657,1
50,2013-07-24,3365,1
1,2013-07-23,3937,1
2,2013-07-23,3726,1
3,2013-07-23,5723,1
4,2013-07-23,5869,1
5,2013-07-23,4533,1
6,2013-07-23,5706,1
7,2013-07-23,9214,1
8,2013-07-23,3462,1
9,2013-07-23,5113,1
10,2013-07-23,4482,1
11,2013-07-23,5939,1
12,2013-07-23,4865,1
13,2013-07-23,3104,1
14,2013-07-23,4091,1
15,2013-07-23,4227,1
16,2013-07-23,6524,1
17,2013-07-23,5170,1
18,2013-07-23,4093,1
19,2013-07-23,4555,1
20,2013-07-23,7218,1
21,2013-07-23,3634,1
22,2013-07-23,3691,1
23,2013-07-23,3372,1
24,2013-07-23,6485,1
25,2013-07-23,9080,1
26,2013-07-23,3863,1
27,2013-07-23,6637,1
28,2013-07-23,4319,1
29,2013-07-23,4393,1
30,2013-07-23,4970,1
31,2013-07-23,4235,1
32,2013-07-23,2972,1
33,2013-07-23,5079,1
34,2013-07-23,5742,1
35,2013-07-23,6596,1
36,2013-07-23,8380,1
37,2013-07-23,5425,1
38,2013-07-23,4189,1
39,2013-07-23,2909,1
40,2013-07-23,4120,1
41,2013-07-23,3752,1
42,2013-07-23,7077,1
43,2013-07-23,5834,1
44,2013-07-23,3921,1
45,2013-07-23,3938,1
46,2013-07-23,2882,1
47,2013-07-23,4452,1
48,2013-07-23,3442,1
49,2013-07-23,5443,1
50,2013-07-23,2858,1
1,2013-07-22,4149,1
2,2013-07-22,3658,1
3,2013-07-22,5152,1
4,2013-07-22,7070,1
5,2013-07-22,4704,1
6,2013-07-22,6092,1
7,2013-07-22,8915,1
8,2013-07-22,3989,1
9,2013-07-22,5150,1
10,2013-07-22,4553,1
11,2013-07-22,6575,1
12,2013-07-22,5507,1
13,2013-07-22,3781,1
14,2013-07-22,4910,1
15,2013-07-22,5247,1
16,2013-07-22,6290,1
17,2013-07-22,5289,1
18,2013-07-22,5489,1
19,2013-07-22,4602,1
20,2013-07-22,8162,1
21,2013-07-22,3929,1
22,2013-07-22,3973,1
23,2013-07-22,3861,1
24,2013-07-22,7255,1
25,2013-07-22,10119,1
26,2013-07-22,5149,1
27,2013-07-22,7799,1
28,2013-07-22,5216,1
29,2013-07-22,4846,1
30,2013-07-22,5018,1
31,2013-07-22,4724,1
32,2013-07-22,3903,1
33,2013-07-22,7005,1
34,2013-07-22,6304,1
35,2013-07-22,7117,1
36,2013-07-22,9089,1
37,2013-07-22,5147,1
38,2013-07-22,4474,1
39,2013-07-22,3753,1
40,2013-07-22,3579,1
41,2013-07-22,3274,1
42,2013-07-22,7629,1
43,2013-07-22,5728,1
44,2013-07-22,3726,1
45,2013-07-22,4567,1
46,2013-07-22,3926,1
47,2013-07-22,5716,1
48,2013-07-22,3469,1
49,2013-07-22,5258,1
50,2013-07-22,3023,1
1,2013-07-20,4421,1
2,2013-07-20,2670,1
3,2013-07-20,4392,1
4,2013-07-20,7589,1
5,2013-07-20,2231,1
6,2013-07-20,3817,1
7,2013-07-20,5608,1
8,2013-07-20,1949,1
9,2013-07-20,6220,1
10,2013-07-20,3957,1
11,2013-07-20,5229,1
12,2013-07-20,5758,1
13,2013-07-20,3636,1
14,2013-07-20,3607,1
15,2013-07-20,5290,1
16,2013-07-20,5204,1
17,2013-07-20,2721,1
18,2013-07-20,4351,1
19,2013-07-20,3833,1
20,2013-07-20,4825,1
21,2013-07-20,4512,1
22,2013-07-20,3016,1
23,2013-07-20,4079,1
24,2013-07-20,7160,1
25,2013-07-20,8545,1
26,2013-07-20,4995,1
27,2013-07-20,7195,1
28,2013-07-20,2818,1
29,2013-07-20,5600,1
30,2013-07-20,5710,1
31,2013-07-20,4550,1
32,2013-07-20,2488,1
33,2013-07-20,8248,1
34,2013-07-20,5653,1
35,2013-07-20,7923,1
36,2013-07-20,8828,1
37,2013-07-20,7389,1
38,2013-07-20,7413,1
39,2013-07-20,2474,1
40,2013-07-20,5112,1
41,2013-07-20,4429,1
42,2013-07-20,8724,1
43,2013-07-20,4761,1
44,2013-07-20,2933,1
45,2013-07-20,5308,1
46,2013-07-20,4276,1
47,2013-07-20,4289,1
48,2013-07-20,2808,1
49,2013-07-20,7277,1
50,2013-07-20,3710,1
1,2013-07-19,4275,1
2,2013-07-19,4885,1
3,2013-07-19,9174,1
4,2013-07-19,8236,1
5,2013-07-19,6197,1
6,2013-07-19,7280,1
7,2013-07-19,11476,1
8,2013-07-19,5194,1
9,2013-07-19,7820,1
10,2013-07-19,6122,1
11,2013-07-19,7898,1
12,2013-07-19,7687,1
13,2013-07-19,6487,1
14,2013-07-19,6754,1
15,2013-07-19,7808,1
16,2013-07-19,8209,1
17,2013-07-19,6497,1
18,2013-07-19,7778,1
19,2013-07-19,7128,1
20,2013-07-19,7608,1
21,2013-07-19,6817,1
22,2013-07-19,4945,1
23,2013-07-19,6083,1
24,2013-07-19,11428,1
25,2013-07-19,12032,1
26,2013-07-19,6931,1
27,2013-07-19,11552,1
28,2013-07-19,5592,1
29,2013-07-19,7024,1
30,2013-07-19,6123,1
31,2013-07-19,7008,1
32,2013-07-19,4800,1
33,2013-07-19,10287,1
34,2013-07-19,7704,1
35,2013-07-19,11356,1
36,2013-07-19,8503,1
37,2013-07-19,8963,1
38,2013-07-19,6342,1
39,2013-07-19,4764,1
40,2013-07-19,5599,1
41,2013-07-19,4103,1
42,2013-07-19,11240,1
43,2013-07-19,8217,1
44,2013-07-19,5334,1
45,2013-07-19,6689,1
46,2013-07-19,5844,1
47,2013-07-19,5849,1
48,2013-07-19,3895,1
49,2013-07-19,7641,1
50,2013-07-19,4582,1
1,2013-07-18,4904,1
2,2013-07-18,5907,1
3,2013-07-18,9098,1
4,2013-07-18,8088,1
5,2013-07-18,6316,1
6,2013-07-18,6576,1
7,2013-07-18,10171,1
8,2013-07-18,5928,1
9,2013-07-18,7334,1
10,2013-07-18,5048,1
11,2013-07-18,7355,1
12,2013-07-18,7939,1
13,2013-07-18,4957,1
14,2013-07-18,6954,1
15,2013-07-18,6090,1
16,2013-07-18,7850,1
17,2013-07-18,6852,1
18,2013-07-18,6394,1
19,2013-07-18,7435,1
20,2013-07-18,9368,1
21,2013-07-18,7030,1
22,2013-07-18,4863,1
23,2013-07-18,5365,1
24,2013-07-18,10818,1
25,2013-07-18,13204,1
26,2013-07-18,7603,1
27,2013-07-18,10432,1
28,2013-07-18,5954,1
29,2013-07-18,6573,1
30,2013-07-18,7027,1
31,2013-07-18,5899,1
32,2013-07-18,4880,1
33,2013-07-18,9440,1
34,2013-07-18,7220,1
35,2013-07-18,11401,1
36,2013-07-18,9560,1
37,2013-07-18,7906,1
38,2013-07-18,7004,1
39,2013-07-18,4514,1
40,2013-07-18,5590,1
41,2013-07-18,5019,1
42,2013-07-18,10943,1
43,2013-07-18,9465,1
44,2013-07-18,5190,1
45,2013-07-18,6924,1
46,2013-07-18,5781,1
47,2013-07-18,6025,1
48,2013-07-18,4283,1
49,2013-07-18,8548,1
50,2013-07-18,4473,1
1,2013-07-17,4946,1
2,2013-07-17,6219,1
3,2013-07-17,9886,1
4,2013-07-17,8611,1
5,2013-07-17,7126,1
6,2013-07-17,6913,1
7,2013-07-17,10133,1
8,2013-07-17,5267,1
9,2013-07-17,7542,1
10,2013-07-17,5200,1
11,2013-07-17,8354,1
12,2013-07-17,7612,1
13,2013-07-17,5647,1
14,2013-07-17,6660,1
15,2013-07-17,6076,1
16,2013-07-17,9015,1
17,2013-07-17,7644,1
18,2013-07-17,6751,1
19,2013-07-17,7175,1
20,2013-07-17,8056,1
21,2013-07-17,6857,1
22,2013-07-17,4621,1
23,2013-07-17,5995,1
24,2013-07-17,10409,1
25,2013-07-17,13146,1
26,2013-07-17,7554,1
27,2013-07-17,11808,1
28,2013-07-17,5503,1
29,2013-07-17,8096,1
30,2013-07-17,6431,1
31,2013-07-17,5543,1
32,2013-07-17,4510,1
33,2013-07-17,9888,1
34,2013-07-17,7608,1
35,2013-07-17,11626,1
36,2013-07-17,8505,1
37,2013-07-17,7635,1
38,2013-07-17,8035,1
39,2013-07-17,5449,1
40,2013-07-17,5595,1
41,2013-07-17,5057,1
42,2013-07-17,11705,1
43,2013-07-17,8619,1
44,2013-07-17,5773,1
45,2013-07-17,5374,1
46,2013-07-17,5579,1
47,2013-07-17,7096,1
48,2013-07-17,3758,1
49,2013-07-17,7955,1
50,2013-07-17,4405,1
1,2013-07-16,5643,1
2,2013-07-16,6670,1
3,2013-07-16,11756,1
4,2013-07-16,9349,1
5,2013-07-16,6027,1
6,2013-07-16,7554,1
7,2013-07-16,11993,1
8,2013-07-16,6908,1
9,2013-07-16,8576,1
10,2013-07-16,6093,1
11,2013-07-16,8490,1
12,2013-07-16,8547,1
13,2013-07-16,6724,1
14,2013-07-16,7439,1
15,2013-07-16,7713,1
16,2013-07-16,9021,1
17,2013-07-16,9223,1
18,2013-07-16,6656,1
19,2013-07-16,8143,1
20,2013-07-16,8314,1
21,2013-07-16,7589,1
22,2013-07-16,5526,1
23,2013-07-16,6275,1
24,2013-07-16,11239,1
25,2013-07-16,14671,1
26,2013-07-16,7457,1
27,2013-07-16,14184,1
28,2013-07-16,7209,1
29,2013-07-16,9088,1
30,2013-07-16,8059,1
31,2013-07-16,6841,1
32,2013-07-16,5671,1
33,2013-07-16,10829,1
34,2013-07-16,8582,1
35,2013-07-16,12844,1
36,2013-07-16,10344,1
37,2013-07-16,8711,1
38,2013-07-16,8963,1
39,2013-07-16,5952,1
40,2013-07-16,6876,1
41,2013-07-16,4677,1
42,2013-07-16,12978,1
43,2013-07-16,9197,1
44,2013-07-16,6145,1
45,2013-07-16,5594,1
46,2013-07-16,6157,1
47,2013-07-16,7825,1
48,2013-07-16,3973,1
49,2013-07-16,6782,1
50,2013-07-16,4960,1
1,2013-07-15,6377,1
2,2013-07-15,8528,1
3,2013-07-15,12179,1
4,2013-07-15,11658,1
5,2013-07-15,9299,1
6,2013-07-15,8493,1
7,2013-07-15,14636,1
8,2013-07-15,7751,1
9,2013-07-15,9208,1
10,2013-07-15,7179,1
11,2013-07-15,11546,1
12,2013-07-15,11095,1
13,2013-07-15,8572,1
14,2013-07-15,9020,1
15,2013-07-15,8521,1
16,2013-07-15,11326,1
17,2013-07-15,11803,1
18,2013-07-15,9567,1
19,2013-07-15,10002,1
20,2013-07-15,10130,1
21,2013-07-15,9478,1
22,2013-07-15,5963,1
23,2013-07-15,8538,1
24,2013-07-15,14177,1
25,2013-07-15,16373,1
26,2013-07-15,10706,1
27,2013-07-15,16518,1
28,2013-07-15,8476,1
29,2013-07-15,11712,1
30,2013-07-15,8859,1
31,2013-07-15,7434,1
32,2013-07-15,6559,1
33,2013-07-15,12195,1
34,2013-07-15,11725,1
35,2013-07-15,16671,1
36,2013-07-15,11361,1
37,2013-07-15,11654,1
38,2013-07-15,12387,1
39,2013-07-15,8560,1
40,2013-07-15,7297,1
41,2013-07-15,6239,1
42,2013-07-15,14181,1
43,2013-07-15,12119,1
44,2013-07-15,8431,1
45,2013-07-15,8227,1
46,2013-07-15,9368,1
47,2013-07-15,10378,1
48,2013-07-15,5545,1
49,2013-07-15,9474,1
50,2013-07-15,6680,1
1,2013-07-13,4015,1
2,2013-07-13,2838,1
3,2013-07-13,4056,1
4,2013-07-13,7531,1
5,2013-07-13,2451,1
6,2013-07-13,4178,1
7,2013-07-13,5896,1
8,2013-07-13,2335,1
9,2013-07-13,4944,1
10,2013-07-13,4090,1
11,2013-07-13,5759,1
12,2013-07-13,6183,1
13,2013-07-13,4141,1
14,2013-07-13,3586,1
15,2013-07-13,5736,1
16,2013-07-13,4794,1
17,2013-07-13,3181,1
18,2013-07-13,4528,1
19,2013-07-13,3379,1
20,2013-07-13,5698,1
21,2013-07-13,4597,1
22,2013-07-13,3580,1
23,2013-07-13,3875,1
24,2013-07-13,6866,1
25,2013-07-13,8188,1
26,2013-07-13,4972,1
27,2013-07-13,7157,1
28,2013-07-13,2529,1
29,2013-07-13,6075,1
30,2013-07-13,5153,1
31,2013-07-13,5151,1
32,2013-07-13,2523,1
33,2013-07-13,7981,1
34,2013-07-13,6377,1
35,2013-07-13,7621,1
36,2013-07-13,8635,1
37,2013-07-13,8531,1
38,2013-07-13,5740,1
39,2013-07-13,2778,1
40,2013-07-13,6022,1
41,2013-07-13,3891,1
42,2013-07-13,7664,1
43,2013-07-13,4473,1
44,2013-07-13,3017,1
45,2013-07-13,5362,1
46,2013-07-13,4530,1
47,2013-07-13,4620,1
48,2013-07-13,2530,1
49,2013-07-13,6605,1
50,2013-07-13,3799,1
1,2013-07-12,4134,1
2,2013-07-12,4605,1
3,2013-07-12,5769,1
4,2013-07-12,7137,1
5,2013-07-12,4885,1
6,2013-07-12,6575,1
7,2013-07-12,8921,1
8,2013-07-12,3881,1
9,2013-07-12,5114,1
10,2013-07-12,4595,1
11,2013-07-12,6459,1
12,2013-07-12,5483,1
13,2013-07-12,3345,1
14,2013-07-12,4933,1
15,2013-07-12,5685,1
16,2013-07-12,7281,1
17,2013-07-12,5837,1
18,2013-07-12,6688,1
19,2013-07-12,5268,1
20,2013-07-12,6329,1
21,2013-07-12,3973,1
22,2013-07-12,4005,1
23,2013-07-12,4568,1
24,2013-07-12,8233,1
25,2013-07-12,9445,1
26,2013-07-12,5640,1
27,2013-07-12,7570,1
28,2013-07-12,5626,1
29,2013-07-12,5200,1
30,2013-07-12,4431,1
31,2013-07-12,5346,1
32,2013-07-12,3492,1
33,2013-07-12,7160,1
34,2013-07-12,6285,1
35,2013-07-12,9127,1
36,2013-07-12,7807,1
37,2013-07-12,7621,1
38,2013-07-12,4356,1
39,2013-07-12,3796,1
40,2013-07-12,3926,1
41,2013-07-12,4111,1
42,2013-07-12,7277,1
43,2013-07-12,6302,1
44,2013-07-12,4228,1
45,2013-07-12,4829,1
46,2013-07-12,3988,1
47,2013-07-12,4882,1
48,2013-07-12,3241,1
49,2013-07-12,6693,1
50,2013-07-12,3675,1
1,2013-07-11,4053,1
2,2013-07-11,4772,1
3,2013-07-11,6035,1
4,2013-07-11,6653,1
5,2013-07-11,4935,1
6,2013-07-11,5796,1
7,2013-07-11,8140,1
8,2013-07-11,4399,1
9,2013-07-11,5185,1
10,2013-07-11,4161,1
11,2013-07-11,6674,1
12,2013-07-11,6358,1
13,2013-07-11,2952,1
14,2013-07-11,4962,1
15,2013-07-11,5356,1
16,2013-07-11,6207,1
17,2013-07-11,6028,1
18,2013-07-11,5692,1
19,2013-07-11,4890,1
20,2013-07-11,8000,1
21,2013-07-11,3493,1
22,2013-07-11,4463,1
23,2013-07-11,4718,1
24,2013-07-11,7850,1
25,2013-07-11,9237,1
26,2013-07-11,5287,1
27,2013-07-11,7913,1
28,2013-07-11,5732,1
29,2013-07-11,4410,1
30,2013-07-11,5894,1
31,2013-07-11,5143,1
32,2013-07-11,3499,1
33,2013-07-11,6823,1
34,2013-07-11,6413,1
35,2013-07-11,6971,1
36,2013-07-11,7305,1
37,2013-07-11,6695,1
38,2013-07-11,4283,1
39,2013-07-11,3363,1
40,2013-07-11,4437,1
41,2013-07-11,3603,1
42,2013-07-11,8664,1
43,2013-07-11,5658,1
44,2013-07-11,3987,1
45,2013-07-11,4542,1
46,2013-07-11,3983,1
47,2013-07-11,5832,1
48,2013-07-11,3584,1
49,2013-07-11,5808,1
50,2013-07-11,3558,1
1,2013-07-10,3963,1
2,2013-07-10,5244,1
3,2013-07-10,6691,1
4,2013-07-10,6519,1
5,2013-07-10,5038,1
6,2013-07-10,5765,1
7,2013-07-10,8982,1
8,2013-07-10,3668,1
9,2013-07-10,4495,1
10,2013-07-10,4305,1
11,2013-07-10,7603,1
12,2013-07-10,5953,1
13,2013-07-10,3121,1
14,2013-07-10,5038,1
15,2013-07-10,5036,1
16,2013-07-10,6472,1
17,2013-07-10,6132,1
18,2013-07-10,5570,1
19,2013-07-10,5261,1
20,2013-07-10,7278,1
21,2013-07-10,2801,1
22,2013-07-10,3350,1
23,2013-07-10,4422,1
24,2013-07-10,7777,1
25,2013-07-10,8991,1
26,2013-07-10,5077,1
27,2013-07-10,8053,1
28,2013-07-10,4180,1
29,2013-07-10,4952,1
30,2013-07-10,4971,1
31,2013-07-10,4312,1
32,2013-07-10,3188,1
33,2013-07-10,6400,1
34,2013-07-10,6052,1
35,2013-07-10,7403,1
36,2013-07-10,8042,1
37,2013-07-10,6557,1
38,2013-07-10,4476,1
39,2013-07-10,3635,1
40,2013-07-10,3952,1
41,2013-07-10,3108,1
42,2013-07-10,9062,1
43,2013-07-10,5732,1
44,2013-07-10,4314,1
45,2013-07-10,4329,1
46,2013-07-10,3968,1
47,2013-07-10,6157,1
48,2013-07-10,3982,1
49,2013-07-10,5624,1
50,2013-07-10,2832,1
1,2013-07-09,4047,1
2,2013-07-09,4600,1
3,2013-07-09,6097,1
4,2013-07-09,6554,1
5,2013-07-09,4758,1
6,2013-07-09,5749,1
7,2013-07-09,9463,1
8,2013-07-09,4513,1
9,2013-07-09,4720,1
10,2013-07-09,4503,1
11,2013-07-09,6797,1
12,2013-07-09,5560,1
13,2013-07-09,2732,1
14,2013-07-09,4906,1
15,2013-07-09,5101,1
16,2013-07-09,6635,1
17,2013-07-09,5434,1
18,2013-07-09,5431,1
19,2013-07-09,4458,1
20,2013-07-09,7175,1
21,2013-07-09,3553,1
22,2013-07-09,3524,1
23,2013-07-09,3228,1
24,2013-07-09,6656,1
25,2013-07-09,9397,1
26,2013-07-09,4793,1
27,2013-07-09,7240,1
28,2013-07-09,4517,1
29,2013-07-09,4352,1
30,2013-07-09,4966,1
31,2013-07-09,4291,1
32,2013-07-09,3258,1
33,2013-07-09,6696,1
34,2013-07-09,5867,1
35,2013-07-09,7176,1
36,2013-07-09,8256,1
37,2013-07-09,4854,1
38,2013-07-09,3999,1
39,2013-07-09,3373,1
40,2013-07-09,4367,1
41,2013-07-09,3105,1
42,2013-07-09,7531,1
43,2013-07-09,6214,1
44,2013-07-09,3921,1
45,2013-07-09,4160,1
46,2013-07-09,3434,1
47,2013-07-09,5463,1
48,2013-07-09,3671,1
49,2013-07-09,5668,1
50,2013-07-09,3134,1
1,2013-07-08,4475,1
2,2013-07-08,4460,1
3,2013-07-08,6103,1
4,2013-07-08,7976,1
5,2013-07-08,4896,1
6,2013-07-08,7090,1
7,2013-07-08,8490,1
8,2013-07-08,3960,1
9,2013-07-08,5226,1
10,2013-07-08,5792,1
11,2013-07-08,6893,1
12,2013-07-08,5772,1
13,2013-07-08,3639,1
14,2013-07-08,5194,1
15,2013-07-08,5515,1
16,2013-07-08,7397,1
17,2013-07-08,5727,1
18,2013-07-08,5674,1
19,2013-07-08,5285,1
20,2013-07-08,7831,1
21,2013-07-08,3678,1
22,2013-07-08,3761,1
23,2013-07-08,4373,1
24,2013-07-08,7566,1
25,2013-07-08,10457,1
26,2013-07-08,5196,1
27,2013-07-08,7849,1
28,2013-07-08,5286,1
29,2013-07-08,4809,1
30,2013-07-08,5013,1
31,2013-07-08,4825,1
32,2013-07-08,4025,1
33,2013-07-08,7384,1
34,2013-07-08,7112,1
35,2013-07-08,7372,1
36,2013-07-08,9184,1
37,2013-07-08,5955,1
38,2013-07-08,4378,1
39,2013-07-08,3585,1
40,2013-07-08,4316,1
41,2013-07-08,3412,1
42,2013-07-08,8103,1
43,2013-07-08,6630,1
44,2013-07-08,4713,1
45,2013-07-08,5211,1
46,2013-07-08,3417,1
47,2013-07-08,5780,1
48,2013-07-08,3506,1
49,2013-07-08,5613,1
50,2013-07-08,4005,1
1,2013-07-06,4090,1
2,2013-07-06,4504,1
3,2013-07-06,4882,1
4,2013-07-06,7924,1
5,2013-07-06,1957,1
6,2013-07-06,3912,1
7,2013-07-06,5608,1
8,2013-07-06,2612,1
9,2013-07-06,4996,1
10,2013-07-06,4349,1
11,2013-07-06,5373,1
12,2013-07-06,5725,1
13,2013-07-06,3809,1
14,2013-07-06,3381,1
15,2013-07-06,5546,1
16,2013-07-06,4847,1
17,2013-07-06,2572,1
18,2013-07-06,4386,1
19,2013-07-06,3621,1
20,2013-07-06,4991,1
21,2013-07-06,4333,1
22,2013-07-06,3107,1
23,2013-07-06,4105,1
24,2013-07-06,6949,1
25,2013-07-06,8033,1
26,2013-07-06,4877,1
27,2013-07-06,6907,1
28,2013-07-06,3293,1
29,2013-07-06,4796,1
30,2013-07-06,5471,1
31,2013-07-06,4570,1
32,2013-07-06,2263,1
33,2013-07-06,6545,1
34,2013-07-06,6840,1
35,2013-07-06,7106,1
36,2013-07-06,9850,1
37,2013-07-06,7971,1
38,2013-07-06,6040,1
39,2013-07-06,2749,1
40,2013-07-06,4980,1
41,2013-07-06,4459,1
42,2013-07-06,8267,1
43,2013-07-06,4874,1
44,2013-07-06,3064,1
45,2013-07-06,6314,1
46,2013-07-06,4574,1
47,2013-07-06,4483,1
48,2013-07-06,2526,1
49,2013-07-06,6151,1
50,2013-07-06,3918,1
1,2013-07-05,4986,1
2,2013-07-05,5288,1
3,2013-07-05,9257,1
4,2013-07-05,8419,1
5,2013-07-05,7054,1
6,2013-07-05,6723,1
7,2013-07-05,10005,1
8,2013-07-05,4959,1
9,2013-07-05,6015,1
10,2013-07-05,5663,1
11,2013-07-05,8218,1
12,2013-07-05,8615,1
13,2013-07-05,6080,1
14,2013-07-05,6479,1
15,2013-07-05,7359,1
16,2013-07-05,7767,1
17,2013-07-05,7540,1
18,2013-07-05,7887,1
19,2013-07-05,6474,1
20,2013-07-05,8205,1
21,2013-07-05,6564,1
22,2013-07-05,4864,1
23,2013-07-05,6991,1
24,2013-07-05,10483,1
25,2013-07-05,11162,1
26,2013-07-05,7864,1
27,2013-07-05,10915,1
28,2013-07-05,6468,1
29,2013-07-05,6449,1
30,2013-07-05,5409,1
31,2013-07-05,6486,1
32,2013-07-05,4297,1
33,2013-07-05,8251,1
34,2013-07-05,7133,1
35,2013-07-05,11012,1
36,2013-07-05,9336,1
37,2013-07-05,9154,1
38,2013-07-05,6423,1
39,2013-07-05,4442,1
40,2013-07-05,5387,1
41,2013-07-05,5158,1
42,2013-07-05,10413,1
43,2013-07-05,8735,1
44,2013-07-05,5868,1
45,2013-07-05,6932,1
46,2013-07-05,5767,1
47,2013-07-05,6451,1
48,2013-07-05,4759,1
49,2013-07-05,7222,1
50,2013-07-05,5441,1
1,2013-07-04,5701,1
2,2013-07-04,5820,1
3,2013-07-04,8932,1
4,2013-07-04,8899,1
5,2013-07-04,6473,1
6,2013-07-04,6871,1
7,2013-07-04,9256,1
8,2013-07-04,6368,1
9,2013-07-04,5678,1
10,2013-07-04,5798,1
11,2013-07-04,8614,1
12,2013-07-04,8258,1
13,2013-07-04,5655,1
14,2013-07-04,6027,1
15,2013-07-04,7395,1
16,2013-07-04,8617,1
17,2013-07-04,8797,1
18,2013-07-04,6355,1
19,2013-07-04,6651,1
20,2013-07-04,9139,1
21,2013-07-04,6320,1
22,2013-07-04,4781,1
23,2013-07-04,6675,1
24,2013-07-04,10611,1
25,2013-07-04,13672,1
26,2013-07-04,7925,1
27,2013-07-04,11532,1
28,2013-07-04,6121,1
29,2013-07-04,6929,1
30,2013-07-04,8263,1
31,2013-07-04,6326,1
32,2013-07-04,4841,1
33,2013-07-04,9013,1
34,2013-07-04,7940,1
35,2013-07-04,10152,1
36,2013-07-04,9722,1
37,2013-07-04,8857,1
38,2013-07-04,6496,1
39,2013-07-04,5070,1
40,2013-07-04,5948,1
41,2013-07-04,4406,1
42,2013-07-04,10832,1
43,2013-07-04,8336,1
44,2013-07-04,5408,1
45,2013-07-04,6773,1
46,2013-07-04,5652,1
47,2013-07-04,7643,1
48,2013-07-04,4306,1
49,2013-07-04,7647,1
50,2013-07-04,4897,1
1,2013-07-03,5875,1
2,2013-07-03,6527,1
3,2013-07-03,9924,1
4,2013-07-03,9089,1
5,2013-07-03,7100,1
6,2013-07-03,7496,1
7,2013-07-03,9851,1
8,2013-07-03,5081,1
9,2013-07-03,6141,1
10,2013-07-03,5636,1
11,2013-07-03,9397,1
12,2013-07-03,7855,1
13,2013-07-03,6756,1
14,2013-07-03,5617,1
15,2013-07-03,6819,1
16,2013-07-03,8569,1
17,2013-07-03,8149,1
18,2013-07-03,7120,1
19,2013-07-03,6649,1
20,2013-07-03,8198,1
21,2013-07-03,7046,1
22,2013-07-03,4886,1
23,2013-07-03,6582,1
24,2013-07-03,10861,1
25,2013-07-03,12757,1
26,2013-07-03,7617,1
27,2013-07-03,10335,1
28,2013-07-03,6003,1
29,2013-07-03,7240,1
30,2013-07-03,5521,1
31,2013-07-03,6470,1
32,2013-07-03,4764,1
33,2013-07-03,8836,1
34,2013-07-03,8088,1
35,2013-07-03,11590,1
36,2013-07-03,10294,1
37,2013-07-03,7711,1
38,2013-07-03,7140,1
39,2013-07-03,5025,1
40,2013-07-03,4200,1
41,2013-07-03,4936,1
42,2013-07-03,10633,1
43,2013-07-03,7331,1
44,2013-07-03,6698,1
45,2013-07-03,6908,1
46,2013-07-03,6463,1
47,2013-07-03,7426,1
48,2013-07-03,4563,1
49,2013-07-03,7776,1
50,2013-07-03,5490,1
1,2013-07-02,5868,1
2,2013-07-02,5862,1
3,2013-07-02,9158,1
4,2013-07-02,9650,1
5,2013-07-02,6652,1
6,2013-07-02,7909,1
7,2013-07-02,12421,1
8,2013-07-02,6558,1
9,2013-07-02,6950,1
10,2013-07-02,5828,1
11,2013-07-02,9266,1
12,2013-07-02,7010,1
13,2013-07-02,5930,1
14,2013-07-02,6465,1
15,2013-07-02,5561,1
16,2013-07-02,8976,1
17,2013-07-02,8580,1
18,2013-07-02,6607,1
19,2013-07-02,7200,1
20,2013-07-02,8102,1
21,2013-07-02,4989,1
22,2013-07-02,4868,1
23,2013-07-02,6255,1
24,2013-07-02,9609,1
25,2013-07-02,14010,1
26,2013-07-02,7241,1
27,2013-07-02,10332,1
28,2013-07-02,7979,1
29,2013-07-02,7142,1
30,2013-07-02,7917,1
31,2013-07-02,5489,1
32,2013-07-02,5621,1
33,2013-07-02,9609,1
34,2013-07-02,9059,1
35,2013-07-02,10373,1
36,2013-07-02,10357,1
37,2013-07-02,7974,1
38,2013-07-02,8077,1
39,2013-07-02,6075,1
40,2013-07-02,6241,1
41,2013-07-02,4850,1
42,2013-07-02,9842,1
43,2013-07-02,7047,1
44,2013-07-02,6670,1
45,2013-07-02,6438,1
46,2013-07-02,5146,1
47,2013-07-02,7700,1
48,2013-07-02,4810,1
49,2013-07-02,7493,1
50,2013-07-02,4866,1
1,2013-07-01,5614,1
2,2013-07-01,6336,1
3,2013-07-01,9469,1
4,2013-07-01,13203,1
5,2013-07-01,9047,1
6,2013-07-01,9914,1
7,2013-07-01,15123,1
8,2013-07-01,7771,1
9,2013-07-01,7929,1
10,2013-07-01,7138,1
11,2013-07-01,11358,1
12,2013-07-01,8936,1
13,2013-07-01,7594,1
14,2013-07-01,6843,1
15,2013-07-01,7979,1
16,2013-07-01,10804,1
17,2013-07-01,9751,1
18,2013-07-01,7862,1
19,2013-07-01,9599,1
20,2013-07-01,9993,1
21,2013-07-01,6839,1
22,2013-07-01,6775,1
23,2013-07-01,8257,1
24,2013-07-01,11128,1
25,2013-07-01,16225,1
26,2013-07-01,10612,1
27,2013-07-01,12585,1
28,2013-07-01,8529,1
29,2013-07-01,10059,1
30,2013-07-01,8579,1
31,2013-07-01,7571,1
32,2013-07-01,6694,1
33,2013-07-01,11759,1
34,2013-07-01,11297,1
35,2013-07-01,11542,1
36,2013-07-01,11083,1
37,2013-07-01,9696,1
38,2013-07-01,9588,1
39,2013-07-01,9882,1
40,2013-07-01,6884,1
41,2013-07-01,5817,1
42,2013-07-01,11214,1
43,2013-07-01,7445,1
44,2013-07-01,9247,1
45,2013-07-01,8510,1
46,2013-07-01,6167,1
47,2013-07-01,10184,1
48,2013-07-01,5822,1
49,2013-07-01,8588,1
50,2013-07-01,6595,1
1,2013-06-29,5804,1
2,2013-06-29,3687,1
3,2013-06-29,6227,1
4,2013-06-29,10291,1
5,2013-06-29,2460,1
6,2013-06-29,4460,1
7,2013-06-29,6067,1
8,2013-06-29,2468,1
9,2013-06-29,6041,1
10,2013-06-29,4610,1
11,2013-06-29,5957,1
12,2013-06-29,6884,1
13,2013-06-29,4179,1
14,2013-06-29,4036,1
15,2013-06-29,6465,1
16,2013-06-29,4034,1
17,2013-06-29,2999,1
18,2013-06-29,5135,1
19,2013-06-29,4085,1
20,2013-06-29,4321,1
21,2013-06-29,6193,1
22,2013-06-29,2737,1
23,2013-06-29,4667,1
24,2013-06-29,9592,1
25,2013-06-29,10906,1
26,2013-06-29,6067,1
27,2013-06-29,8512,1
28,2013-06-29,2577,1
29,2013-06-29,7202,1
30,2013-06-29,5159,1
31,2013-06-29,5114,1
32,2013-06-29,2078,1
33,2013-06-29,10068,1
34,2013-06-29,7930,1
35,2013-06-29,10435,1
36,2013-06-29,10657,1
37,2013-06-29,8596,1
38,2013-06-29,7889,1
39,2013-06-29,2853,1
40,2013-06-29,5015,1
41,2013-06-29,5150,1
42,2013-06-29,9530,1
43,2013-06-29,6317,1
44,2013-06-29,3580,1
45,2013-06-29,6508,1
46,2013-06-29,6414,1
47,2013-06-29,5265,1
48,2013-06-29,3603,1
49,2013-06-29,7453,1
50,2013-06-29,4587,1
1,2013-06-28,4407,1
2,2013-06-28,5261,1
3,2013-06-28,8280,1
4,2013-06-28,9674,1
5,2013-06-28,5303,1
6,2013-06-28,7437,1
7,2013-06-28,10324,1
8,2013-06-28,4293,1
9,2013-06-28,5358,1
10,2013-06-28,5814,1
11,2013-06-28,8929,1
12,2013-06-28,6445,1
13,2013-06-28,3965,1
14,2013-06-28,5019,1
15,2013-06-28,7800,1
16,2013-06-28,7740,1
17,2013-06-28,6665,1
18,2013-06-28,7753,1
19,2013-06-28,6105,1
20,2013-06-28,6952,1
21,2013-06-28,4836,1
22,2013-06-28,4217,1
23,2013-06-28,4951,1
24,2013-06-28,10869,1
25,2013-06-28,12574,1
26,2013-06-28,6832,1
27,2013-06-28,9136,1
28,2013-06-28,5639,1
29,2013-06-28,5869,1
30,2013-06-28,4992,1
31,2013-06-28,6572,1
32,2013-06-28,3414,1
33,2013-06-28,7999,1
34,2013-06-28,7859,1
35,2013-06-28,10639,1
36,2013-06-28,10231,1
37,2013-06-28,7462,1
38,2013-06-28,5319,1
39,2013-06-28,4273,1
40,2013-06-28,4026,1
41,2013-06-28,4143,1
42,2013-06-28,9129,1
43,2013-06-28,7122,1
44,2013-06-28,5361,1
45,2013-06-28,5289,1
46,2013-06-28,5445,1
47,2013-06-28,6591,1
48,2013-06-28,3797,1
49,2013-06-28,6811,1
50,2013-06-28,3909,1
1,2013-06-27,3593,1
2,2013-06-27,4791,1
3,2013-06-27,6546,1
4,2013-06-27,8181,1
5,2013-06-27,4646,1
6,2013-06-27,5988,1
7,2013-06-27,7481,1
8,2013-06-27,4961,1
9,2013-06-27,4983,1
10,2013-06-27,4791,1
11,2013-06-27,6156,1
12,2013-06-27,6493,1
13,2013-06-27,3267,1
14,2013-06-27,4803,1
15,2013-06-27,6692,1
16,2013-06-27,6681,1
17,2013-06-27,5674,1
18,2013-06-27,5455,1
19,2013-06-27,5890,1
20,2013-06-27,6868,1
21,2013-06-27,3892,1
22,2013-06-27,3984,1
23,2013-06-27,3773,1
24,2013-06-27,8035,1
25,2013-06-27,9640,1
26,2013-06-27,4650,1
27,2013-06-27,7192,1
28,2013-06-27,5033,1
29,2013-06-27,4443,1
30,2013-06-27,5406,1
31,2013-06-27,4881,1
32,2013-06-27,3068,1
33,2013-06-27,6719,1
34,2013-06-27,6231,1
35,2013-06-27,7088,1
36,2013-06-27,8244,1
37,2013-06-27,5821,1
38,2013-06-27,4328,1
39,2013-06-27,3304,1
40,2013-06-27,3869,1
41,2013-06-27,3705,1
42,2013-06-27,8828,1
43,2013-06-27,6045,1
44,2013-06-27,4632,1
45,2013-06-27,4913,1
46,2013-06-27,4044,1
47,2013-06-27,6121,1
48,2013-06-27,3545,1
49,2013-06-27,5628,1
50,2013-06-27,3720,1
1,2013-06-26,3827,1
2,2013-06-26,4869,1
3,2013-06-26,5461,1
4,2013-06-26,8218,1
5,2013-06-26,4511,1
6,2013-06-26,5938,1
7,2013-06-26,7585,1
8,2013-06-26,3794,1
9,2013-06-26,4255,1
10,2013-06-26,4923,1
11,2013-06-26,7574,1
12,2013-06-26,6298,1
13,2013-06-26,3253,1
14,2013-06-26,4025,1
15,2013-06-26,5056,1
16,2013-06-26,6498,1
17,2013-06-26,4936,1
18,2013-06-26,5838,1
19,2013-06-26,4732,1
20,2013-06-26,6788,1
21,2013-06-26,3740,1
22,2013-06-26,3429,1
23,2013-06-26,3555,1
24,2013-06-26,7560,1
25,2013-06-26,8080,1
26,2013-06-26,3886,1
27,2013-06-26,6378,1
28,2013-06-26,4088,1
29,2013-06-26,4341,1
30,2013-06-26,4253,1
31,2013-06-26,4371,1
32,2013-06-26,3272,1
33,2013-06-26,6269,1
34,2013-06-26,7045,1
35,2013-06-26,6644,1
36,2013-06-26,8066,1
37,2013-06-26,5879,1
38,2013-06-26,4440,1
39,2013-06-26,3211,1
40,2013-06-26,3446,1
41,2013-06-26,3429,1
42,2013-06-26,8893,1
43,2013-06-26,5939,1
44,2013-06-26,4022,1
45,2013-06-26,4157,1
46,2013-06-26,3940,1
47,2013-06-26,5490,1
48,2013-06-26,3319,1
49,2013-06-26,5948,1
50,2013-06-26,3103,1
1,2013-06-25,4536,1
2,2013-06-25,3921,1
3,2013-06-25,5414,1
4,2013-06-25,8429,1
5,2013-06-25,3476,1
6,2013-06-25,4942,1
7,2013-06-25,8285,1
8,2013-06-25,4090,1
9,2013-06-25,5078,1
10,2013-06-25,4946,1
11,2013-06-25,6003,1
12,2013-06-25,5775,1
13,2013-06-25,3127,1
14,2013-06-25,4509,1
15,2013-06-25,4906,1
16,2013-06-25,6555,1
17,2013-06-25,5218,1
18,2013-06-25,4534,1
19,2013-06-25,5313,1
20,2013-06-25,7299,1
21,2013-06-25,3442,1
22,2013-06-25,3188,1
23,2013-06-25,3736,1
24,2013-06-25,6096,1
25,2013-06-25,8686,1
26,2013-06-25,3855,1
27,2013-06-25,6777,1
28,2013-06-25,4602,1
29,2013-06-25,4614,1
30,2013-06-25,5061,1
31,2013-06-25,4391,1
32,2013-06-25,3256,1
33,2013-06-25,6235,1
34,2013-06-25,5568,1
35,2013-06-25,6504,1
36,2013-06-25,8252,1
37,2013-06-25,4865,1
38,2013-06-25,3692,1
39,2013-06-25,3599,1
40,2013-06-25,4371,1
41,2013-06-25,3787,1
42,2013-06-25,8165,1
43,2013-06-25,5538,1
44,2013-06-25,2851,1
45,2013-06-25,3509,1
46,2013-06-25,3484,1
47,2013-06-25,5451,1
48,2013-06-25,3242,1
49,2013-06-25,5840,1
50,2013-06-25,2995,1
1,2013-06-24,3549,1
2,2013-06-24,4388,1
3,2013-06-24,6538,1
4,2013-06-24,9187,1
5,2013-06-24,4517,1
6,2013-06-24,6394,1
7,2013-06-24,8499,1
8,2013-06-24,4572,1
9,2013-06-24,5291,1
10,2013-06-24,5905,1
11,2013-06-24,7452,1
12,2013-06-24,6314,1
13,2013-06-24,3412,1
14,2013-06-24,5226,1
15,2013-06-24,5293,1
16,2013-06-24,6522,1
17,2013-06-24,5518,1
18,2013-06-24,5237,1
19,2013-06-24,5198,1
20,2013-06-24,7286,1
21,2013-06-24,3678,1
22,2013-06-24,3848,1
23,2013-06-24,4145,1
24,2013-06-24,7041,1
25,2013-06-24,10902,1
26,2013-06-24,5375,1
27,2013-06-24,7736,1
28,2013-06-24,4848,1
29,2013-06-24,5270,1
30,2013-06-24,4665,1
31,2013-06-24,4617,1
32,2013-06-24,3797,1
33,2013-06-24,6609,1
34,2013-06-24,7684,1
35,2013-06-24,7028,1
36,2013-06-24,8336,1
37,2013-06-24,5910,1
38,2013-06-24,4241,1
39,2013-06-24,3173,1
40,2013-06-24,4141,1
41,2013-06-24,4249,1
42,2013-06-24,8257,1
43,2013-06-24,6899,1
44,2013-06-24,5069,1
45,2013-06-24,4992,1
46,2013-06-24,4169,1
47,2013-06-24,5878,1
48,2013-06-24,3375,1
49,2013-06-24,5579,1
50,2013-06-24,3367,1
1,2013-06-22,4341,1
2,2013-06-22,2566,1
3,2013-06-22,4199,1
4,2013-06-22,8773,1
5,2013-06-22,2250,1
6,2013-06-22,4501,1
7,2013-06-22,5582,1
8,2013-06-22,2326,1
9,2013-06-22,4731,1
10,2013-06-22,4795,1
11,2013-06-22,6328,1
12,2013-06-22,5976,1
13,2013-06-22,4573,1
14,2013-06-22,3776,1
15,2013-06-22,5381,1
16,2013-06-22,4937,1
17,2013-06-22,2332,1
18,2013-06-22,4129,1
19,2013-06-22,3617,1
20,2013-06-22,5322,1
21,2013-06-22,4477,1
22,2013-06-22,3574,1
23,2013-06-22,4220,1
24,2013-06-22,7134,1
25,2013-06-22,8177,1
26,2013-06-22,5400,1
27,2013-06-22,7193,1
28,2013-06-22,2920,1
29,2013-06-22,5794,1
30,2013-06-22,5487,1
31,2013-06-22,5654,1
32,2013-06-22,1954,1
33,2013-06-22,8118,1
34,2013-06-22,7900,1
35,2013-06-22,6830,1
36,2013-06-22,10300,1
37,2013-06-22,8090,1
38,2013-06-22,5359,1
39,2013-06-22,2232,1
40,2013-06-22,5509,1
41,2013-06-22,4812,1
42,2013-06-22,7343,1
43,2013-06-22,4693,1
44,2013-06-22,3353,1
45,2013-06-22,5350,1
46,2013-06-22,4598,1
47,2013-06-22,5074,1
48,2013-06-22,3949,1
49,2013-06-22,6559,1
50,2013-06-22,3972,1
1,2013-06-21,5173,1
2,2013-06-21,5333,1
3,2013-06-21,8739,1
4,2013-06-21,9438,1
5,2013-06-21,6029,1
6,2013-06-21,7285,1
7,2013-06-21,9302,1
8,2013-06-21,5986,1
9,2013-06-21,5515,1
10,2013-06-21,5687,1
11,2013-06-21,7584,1
12,2013-06-21,8028,1
13,2013-06-21,6374,1
14,2013-06-21,6202,1
15,2013-06-21,7149,1
16,2013-06-21,8367,1
17,2013-06-21,7590,1
18,2013-06-21,6933,1
19,2013-06-21,7497,1
20,2013-06-21,7579,1
21,2013-06-21,6629,1
22,2013-06-21,5708,1
23,2013-06-21,6453,1
24,2013-06-21,10172,1
25,2013-06-21,11100,1
26,2013-06-21,8123,1
27,2013-06-21,10671,1
28,2013-06-21,5866,1
29,2013-06-21,5737,1
30,2013-06-21,5773,1
31,2013-06-21,7112,1
32,2013-06-21,4629,1
33,2013-06-21,9088,1
34,2013-06-21,8404,1
35,2013-06-21,10839,1
36,2013-06-21,9547,1
37,2013-06-21,9086,1
38,2013-06-21,6286,1
39,2013-06-21,4813,1
40,2013-06-21,4701,1
41,2013-06-21,4912,1
42,2013-06-21,9827,1
43,2013-06-21,8903,1
44,2013-06-21,5897,1
45,2013-06-21,6690,1
46,2013-06-21,6012,1
47,2013-06-21,6864,1
48,2013-06-21,4726,1
49,2013-06-21,7559,1
50,2013-06-21,5614,1
1,2013-06-20,5011,1
2,2013-06-20,4683,1
3,2013-06-20,6633,1
4,2013-06-20,9545,1
5,2013-06-20,5315,1
6,2013-06-20,6298,1
7,2013-06-20,8683,1
8,2013-06-20,6645,1
9,2013-06-20,5400,1
10,2013-06-20,5286,1
11,2013-06-20,8004,1
12,2013-06-20,8078,1
13,2013-06-20,4247,1
14,2013-06-20,5520,1
15,2013-06-20,6610,1
16,2013-06-20,7327,1
17,2013-06-20,5778,1
18,2013-06-20,5322,1
19,2013-06-20,5363,1
20,2013-06-20,8086,1
21,2013-06-20,5629,1
22,2013-06-20,4168,1
23,2013-06-20,6045,1
24,2013-06-20,8689,1
25,2013-06-20,11189,1
26,2013-06-20,5879,1
27,2013-06-20,8941,1
28,2013-06-20,5964,1
29,2013-06-20,2576,1
30,2013-06-20,5534,1
31,2013-06-20,5957,1
32,2013-06-20,3756,1
33,2013-06-20,7050,1
34,2013-06-20,8708,1
35,2013-06-20,8746,1
36,2013-06-20,8566,1
37,2013-06-20,7595,1
38,2013-06-20,5331,1
39,2013-06-20,3994,1
40,2013-06-20,4488,1
41,2013-06-20,4098,1
42,2013-06-20,8729,1
43,2013-06-20,5662,1
44,2013-06-20,5006,1
45,2013-06-20,5840,1
46,2013-06-20,5030,1
47,2013-06-20,6413,1
48,2013-06-20,5026,1
49,2013-06-20,6013,1
50,2013-06-20,4267,1
1,2013-06-19,4180,1
2,2013-06-19,5708,1
3,2013-06-19,7745,1
4,2013-06-19,9357,1
5,2013-06-19,5594,1
6,2013-06-19,6975,1
7,2013-06-19,9036,1
8,2013-06-19,5355,1
9,2013-06-19,5116,1
10,2013-06-19,5697,1
11,2013-06-19,7887,1
12,2013-06-19,7799,1
13,2013-06-19,5093,1
14,2013-06-19,6356,1
15,2013-06-19,7123,1
16,2013-06-19,7837,1
17,2013-06-19,5940,1
18,2013-06-19,6247,1
19,2013-06-19,6078,1
20,2013-06-19,7128,1
21,2013-06-19,5083,1
22,2013-06-19,4240,1
23,2013-06-19,5252,1
24,2013-06-19,8289,1
25,2013-06-19,10347,1
26,2013-06-19,6181,1
27,2013-06-19,8684,1
28,2013-06-19,5576,1
29,2013-06-19,5974,1
30,2013-06-19,4744,1
31,2013-06-19,5898,1
32,2013-06-19,4646,1
33,2013-06-19,6935,1
34,2013-06-19,8477,1
35,2013-06-19,8311,1
36,2013-06-19,8420,1
37,2013-06-19,6437,1
38,2013-06-19,5245,1
39,2013-06-19,4116,1
40,2013-06-19,4150,1
41,2013-06-19,4041,1
42,2013-06-19,9370,1
43,2013-06-19,6871,1
44,2013-06-19,5379,1
45,2013-06-19,4717,1
46,2013-06-19,4656,1
47,2013-06-19,7160,1
48,2013-06-19,4562,1
49,2013-06-19,6248,1
50,2013-06-19,3940,1
1,2013-06-18,4633,1
2,2013-06-18,5309,1
3,2013-06-18,9065,1
4,2013-06-18,9796,1
5,2013-06-18,5853,1
6,2013-06-18,7317,1
7,2013-06-18,10651,1
8,2013-06-18,7131,1
9,2013-06-18,6040,1
10,2013-06-18,7078,1
11,2013-06-18,9044,1
12,2013-06-18,8538,1
13,2013-06-18,5246,1
14,2013-06-18,5977,1
15,2013-06-18,6616,1
16,2013-06-18,8429,1
17,2013-06-18,7350,1
18,2013-06-18,6090,1
19,2013-06-18,6556,1
20,2013-06-18,8191,1
21,2013-06-18,6052,1
22,2013-06-18,4384,1
23,2013-06-18,5473,1
24,2013-06-18,9119,1
25,2013-06-18,11178,1
26,2013-06-18,6622,1
27,2013-06-18,9859,1
28,2013-06-18,7202,1
29,2013-06-18,6091,1
30,2013-06-18,6736,1
31,2013-06-18,6238,1
32,2013-06-18,5444,1
33,2013-06-18,8448,1
34,2013-06-18,9403,1
35,2013-06-18,10107,1
36,2013-06-18,9282,1
37,2013-06-18,7739,1
38,2013-06-18,5848,1
39,2013-06-18,4883,1
40,2013-06-18,4458,1
41,2013-06-18,4101,1
42,2013-06-18,9690,1
43,2013-06-18,8648,1
44,2013-06-18,6474,1
45,2013-06-18,5544,1
46,2013-06-18,5380,1
47,2013-06-18,7615,1
48,2013-06-18,4778,1
49,2013-06-18,7286,1
50,2013-06-18,3886,1
1,2013-06-17,5337,1
2,2013-06-17,7259,1
3,2013-06-17,10328,1
4,2013-06-17,13108,1
5,2013-06-17,8126,1
6,2013-06-17,7995,1
7,2013-06-17,12592,1
8,2013-06-17,8248,1
9,2013-06-17,7704,1
10,2013-06-17,7854,1
11,2013-06-17,10398,1
12,2013-06-17,10439,1
13,2013-06-17,6878,1
14,2013-06-17,8894,1
15,2013-06-17,8320,1
16,2013-06-17,8955,1
17,2013-06-17,9765,1
18,2013-06-17,8625,1
19,2013-06-17,8710,1
20,2013-06-17,9486,1
21,2013-06-17,6710,1
22,2013-06-17,6072,1
23,2013-06-17,7823,1
24,2013-06-17,13427,1
25,2013-06-17,14196,1
26,2013-06-17,9218,1
27,2013-06-17,12688,1
28,2013-06-17,8693,1
29,2013-06-17,10016,1
30,2013-06-17,7546,1
31,2013-06-17,7075,1
32,2013-06-17,6230,1
33,2013-06-17,10956,1
34,2013-06-17,12440,1
35,2013-06-17,13015,1
36,2013-06-17,11274,1
37,2013-06-17,9260,1
38,2013-06-17,9133,1
39,2013-06-17,6264,1
40,2013-06-17,6218,1
41,2013-06-17,4661,1
42,2013-06-17,12441,1
43,2013-06-17,9621,1
44,2013-06-17,8337,1
45,2013-06-17,6801,1
46,2013-06-17,7276,1
47,2013-06-17,8333,1
48,2013-06-17,5122,1
49,2013-06-17,9296,1
50,2013-06-17,5396,1
1,2013-06-15,4766,1
2,2013-06-15,2724,1
3,2013-06-15,4330,1
4,2013-06-15,9774,1
5,2013-06-15,1970,1
6,2013-06-15,3951,1
7,2013-06-15,6090,1
8,2013-06-15,2653,1
9,2013-06-15,5094,1
10,2013-06-15,4765,1
11,2013-06-15,6806,1
12,2013-06-15,6208,1
13,2013-06-15,3994,1
14,2013-06-15,3384,1
15,2013-06-15,5561,1
16,2013-06-15,5320,1
17,2013-06-15,2347,1
18,2013-06-15,4677,1
19,2013-06-15,4191,1
20,2013-06-15,4821,1
21,2013-06-15,4105,1
22,2013-06-15,3000,1
23,2013-06-15,4537,1
24,2013-06-15,6971,1
25,2013-06-15,8371,1
26,2013-06-15,5064,1
27,2013-06-15,7484,1
28,2013-06-15,2765,1
29,2013-06-15,5714,1
30,2013-06-15,5358,1
31,2013-06-15,5301,1
32,2013-06-15,2468,1
33,2013-06-15,8626,1
34,2013-06-15,7133,1
35,2013-06-15,7035,1
36,2013-06-15,9001,1
37,2013-06-15,9023,1
38,2013-06-15,5849,1
39,2013-06-15,2259,1
40,2013-06-15,5184,1
41,2013-06-15,4009,1
42,2013-06-15,7882,1
43,2013-06-15,3497,1
44,2013-06-15,3393,1
45,2013-06-15,5771,1
46,2013-06-15,4231,1
47,2013-06-15,4721,1
48,2013-06-15,3404,1
49,2013-06-15,6679,1
50,2013-06-15,4224,1
1,2013-06-14,4150,1
2,2013-06-14,4437,1
3,2013-06-14,6440,1
4,2013-06-14,8291,1
5,2013-06-14,4487,1
6,2013-06-14,6440,1
7,2013-06-14,8240,1
8,2013-06-14,3828,1
9,2013-06-14,4919,1
10,2013-06-14,5055,1
11,2013-06-14,7545,1
12,2013-06-14,5895,1
13,2013-06-14,4056,1
14,2013-06-14,5660,1
15,2013-06-14,5235,1
16,2013-06-14,7125,1
17,2013-06-14,5393,1
18,2013-06-14,5633,1
19,2013-06-14,6549,1
20,2013-06-14,6457,1
21,2013-06-14,3722,1
22,2013-06-14,4414,1
23,2013-06-14,5031,1
24,2013-06-14,8301,1
25,2013-06-14,9255,1
26,2013-06-14,6142,1
27,2013-06-14,7099,1
28,2013-06-14,5211,1
29,2013-06-14,6007,1
30,2013-06-14,4746,1
31,2013-06-14,4737,1
32,2013-06-14,3317,1
33,2013-06-14,7815,1
34,2013-06-14,6945,1
35,2013-06-14,7208,1
36,2013-06-14,8766,1
37,2013-06-14,6982,1
38,2013-06-14,5351,1
39,2013-06-14,2981,1
40,2013-06-14,4078,1
41,2013-06-14,4139,1
42,2013-06-14,8253,1
43,2013-06-14,6087,1
44,2013-06-14,4531,1
45,2013-06-14,4760,1
46,2013-06-14,4362,1
47,2013-06-14,5427,1
48,2013-06-14,3751,1
49,2013-06-14,7227,1
50,2013-06-14,3355,1
1,2013-06-13,3661,1
2,2013-06-13,3763,1
3,2013-06-13,5499,1
4,2013-06-13,7680,1
5,2013-06-13,4066,1
6,2013-06-13,5472,1
7,2013-06-13,7498,1
8,2013-06-13,4608,1
9,2013-06-13,4880,1
10,2013-06-13,4652,1
11,2013-06-13,6122,1
12,2013-06-13,5207,1
13,2013-06-13,3213,1
14,2013-06-13,4152,1
15,2013-06-13,5380,1
16,2013-06-13,6041,1
17,2013-06-13,5261,1
18,2013-06-13,5443,1
19,2013-06-13,5252,1
20,2013-06-13,7666,1
21,2013-06-13,2851,1
22,2013-06-13,3330,1
23,2013-06-13,3850,1
24,2013-06-13,6347,1
25,2013-06-13,8382,1
26,2013-06-13,4445,1
27,2013-06-13,5386,1
28,2013-06-13,4673,1
29,2013-06-13,3955,1
30,2013-06-13,4809,1
31,2013-06-13,4917,1
32,2013-06-13,3215,1
33,2013-06-13,6375,1
34,2013-06-13,7669,1
35,2013-06-13,7069,1
36,2013-06-13,8523,1
37,2013-06-13,5818,1
38,2013-06-13,4286,1
39,2013-06-13,3303,1
40,2013-06-13,3508,1
41,2013-06-13,3642,1
42,2013-06-13,7120,1
43,2013-06-13,5040,1
44,2013-06-13,3938,1
45,2013-06-13,4069,1
46,2013-06-13,3324,1
47,2013-06-13,5101,1
48,2013-06-13,3424,1
49,2013-06-13,5228,1
50,2013-06-13,3416,1
1,2013-06-12,3563,1
2,2013-06-12,4638,1
3,2013-06-12,5520,1
4,2013-06-12,7179,1
5,2013-06-12,4230,1
6,2013-06-12,6109,1
7,2013-06-12,6847,1
8,2013-06-12,4295,1
9,2013-06-12,4308,1
10,2013-06-12,4369,1
11,2013-06-12,6925,1
12,2013-06-12,5867,1
13,2013-06-12,3167,1
14,2013-06-12,4686,1
15,2013-06-12,4857,1
16,2013-06-12,6457,1
17,2013-06-12,5308,1
18,2013-06-12,5166,1
19,2013-06-12,4848,1
20,2013-06-12,7388,1
21,2013-06-12,2984,1
22,2013-06-12,3620,1
23,2013-06-12,4434,1
24,2013-06-12,7178,1
25,2013-06-12,8365,1
26,2013-06-12,4442,1
27,2013-06-12,6179,1
28,2013-06-12,4283,1
29,2013-06-12,4596,1
30,2013-06-12,4078,1
31,2013-06-12,4545,1
32,2013-06-12,3445,1
33,2013-06-12,6229,1
34,2013-06-12,6570,1
35,2013-06-12,5666,1
36,2013-06-12,7866,1
37,2013-06-12,5062,1
38,2013-06-12,3801,1
39,2013-06-12,3537,1
40,2013-06-12,4012,1
41,2013-06-12,3451,1
42,2013-06-12,7807,1
43,2013-06-12,5996,1
44,2013-06-12,4334,1
45,2013-06-12,4018,1
46,2013-06-12,3265,1
47,2013-06-12,5433,1
48,2013-06-12,3721,1
49,2013-06-12,4892,1
50,2013-06-12,2901,1
1,2013-06-11,3784,1
2,2013-06-11,4233,1
3,2013-06-11,5592,1
4,2013-06-11,7557,1
5,2013-06-11,4368,1
6,2013-06-11,6184,1
7,2013-06-11,7972,1
8,2013-06-11,4875,1
9,2013-06-11,4559,1
10,2013-06-11,4739,1
11,2013-06-11,7153,1
12,2013-06-11,6312,1
13,2013-06-11,3475,1
14,2013-06-11,4857,1
15,2013-06-11,5510,1
16,2013-06-11,6898,1
17,2013-06-11,5170,1
18,2013-06-11,4738,1
19,2013-06-11,5227,1
20,2013-06-11,7288,1
21,2013-06-11,3412,1
22,2013-06-11,3734,1
23,2013-06-11,3904,1
24,2013-06-11,6656,1
25,2013-06-11,9892,1
26,2013-06-11,4617,1
27,2013-06-11,7294,1
28,2013-06-11,5200,1
29,2013-06-11,4672,1
30,2013-06-11,5525,1
31,2013-06-11,4327,1
32,2013-06-11,3391,1
33,2013-06-11,6721,1
34,2013-06-11,7392,1
35,2013-06-11,6867,1
36,2013-06-11,7785,1
37,2013-06-11,4901,1
38,2013-06-11,4127,1
39,2013-06-11,3350,1
40,2013-06-11,3882,1
41,2013-06-11,3465,1
42,2013-06-11,7705,1
43,2013-06-11,6011,1
44,2013-06-11,4238,1
45,2013-06-11,3867,1
46,2013-06-11,3677,1
47,2013-06-11,6403,1
48,2013-06-11,3885,1
49,2013-06-11,4251,1
50,2013-06-11,3109,1
1,2013-06-10,4291,1
2,2013-06-10,3786,1
3,2013-06-10,5881,1
4,2013-06-10,8917,1
5,2013-06-10,4745,1
6,2013-06-10,6669,1
7,2013-06-10,8153,1
8,2013-06-10,4942,1
9,2013-06-10,5330,1
10,2013-06-10,5472,1
11,2013-06-10,7372,1
12,2013-06-10,5896,1
13,2013-06-10,3810,1
14,2013-06-10,5749,1
15,2013-06-10,5353,1
16,2013-06-10,6488,1
17,2013-06-10,4926,1
18,2013-06-10,5886,1
19,2013-06-10,5146,1
20,2013-06-10,8190,1
21,2013-06-10,3940,1
22,2013-06-10,3718,1
23,2013-06-10,4674,1
24,2013-06-10,7955,1
25,2013-06-10,10081,1
26,2013-06-10,5108,1
27,2013-06-10,7506,1
28,2013-06-10,4851,1
29,2013-06-10,5311,1
30,2013-06-10,5026,1
31,2013-06-10,4955,1
32,2013-06-10,3524,1
33,2013-06-10,7547,1
34,2013-06-10,8147,1
35,2013-06-10,8081,1
36,2013-06-10,8266,1
37,2013-06-10,5795,1
38,2013-06-10,3920,1
39,2013-06-10,3589,1
40,2013-06-10,3975,1
41,2013-06-10,4385,1
42,2013-06-10,8479,1
43,2013-06-10,6006,1
44,2013-06-10,4405,1
45,2013-06-10,4235,1
46,2013-06-10,3883,1
47,2013-06-10,5807,1
48,2013-06-10,4314,1
49,2013-06-10,5569,1
50,2013-06-10,3600,1
1,2013-06-08,4262,1
2,2013-06-08,2246,1
3,2013-06-08,4002,1
4,2013-06-08,8419,1
5,2013-06-08,2163,1
6,2013-06-08,4357,1
7,2013-06-08,6334,1
8,2013-06-08,2791,1
9,2013-06-08,5366,1
10,2013-06-08,4943,1
11,2013-06-08,6255,1
12,2013-06-08,6409,1
13,2013-06-08,4007,1
14,2013-06-08,3038,1
15,2013-06-08,6122,1
16,2013-06-08,5081,1
17,2013-06-08,2768,1
18,2013-06-08,4053,1
19,2013-06-08,4059,1
20,2013-06-08,4353,1
21,2013-06-08,4539,1
22,2013-06-08,3493,1
23,2013-06-08,3715,1
24,2013-06-08,7249,1
25,2013-06-08,8331,1
26,2013-06-08,4907,1
27,2013-06-08,6864,1
28,2013-06-08,2641,1
29,2013-06-08,5273,1
30,2013-06-08,6164,1
31,2013-06-08,5392,1
32,2013-06-08,2345,1
33,2013-06-08,8206,1
34,2013-06-08,7643,1
35,2013-06-08,7053,1
36,2013-06-08,9492,1
37,2013-06-08,6802,1
38,2013-06-08,5666,1
39,2013-06-08,2805,1
40,2013-06-08,5216,1
41,2013-06-08,3856,1
42,2013-06-08,7393,1
43,2013-06-08,4402,1
44,2013-06-08,3249,1
45,2013-06-08,5576,1
46,2013-06-08,4290,1
47,2013-06-08,5068,1
48,2013-06-08,3646,1
49,2013-06-08,6694,1
50,2013-06-08,3585,1
1,2013-06-07,4315,1
2,2013-06-07,5237,1
3,2013-06-07,8351,1
4,2013-06-07,9561,1
5,2013-06-07,5056,1
6,2013-06-07,7755,1
7,2013-06-07,9231,1
8,2013-06-07,5273,1
9,2013-06-07,6058,1
10,2013-06-07,6488,1
11,2013-06-07,8295,1
12,2013-06-07,7715,1
13,2013-06-07,5208,1
14,2013-06-07,6163,1
15,2013-06-07,7075,1
16,2013-06-07,8025,1
17,2013-06-07,6783,1
18,2013-06-07,6774,1
19,2013-06-07,6662,1
20,2013-06-07,7042,1
21,2013-06-07,5673,1
22,2013-06-07,4813,1
23,2013-06-07,5457,1
24,2013-06-07,10709,1
25,2013-06-07,11735,1
26,2013-06-07,7075,1
27,2013-06-07,9992,1
28,2013-06-07,5345,1
29,2013-06-07,6298,1
30,2013-06-07,5574,1
31,2013-06-07,6490,1
32,2013-06-07,4646,1
33,2013-06-07,7992,1
34,2013-06-07,8588,1
35,2013-06-07,10076,1
36,2013-06-07,9091,1
37,2013-06-07,7003,1
38,2013-06-07,5984,1
39,2013-06-07,4367,1
40,2013-06-07,4676,1
41,2013-06-07,4473,1
42,2013-06-07,9650,1
43,2013-06-07,7368,1
44,2013-06-07,6095,1
45,2013-06-07,6065,1
46,2013-06-07,5947,1
47,2013-06-07,6902,1
48,2013-06-07,4998,1
49,2013-06-07,7092,1
50,2013-06-07,4197,1
1,2013-06-06,4881,1
2,2013-06-06,4776,1
3,2013-06-06,8051,1
4,2013-06-06,8695,1
5,2013-06-06,5235,1
6,2013-06-06,6780,1
7,2013-06-06,8535,1
8,2013-06-06,6312,1
9,2013-06-06,4997,1
10,2013-06-06,5958,1
11,2013-06-06,8026,1
12,2013-06-06,7693,1
13,2013-06-06,5084,1
14,2013-06-06,5797,1
15,2013-06-06,6401,1
16,2013-06-06,7226,1
17,2013-06-06,6740,1
18,2013-06-06,5674,1
19,2013-06-06,6676,1
20,2013-06-06,9133,1
21,2013-06-06,5507,1
22,2013-06-06,4619,1
23,2013-06-06,4666,1
24,2013-06-06,9243,1
25,2013-06-06,11964,1
26,2013-06-06,7068,1
27,2013-06-06,9824,1
28,2013-06-06,6518,1
29,2013-06-06,6203,1
30,2013-06-06,6709,1
31,2013-06-06,5492,1
32,2013-06-06,4668,1
33,2013-06-06,7974,1
34,2013-06-06,8195,1
35,2013-06-06,9159,1
36,2013-06-06,9006,1
37,2013-06-06,7415,1
38,2013-06-06,5465,1
39,2013-06-06,4931,1
40,2013-06-06,5506,1
41,2013-06-06,4652,1
42,2013-06-06,9729,1
43,2013-06-06,7676,1
44,2013-06-06,5879,1
45,2013-06-06,5323,1
46,2013-06-06,5079,1
47,2013-06-06,6940,1
48,2013-06-06,4656,1
49,2013-06-06,6223,1
50,2013-06-06,4066,1
1,2013-06-05,5012,1
2,2013-06-05,6682,1
3,2013-06-05,7714,1
4,2013-06-05,9537,1
5,2013-06-05,5349,1
6,2013-06-05,7138,1
7,2013-06-05,8210,1
8,2013-06-05,5549,1
9,2013-06-05,5090,1
10,2013-06-05,5440,1
11,2013-06-05,8321,1
12,2013-06-05,8103,1
13,2013-06-05,5283,1
14,2013-06-05,6421,1
15,2013-06-05,6224,1
16,2013-06-05,8152,1
17,2013-06-05,7257,1
18,2013-06-05,5853,1
19,2013-06-05,6370,1
20,2013-06-05,7705,1
21,2013-06-05,5260,1
22,2013-06-05,4157,1
23,2013-06-05,5807,1
24,2013-06-05,9049,1
25,2013-06-05,11245,1
26,2013-06-05,5966,1
27,2013-06-05,8634,1
28,2013-06-05,5516,1
29,2013-06-05,6300,1
30,2013-06-05,6119,1
31,2013-06-05,5226,1
32,2013-06-05,5108,1
33,2013-06-05,7999,1
34,2013-06-05,8675,1
35,2013-06-05,9395,1
36,2013-06-05,9113,1
37,2013-06-05,5856,1
38,2013-06-05,6476,1
39,2013-06-05,5080,1
40,2013-06-05,4860,1
41,2013-06-05,4583,1
42,2013-06-05,11050,1
43,2013-06-05,6847,1
44,2013-06-05,5698,1
45,2013-06-05,5367,1
46,2013-06-05,5401,1
47,2013-06-05,6921,1
48,2013-06-05,4362,1
49,2013-06-05,6693,1
50,2013-06-05,4175,1
1,2013-06-04,5220,1
2,2013-06-04,6280,1
3,2013-06-04,8935,1
4,2013-06-04,10584,1
5,2013-06-04,3374,1
6,2013-06-04,7563,1
7,2013-06-04,10746,1
8,2013-06-04,7059,1
9,2013-06-04,5728,1
10,2013-06-04,5906,1
11,2013-06-04,8920,1
12,2013-06-04,8637,1
13,2013-06-04,6100,1
14,2013-06-04,6580,1
15,2013-06-04,6992,1
16,2013-06-04,8995,1
17,2013-06-04,7996,1
18,2013-06-04,6671,1
19,2013-06-04,6778,1
20,2013-06-04,8752,1
21,2013-06-04,6279,1
22,2013-06-04,5446,1
23,2013-06-04,5382,1
24,2013-06-04,10063,1
25,2013-06-04,13681,1
26,2013-06-04,6771,1
27,2013-06-04,11063,1
28,2013-06-04,7323,1
29,2013-06-04,6894,1
30,2013-06-04,8320,1
31,2013-06-04,5670,1
32,2013-06-04,5517,1
33,2013-06-04,8295,1
34,2013-06-04,8919,1
35,2013-06-04,9509,1
36,2013-06-04,10582,1
37,2013-06-04,6667,1
38,2013-06-04,6907,1
39,2013-06-04,5916,1
40,2013-06-04,5607,1
41,2013-06-04,4426,1
42,2013-06-04,11098,1
43,2013-06-04,8337,1
44,2013-06-04,6313,1
45,2013-06-04,5442,1
46,2013-06-04,6158,1
47,2013-06-04,7808,1
48,2013-06-04,5401,1
49,2013-06-04,6855,1
50,2013-06-04,4237,1
1,2013-06-03,5422,1
2,2013-06-03,6959,1
3,2013-06-03,10025,1
4,2013-06-03,13444,1
6,2013-06-03,7155,1
7,2013-06-03,12730,1
8,2013-06-03,7562,1
9,2013-06-03,7387,1
10,2013-06-03,6538,1
11,2013-06-03,10075,1
12,2013-06-03,11170,1
13,2013-06-03,7611,1
14,2013-06-03,8006,1
15,2013-06-03,7771,1
16,2013-06-03,10067,1
17,2013-06-03,9928,1
18,2013-06-03,7379,1
19,2013-06-03,9740,1
20,2013-06-03,8434,1
21,2013-06-03,8138,1
22,2013-06-03,6591,1
23,2013-06-03,7711,1
24,2013-06-03,12730,1
25,2013-06-03,16725,1
26,2013-06-03,9047,1
27,2013-06-03,13556,1
28,2013-06-03,8652,1
29,2013-06-03,9996,1
30,2013-06-03,9040,1
31,2013-06-03,6578,1
32,2013-06-03,5522,1
33,2013-06-03,10289,1
34,2013-06-03,10985,1
35,2013-06-03,12903,1
36,2013-06-03,11409,1
37,2013-06-03,8473,1
38,2013-06-03,9292,1
39,2013-06-03,8351,1
40,2013-06-03,5986,1
41,2013-06-03,6289,1
42,2013-06-03,13955,1
43,2013-06-03,10670,1
44,2013-06-03,8085,1
45,2013-06-03,7325,1
46,2013-06-03,7457,1
47,2013-06-03,8606,1
48,2013-06-03,5705,1
49,2013-06-03,9115,1
50,2013-06-03,6060,1
1,2013-06-01,5693,1
2,2013-06-01,2335,1
3,2013-06-01,4947,1
4,2013-06-01,11592,1
5,2013-06-01,2157,1
6,2013-06-01,4282,1
7,2013-06-01,7098,1
8,2013-06-01,2678,1
9,2013-06-01,5321,1
10,2013-06-01,4623,1
11,2013-06-01,6777,1
12,2013-06-01,6939,1
13,2013-06-01,4742,1
14,2013-06-01,3413,1
15,2013-06-01,6225,1
16,2013-06-01,5251,1
17,2013-06-01,2705,1
18,2013-06-01,4729,1
19,2013-06-01,4499,1
20,2013-06-01,5730,1
21,2013-06-01,5424,1
22,2013-06-01,3559,1
23,2013-06-01,5330,1
24,2013-06-01,7892,1
25,2013-06-01,10368,1
26,2013-06-01,5551,1
27,2013-06-01,7880,1
28,2013-06-01,2884,1
29,2013-06-01,7070,1
30,2013-06-01,6553,1
31,2013-06-01,5569,1
32,2013-06-01,2482,1
33,2013-06-01,8392,1
34,2013-06-01,8834,1
35,2013-06-01,7577,1
36,2013-06-01,10133,1
37,2013-06-01,9179,1
38,2013-06-01,6792,1
39,2013-06-01,2969,1
40,2013-06-01,5586,1
41,2013-06-01,5282,1
42,2013-06-01,8905,1
43,2013-06-01,5401,1
44,2013-06-01,3788,1
45,2013-06-01,6411,1
46,2013-06-01,5987,1
47,2013-06-01,5282,1
48,2013-06-01,3814,1
49,2013-06-01,7056,1
50,2013-06-01,4555,1
1,2013-05-31,7893,1
2,2013-05-31,5916,1
3,2013-05-31,12211,1
4,2013-05-31,13064,1
5,2013-05-31,6082,1
6,2013-05-31,9521,1
7,2013-05-31,11727,1
8,2013-05-31,5701,1
9,2013-05-31,8529,1
10,2013-05-31,6102,1
11,2013-05-31,10085,1
12,2013-05-31,8790,1
13,2013-05-31,7926,1
14,2013-05-31,8122,1
15,2013-05-31,8500,1
16,2013-05-31,9257,1
17,2013-05-31,8886,1
18,2013-05-31,9731,1
19,2013-05-31,12233,1
20,2013-05-31,7180,1
21,2013-05-31,8388,1
22,2013-05-31,7304,1
23,2013-05-31,9384,1
24,2013-05-31,15577,1
25,2013-05-31,19080,1
26,2013-05-31,9039,1
27,2013-05-31,17325,1
28,2013-05-31,6719,1
29,2013-05-31,9194,1
30,2013-05-31,8124,1
31,2013-05-31,6947,1
32,2013-05-31,5305,1
33,2013-05-31,13831,1
34,2013-05-31,10007,1
35,2013-05-31,13201,1
36,2013-05-31,11930,1
37,2013-05-31,9380,1
38,2013-05-31,10310,1
39,2013-05-31,7725,1
40,2013-05-31,6803,1
41,2013-05-31,6955,1
42,2013-05-31,15271,1
43,2013-05-31,11893,1
44,2013-05-31,7144,1
45,2013-05-31,8104,1
46,2013-05-31,9243,1
47,2013-05-31,8669,1
48,2013-05-31,4697,1
49,2013-05-31,10348,1
50,2013-05-31,7617,1
2,2013-05-30,5822,1
4,2013-05-30,8975,1
5,2013-05-30,5065,1
6,2013-05-30,6594,1
7,2013-05-30,9571,1
8,2013-05-30,7077,1
10,2013-05-30,5037,1
11,2013-05-30,9075,1
12,2013-05-30,8275,1
15,2013-05-30,8458,1
17,2013-05-30,7976,1
18,2013-05-30,6187,1
26,2013-05-30,8839,1
28,2013-05-30,6802,1
31,2013-05-30,6142,1
34,2013-05-30,8641,1
37,2013-05-30,8127,1
44,2013-05-30,5994,1
47,2013-05-30,7079,1
48,2013-05-30,5006,1
1,2013-05-29,5784,1
2,2013-05-29,5345,1
3,2013-05-29,9222,1
4,2013-05-29,9457,1
5,2013-05-29,5334,1
6,2013-05-29,6571,1
7,2013-05-29,8626,1
8,2013-05-29,6244,1
9,2013-05-29,6863,1
10,2013-05-29,5275,1
11,2013-05-29,8723,1
12,2013-05-29,8895,1
13,2013-05-29,6906,1
14,2013-05-29,7298,1
15,2013-05-29,6742,1
16,2013-05-29,8956,1
17,2013-05-29,7154,1
18,2013-05-29,6175,1
19,2013-05-29,8494,1
20,2013-05-29,8150,1
21,2013-05-29,6874,1
22,2013-05-29,5537,1
23,2013-05-29,7638,1
24,2013-05-29,12107,1
25,2013-05-29,13051,1
26,2013-05-29,8171,1
27,2013-05-29,10688,1
28,2013-05-29,6397,1
29,2013-05-29,8611,1
30,2013-05-29,7538,1
31,2013-05-29,6228,1
32,2013-05-29,5408,1
33,2013-05-29,9123,1
34,2013-05-29,8743,1
35,2013-05-29,11423,1
36,2013-05-29,10741,1
37,2013-05-29,7369,1
38,2013-05-29,8052,1
39,2013-05-29,5368,1
40,2013-05-29,4999,1
41,2013-05-29,5884,1
42,2013-05-29,11417,1
43,2013-05-29,9599,1
44,2013-05-29,5946,1
45,2013-05-29,7880,1
46,2013-05-29,6989,1
47,2013-05-29,8402,1
48,2013-05-29,4573,1
49,2013-05-29,8873,1
50,2013-05-29,6445,1
1,2013-05-28,4995,1
2,2013-05-28,5732,1
3,2013-05-28,9168,1
4,2013-05-28,9804,1
5,2013-05-28,5725,1
6,2013-05-28,6508,1
7,2013-05-28,10304,1
8,2013-05-28,6662,1
9,2013-05-28,6044,1
10,2013-05-28,5303,1
11,2013-05-28,8578,1
12,2013-05-28,8900,1
13,2013-05-28,5271,1
14,2013-05-28,5999,1
15,2013-05-28,6630,1
16,2013-05-28,7454,1
17,2013-05-28,8755,1
18,2013-05-28,6557,1
19,2013-05-28,7147,1
20,2013-05-28,9149,1
21,2013-05-28,5206,1
22,2013-05-28,4689,1
23,2013-05-28,6300,1
24,2013-05-28,9443,1
25,2013-05-28,12822,1
26,2013-05-28,6719,1
27,2013-05-28,11824,1
28,2013-05-28,6930,1
29,2013-05-28,6454,1
30,2013-05-28,7604,1
31,2013-05-28,5980,1
32,2013-05-28,5616,1
33,2013-05-28,8128,1
34,2013-05-28,8430,1
35,2013-05-28,9201,1
36,2013-05-28,9696,1
37,2013-05-28,8051,1
38,2013-05-28,7835,1
39,2013-05-28,5275,1
40,2013-05-28,5696,1
41,2013-05-28,4787,1
42,2013-05-28,10207,1
43,2013-05-28,7915,1
44,2013-05-28,6377,1
45,2013-05-28,5556,1
46,2013-05-28,5391,1
47,2013-05-28,7634,1
48,2013-05-28,4867,1
49,2013-05-28,5669,1
50,2013-05-28,4403,1
1,2013-05-27,5519,1
2,2013-05-27,6751,1
3,2013-05-27,9551,1
4,2013-05-27,11293,1
5,2013-05-27,6746,1
6,2013-05-27,7806,1
7,2013-05-27,11260,1
8,2013-05-27,8313,1
9,2013-05-27,7262,1
10,2013-05-27,5889,1
11,2013-05-27,9651,1
12,2013-05-27,11416,1
13,2013-05-27,8011,1
14,2013-05-27,7942,1
15,2013-05-27,8071,1
16,2013-05-27,8952,1
17,2013-05-27,8757,1
18,2013-05-27,7693,1
19,2013-05-27,8958,1
20,2013-05-27,8776,1
21,2013-05-27,7653,1
22,2013-05-27,5152,1
23,2013-05-27,7605,1
24,2013-05-27,11507,1
25,2013-05-27,13625,1
26,2013-05-27,9550,1
27,2013-05-27,12048,1
28,2013-05-27,9238,1
29,2013-05-27,8765,1
30,2013-05-27,9468,1
31,2013-05-27,6598,1
32,2013-05-27,5618,1
33,2013-05-27,10512,1
34,2013-05-27,10445,1
35,2013-05-27,14398,1
36,2013-05-27,9549,1
37,2013-05-27,9052,1
38,2013-05-27,9295,1
39,2013-05-27,7588,1
40,2013-05-27,6690,1
41,2013-05-27,5609,1
42,2013-05-27,12289,1
43,2013-05-27,9644,1
44,2013-05-27,7998,1
45,2013-05-27,7055,1
46,2013-05-27,7397,1
47,2013-05-27,9043,1
48,2013-05-27,5761,1
49,2013-05-27,8709,1
50,2013-05-27,5980,1
1,2013-05-25,4408,1
2,2013-05-25,2823,1
3,2013-05-25,4144,1
4,2013-05-25,9971,1
5,2013-05-25,1668,1
6,2013-05-25,4100,1
7,2013-05-25,4084,1
8,2013-05-25,2064,1
9,2013-05-25,5562,1
10,2013-05-25,4677,1
11,2013-05-25,4797,1
12,2013-05-25,4741,1
13,2013-05-25,4139,1
14,2013-05-25,3526,1
15,2013-05-25,5844,1
16,2013-05-25,4383,1
17,2013-05-25,2693,1
18,2013-05-25,3719,1
19,2013-05-25,3066,1
20,2013-05-25,5080,1
21,2013-05-25,4249,1
22,2013-05-25,3022,1
23,2013-05-25,4033,1
24,2013-05-25,5987,1
25,2013-05-25,8201,1
26,2013-05-25,4969,1
27,2013-05-25,5955,1
28,2013-05-25,2451,1
29,2013-05-25,5506,1
30,2013-05-25,5764,1
31,2013-05-25,5398,1
32,2013-05-25,2038,1
33,2013-05-25,7522,1
34,2013-05-25,7265,1
35,2013-05-25,6253,1
36,2013-05-25,9044,1
37,2013-05-25,7941,1
38,2013-05-25,5265,1
39,2013-05-25,2497,1
40,2013-05-25,5496,1
41,2013-05-25,3456,1
42,2013-05-25,7540,1
43,2013-05-25,4652,1
44,2013-05-25,3788,1
45,2013-05-25,5304,1
46,2013-05-25,4805,1
47,2013-05-25,4476,1
48,2013-05-25,2808,1
49,2013-05-25,5839,1
50,2013-05-25,3638,1
1,2013-05-24,4232,1
2,2013-05-24,3778,1
3,2013-05-24,6220,1
4,2013-05-24,7737,1
5,2013-05-24,3830,1
6,2013-05-24,6397,1
7,2013-05-24,7303,1
8,2013-05-24,3944,1
9,2013-05-24,4678,1
10,2013-05-24,5093,1
11,2013-05-24,6900,1
12,2013-05-24,6057,1
13,2013-05-24,4503,1
14,2013-05-24,5215,1
15,2013-05-24,5824,1
16,2013-05-24,5692,1
17,2013-05-24,5425,1
18,2013-05-24,6413,1
19,2013-05-24,5180,1
20,2013-05-24,6231,1
21,2013-05-24,3463,1
22,2013-05-24,4146,1
23,2013-05-24,4414,1
24,2013-05-24,7827,1
25,2013-05-24,9330,1
26,2013-05-24,5427,1
27,2013-05-24,7494,1
28,2013-05-24,4409,1
29,2013-05-24,5111,1
30,2013-05-24,4683,1
31,2013-05-24,5443,1
32,2013-05-24,2945,1
33,2013-05-24,6881,1
34,2013-05-24,6916,1
35,2013-05-24,6386,1
36,2013-05-24,8215,1
37,2013-05-24,6434,1
38,2013-05-24,4761,1
39,2013-05-24,3354,1
40,2013-05-24,4316,1
41,2013-05-24,4391,1
42,2013-05-24,8300,1
43,2013-05-24,6123,1
44,2013-05-24,5178,1
45,2013-05-24,4629,1
46,2013-05-24,4086,1
47,2013-05-24,5491,1
48,2013-05-24,4441,1
49,2013-05-24,5274,1
50,2013-05-24,3064,1
1,2013-05-23,4030,1
2,2013-05-23,3916,1
3,2013-05-23,4929,1
4,2013-05-23,7078,1
5,2013-05-23,3930,1
6,2013-05-23,6249,1
7,2013-05-23,7385,1
8,2013-05-23,4726,1
9,2013-05-23,3948,1
10,2013-05-23,3686,1
11,2013-05-23,6884,1
12,2013-05-23,6366,1
13,2013-05-23,3546,1
14,2013-05-23,4309,1
15,2013-05-23,5301,1
16,2013-05-23,6006,1
17,2013-05-23,5341,1
18,2013-05-23,5030,1
19,2013-05-23,4701,1
20,2013-05-23,7953,1
21,2013-05-23,3551,1
22,2013-05-23,4239,1
23,2013-05-23,4693,1
24,2013-05-23,7041,1
25,2013-05-23,9245,1
26,2013-05-23,4738,1
27,2013-05-23,5929,1
28,2013-05-23,4727,1
29,2013-05-23,4832,1
30,2013-05-23,5203,1
31,2013-05-23,4523,1
32,2013-05-23,3565,1
33,2013-05-23,6666,1
34,2013-05-23,6644,1
35,2013-05-23,6146,1
36,2013-05-23,8575,1
37,2013-05-23,6263,1
38,2013-05-23,4907,1
39,2013-05-23,2824,1
40,2013-05-23,4394,1
41,2013-05-23,4308,1
42,2013-05-23,6899,1
43,2013-05-23,5699,1
44,2013-05-23,4755,1
45,2013-05-23,4416,1
46,2013-05-23,3914,1
47,2013-05-23,5524,1
48,2013-05-23,3847,1
49,2013-05-23,5423,1
50,2013-05-23,2886,1
1,2013-05-22,3559,1
2,2013-05-22,4663,1
3,2013-05-22,5617,1
4,2013-05-22,7456,1
5,2013-05-22,4381,1
6,2013-05-22,5498,1
7,2013-05-22,5897,1
8,2013-05-22,4062,1
9,2013-05-22,4727,1
10,2013-05-22,5030,1
11,2013-05-22,6355,1
12,2013-05-22,5171,1
13,2013-05-22,3514,1
14,2013-05-22,4531,1
15,2013-05-22,5017,1
16,2013-05-22,6426,1
17,2013-05-22,4832,1
18,2013-05-22,5418,1
19,2013-05-22,5071,1
20,2013-05-22,7423,1
21,2013-05-22,3615,1
22,2013-05-22,3857,1
23,2013-05-22,4085,1
24,2013-05-22,7262,1
25,2013-05-22,8419,1
26,2013-05-22,4836,1
27,2013-05-22,6210,1
28,2013-05-22,3615,1
29,2013-05-22,4610,1
30,2013-05-22,3916,1
31,2013-05-22,4237,1
32,2013-05-22,3631,1
33,2013-05-22,6471,1
34,2013-05-22,6742,1
35,2013-05-22,6982,1
36,2013-05-22,8688,1
37,2013-05-22,5317,1
38,2013-05-22,4291,1
39,2013-05-22,3248,1
40,2013-05-22,3861,1
41,2013-05-22,3946,1
42,2013-05-22,7571,1
43,2013-05-22,6182,1
44,2013-05-22,4303,1
45,2013-05-22,4088,1
46,2013-05-22,3627,1
47,2013-05-22,5206,1
48,2013-05-22,3666,1
49,2013-05-22,5784,1
50,2013-05-22,3062,1
1,2013-05-21,4789,1
2,2013-05-21,4548,1
3,2013-05-21,6829,1
4,2013-05-21,9778,1
5,2013-05-21,4495,1
6,2013-05-21,7053,1
7,2013-05-21,7332,1
8,2013-05-21,4675,1
9,2013-05-21,6111,1
10,2013-05-21,4846,1
11,2013-05-21,6683,1
12,2013-05-21,5961,1
13,2013-05-21,4387,1
14,2013-05-21,5710,1
15,2013-05-21,5810,1
16,2013-05-21,7365,1
17,2013-05-21,6101,1
18,2013-05-21,5930,1
19,2013-05-21,5624,1
20,2013-05-21,8428,1
21,2013-05-21,4076,1
22,2013-05-21,4454,1
23,2013-05-21,4511,1
24,2013-05-21,8731,1
25,2013-05-21,11921,1
26,2013-05-21,5697,1
27,2013-05-21,7919,1
28,2013-05-21,5544,1
29,2013-05-21,5500,1
30,2013-05-21,5758,1
31,2013-05-21,4864,1
32,2013-05-21,4179,1
33,2013-05-21,7574,1
34,2013-05-21,8282,1
35,2013-05-21,7801,1
36,2013-05-21,9268,1
37,2013-05-21,5316,1
38,2013-05-21,5049,1
39,2013-05-21,4169,1
40,2013-05-21,4648,1
41,2013-05-21,5004,1
42,2013-05-21,8792,1
43,2013-05-21,7030,1
44,2013-05-21,5442,1
45,2013-05-21,5079,1
46,2013-05-21,4613,1
47,2013-05-21,5742,1
48,2013-05-21,3876,1
49,2013-05-21,6520,1
50,2013-05-21,3595,1
1,2013-05-18,4413,1
2,2013-05-18,2343,1
3,2013-05-18,3946,1
4,2013-05-18,10853,1
5,2013-05-18,1939,1
6,2013-05-18,3822,1
7,2013-05-18,7121,1
8,2013-05-18,2549,1
9,2013-05-18,5175,1
10,2013-05-18,4216,1
11,2013-05-18,6743,1
12,2013-05-18,5613,1
13,2013-05-18,4673,1
14,2013-05-18,3234,1
15,2013-05-18,6332,1
16,2013-05-18,5257,1
17,2013-05-18,2161,1
18,2013-05-18,4168,1
19,2013-05-18,4312,1
20,2013-05-18,5309,1
21,2013-05-18,4816,1
22,2013-05-18,3468,1
23,2013-05-18,4532,1
24,2013-05-18,7358,1
25,2013-05-18,12049,1
26,2013-05-18,5965,1
27,2013-05-18,6038,1
28,2013-05-18,2751,1
29,2013-05-18,5770,1
30,2013-05-18,5516,1
31,2013-05-18,5563,1
32,2013-05-18,3102,1
33,2013-05-18,9370,1
34,2013-05-18,7635,1
35,2013-05-18,7170,1
36,2013-05-18,10574,1
37,2013-05-18,8819,1
38,2013-05-18,6877,1
39,2013-05-18,2314,1
40,2013-05-18,5682,1
41,2013-05-18,5007,1
42,2013-05-18,7710,1
43,2013-05-18,4773,1
44,2013-05-18,3291,1
45,2013-05-18,5887,1
46,2013-05-18,5478,1
47,2013-05-18,4445,1
48,2013-05-18,3079,1
49,2013-05-18,6612,1
50,2013-05-18,3899,1
1,2013-05-17,4856,1
2,2013-05-17,4582,1
3,2013-05-17,7980,1
4,2013-05-17,9049,1
5,2013-05-17,5354,1
6,2013-05-17,7346,1
7,2013-05-17,8936,1
8,2013-05-17,5413,1
9,2013-05-17,5511,1
10,2013-05-17,6042,1
11,2013-05-17,8070,1
12,2013-05-17,7427,1
13,2013-05-17,6336,1
14,2013-05-17,6479,1
15,2013-05-17,7016,1
16,2013-05-17,8376,1
17,2013-05-17,6353,1
18,2013-05-17,7121,1
19,2013-05-17,7480,1
20,2013-05-17,7157,1
21,2013-05-17,6128,1
22,2013-05-17,5405,1
23,2013-05-17,6078,1
24,2013-05-17,10081,1
25,2013-05-17,13984,1
26,2013-05-17,6892,1
27,2013-05-17,9939,1
28,2013-05-17,5335,1
29,2013-05-17,5970,1
30,2013-05-17,5694,1
31,2013-05-17,5659,1
32,2013-05-17,4582,1
33,2013-05-17,8321,1
34,2013-05-17,7813,1
35,2013-05-17,9386,1
36,2013-05-17,9677,1
37,2013-05-17,8491,1
38,2013-05-17,6228,1
39,2013-05-17,4530,1
40,2013-05-17,4356,1
41,2013-05-17,4649,1
42,2013-05-17,9862,1
43,2013-05-17,8817,1
44,2013-05-17,5735,1
45,2013-05-17,6411,1
46,2013-05-17,6209,1
47,2013-05-17,6447,1
48,2013-05-17,4852,1
49,2013-05-17,8227,1
50,2013-05-17,4547,1
1,2013-05-16,4448,1
2,2013-05-16,5317,1
3,2013-05-16,8081,1
4,2013-05-16,8839,1
5,2013-05-16,4790,1
6,2013-05-16,6902,1
7,2013-05-16,8754,1
8,2013-05-16,6893,1
9,2013-05-16,5497,1
10,2013-05-16,5810,1
11,2013-05-16,7932,1
12,2013-05-16,7423,1
13,2013-05-16,5464,1
14,2013-05-16,5979,1
15,2013-05-16,6485,1
16,2013-05-16,7310,1
17,2013-05-16,6930,1
18,2013-05-16,5982,1
19,2013-05-16,6455,1
20,2013-05-16,9834,1
21,2013-05-16,6576,1
22,2013-05-16,4778,1
23,2013-05-16,6302,1
24,2013-05-16,9774,1
25,2013-05-16,14455,1
26,2013-05-16,6866,1
27,2013-05-16,9873,1
28,2013-05-16,6066,1
29,2013-05-16,5872,1
30,2013-05-16,6801,1
31,2013-05-16,6540,1
32,2013-05-16,4519,1
33,2013-05-16,7353,1
34,2013-05-16,8546,1
35,2013-05-16,8736,1
36,2013-05-16,9739,1
37,2013-05-16,7432,1
38,2013-05-16,6049,1
39,2013-05-16,4684,1
40,2013-05-16,4592,1
41,2013-05-16,4635,1
42,2013-05-16,9777,1
43,2013-05-16,7478,1
44,2013-05-16,6216,1
45,2013-05-16,6207,1
46,2013-05-16,5800,1
47,2013-05-16,6901,1
48,2013-05-16,4423,1
49,2013-05-16,7679,1
50,2013-05-16,4557,1
1,2013-05-15,4790,1
2,2013-05-15,6263,1
3,2013-05-15,8094,1
4,2013-05-15,9446,1
5,2013-05-15,5443,1
6,2013-05-15,7219,1
7,2013-05-15,9086,1
8,2013-05-15,5857,1
9,2013-05-15,5735,1
10,2013-05-15,5275,1
11,2013-05-15,7885,1
12,2013-05-15,8069,1
13,2013-05-15,4514,1
14,2013-05-15,5941,1
15,2013-05-15,5785,1
16,2013-05-15,8615,1
17,2013-05-15,7583,1
18,2013-05-15,5715,1
19,2013-05-15,6969,1
20,2013-05-15,8197,1
21,2013-05-15,5196,1
22,2013-05-15,4237,1
23,2013-05-15,5354,1
24,2013-05-15,9602,1
25,2013-05-15,13549,1
26,2013-05-15,6384,1
27,2013-05-15,10386,1
28,2013-05-15,6488,1
29,2013-05-15,5710,1
30,2013-05-15,6254,1
31,2013-05-15,5575,1
32,2013-05-15,5069,1
33,2013-05-15,8157,1
34,2013-05-15,8226,1
35,2013-05-15,9893,1
36,2013-05-15,10088,1
37,2013-05-15,6829,1
38,2013-05-15,6756,1
39,2013-05-15,5306,1
40,2013-05-15,5065,1
41,2013-05-15,3650,1
42,2013-05-15,11075,1
43,2013-05-15,7356,1
44,2013-05-15,5269,1
45,2013-05-15,5568,1
46,2013-05-15,4831,1
47,2013-05-15,7589,1
48,2013-05-15,4434,1
49,2013-05-15,7310,1
50,2013-05-15,4273,1
1,2013-05-14,5083,1
2,2013-05-14,5913,1
3,2013-05-14,8802,1
4,2013-05-14,10091,1
5,2013-05-14,5587,1
6,2013-05-14,7179,1
7,2013-05-14,10353,1
8,2013-05-14,7531,1
9,2013-05-14,6414,1
10,2013-05-14,6194,1
11,2013-05-14,9162,1
12,2013-05-14,8723,1
13,2013-05-14,5602,1
14,2013-05-14,6618,1
15,2013-05-14,7189,1
16,2013-05-14,8966,1
17,2013-05-14,8370,1
18,2013-05-14,6491,1
19,2013-05-14,7160,1
20,2013-05-14,9057,1
21,2013-05-14,5707,1
22,2013-05-14,5280,1
23,2013-05-14,6281,1
24,2013-05-14,9608,1
25,2013-05-14,17097,1
26,2013-05-14,6999,1
27,2013-05-14,10643,1
28,2013-05-14,7086,1
29,2013-05-14,6844,1
30,2013-05-14,8013,1
31,2013-05-14,6018,1
32,2013-05-14,5146,1
33,2013-05-14,9207,1
34,2013-05-14,8905,1
35,2013-05-14,10173,1
36,2013-05-14,10475,1
37,2013-05-14,8250,1
38,2013-05-14,6577,1
39,2013-05-14,5563,1
40,2013-05-14,6091,1
41,2013-05-14,3975,1
42,2013-05-14,10634,1
43,2013-05-14,8178,1
44,2013-05-14,6627,1
45,2013-05-14,5153,1
46,2013-05-14,5849,1
47,2013-05-14,7961,1
48,2013-05-14,4816,1
49,2013-05-14,7394,1
50,2013-05-14,4574,1
1,2013-05-13,6106,1
2,2013-05-13,6604,1
3,2013-05-13,8836,1
4,2013-05-13,12178,1
5,2013-05-13,6862,1
6,2013-05-13,8389,1
7,2013-05-13,11380,1
8,2013-05-13,7419,1
9,2013-05-13,6902,1
10,2013-05-13,6948,1
11,2013-05-13,8904,1
12,2013-05-13,9414,1
13,2013-05-13,7230,1
14,2013-05-13,6877,1
15,2013-05-13,8146,1
16,2013-05-13,9212,1
17,2013-05-13,9247,1
18,2013-05-13,8117,1
19,2013-05-13,8080,1
20,2013-05-13,10078,1
21,2013-05-13,7100,1
22,2013-05-13,5822,1
23,2013-05-13,7968,1
24,2013-05-13,12053,1
25,2013-05-13,16883,1
26,2013-05-13,9662,1
27,2013-05-13,11836,1
28,2013-05-13,8683,1
29,2013-05-13,8832,1
30,2013-05-13,7833,1
31,2013-05-13,6904,1
32,2013-05-13,4967,1
33,2013-05-13,9877,1
34,2013-05-13,10760,1
35,2013-05-13,12679,1
36,2013-05-13,10897,1
37,2013-05-13,8644,1
38,2013-05-13,8964,1
39,2013-05-13,7060,1
40,2013-05-13,5980,1
41,2013-05-13,5537,1
42,2013-05-13,10777,1
43,2013-05-13,9427,1
44,2013-05-13,8066,1
45,2013-05-13,7366,1
46,2013-05-13,7701,1
47,2013-05-13,8177,1
48,2013-05-13,5496,1
49,2013-05-13,7942,1
50,2013-05-13,4793,1
1,2013-05-11,5064,1
2,2013-05-11,2702,1
3,2013-05-11,6103,1
4,2013-05-11,10399,1
5,2013-05-11,1788,1
6,2013-05-11,4094,1
7,2013-05-11,6153,1
8,2013-05-11,2552,1
9,2013-05-11,5021,1
10,2013-05-11,4506,1
11,2013-05-11,6488,1
12,2013-05-11,5994,1
13,2013-05-11,4930,1
14,2013-05-11,3072,1
15,2013-05-11,5570,1
16,2013-05-11,5586,1
17,2013-05-11,2750,1
18,2013-05-11,3997,1
19,2013-05-11,4090,1
20,2013-05-11,5235,1
21,2013-05-11,4908,1
22,2013-05-11,4098,1
23,2013-05-11,4923,1
24,2013-05-11,8358,1
25,2013-05-11,12698,1
26,2013-05-11,6016,1
27,2013-05-11,7621,1
28,2013-05-11,2569,1
29,2013-05-11,7242,1
30,2013-05-11,6558,1
31,2013-05-11,5717,1
32,2013-05-11,2394,1
33,2013-05-11,10357,1
34,2013-05-11,7511,1
35,2013-05-11,7278,1
36,2013-05-11,10095,1
37,2013-05-11,8233,1
38,2013-05-11,5857,1
39,2013-05-11,3174,1
40,2013-05-11,6463,1
41,2013-05-11,4833,1
42,2013-05-11,8201,1
43,2013-05-11,5282,1
44,2013-05-11,3203,1
45,2013-05-11,6538,1
46,2013-05-11,5006,1
47,2013-05-11,4721,1
48,2013-05-11,3199,1
49,2013-05-11,6886,1
50,2013-05-11,4043,1
1,2013-05-10,5409,1
2,2013-05-10,4888,1
3,2013-05-10,7821,1
4,2013-05-10,10624,1
5,2013-05-10,4937,1
6,2013-05-10,6355,1
7,2013-05-10,10983,1
8,2013-05-10,4974,1
9,2013-05-10,5966,1
10,2013-05-10,5945,1
11,2013-05-10,8830,1
12,2013-05-10,7022,1
13,2013-05-10,5747,1
14,2013-05-10,6314,1
15,2013-05-10,7063,1
16,2013-05-10,8009,1
17,2013-05-10,7012,1
18,2013-05-10,7026,1
19,2013-05-10,6965,1
20,2013-05-10,6297,1
21,2013-05-10,5384,1
22,2013-05-10,5250,1
23,2013-05-10,6759,1
24,2013-05-10,10302,1
25,2013-05-10,16584,1
26,2013-05-10,7663,1
27,2013-05-10,10581,1
28,2013-05-10,5860,1
29,2013-05-10,6579,1
30,2013-05-10,6511,1
31,2013-05-10,6460,1
32,2013-05-10,4108,1
33,2013-05-10,9787,1
34,2013-05-10,8547,1
35,2013-05-10,9434,1
36,2013-05-10,11149,1
37,2013-05-10,9693,1
38,2013-05-10,6139,1
39,2013-05-10,4804,1
40,2013-05-10,6733,1
41,2013-05-10,5179,1
42,2013-05-10,10886,1
43,2013-05-10,7843,1
44,2013-05-10,5719,1
45,2013-05-10,5381,1
46,2013-05-10,5571,1
47,2013-05-10,5913,1
48,2013-05-10,4817,1
49,2013-05-10,8172,1
50,2013-05-10,4724,1
1,2013-05-08,5230,1
2,2013-05-08,5605,1
3,2013-05-08,6866,1
4,2013-05-08,9078,1
5,2013-05-08,4680,1
6,2013-05-08,7143,1
7,2013-05-08,8250,1
8,2013-05-08,4797,1
9,2013-05-08,5972,1
10,2013-05-08,5469,1
11,2013-05-08,7889,1
12,2013-05-08,6387,1
13,2013-05-08,4206,1
14,2013-05-08,5734,1
15,2013-05-08,6816,1
16,2013-05-08,7495,1
17,2013-05-08,5901,1
18,2013-05-08,6979,1
19,2013-05-08,6627,1
20,2013-05-08,8000,1
21,2013-05-08,4267,1
22,2013-05-08,3827,1
23,2013-05-08,5968,1
24,2013-05-08,10366,1
25,2013-05-08,14659,1
26,2013-05-08,6335,1
27,2013-05-08,8509,1
28,2013-05-08,5633,1
29,2013-05-08,6438,1
30,2013-05-08,5598,1
31,2013-05-08,6423,1
32,2013-05-08,4412,1
33,2013-05-08,9837,1
34,2013-05-08,6872,1
35,2013-05-08,8622,1
36,2013-05-08,8940,1
37,2013-05-08,7652,1
38,2013-05-08,5625,1
39,2013-05-08,4785,1
40,2013-05-08,5083,1
41,2013-05-08,5308,1
42,2013-05-08,10558,1
43,2013-05-08,7675,1
44,2013-05-08,5326,1
45,2013-05-08,6443,1
46,2013-05-08,4698,1
47,2013-05-08,6467,1
48,2013-05-08,4807,1
49,2013-05-08,7792,1
50,2013-05-08,3985,1
1,2013-05-07,4624,1
2,2013-05-07,4131,1
3,2013-05-07,6048,1
4,2013-05-07,8175,1
5,2013-05-07,3961,1
6,2013-05-07,6581,1
7,2013-05-07,8039,1
8,2013-05-07,4271,1
9,2013-05-07,4861,1
10,2013-05-07,5250,1
11,2013-05-07,7383,1
12,2013-05-07,5485,1
13,2013-05-07,3730,1
14,2013-05-07,4723,1
15,2013-05-07,5503,1
16,2013-05-07,7376,1
17,2013-05-07,5533,1
18,2013-05-07,5211,1
19,2013-05-07,5934,1
20,2013-05-07,7525,1
21,2013-05-07,3306,1
22,2013-05-07,4094,1
23,2013-05-07,4927,1
24,2013-05-07,8335,1
25,2013-05-07,13145,1
26,2013-05-07,5737,1
27,2013-05-07,7882,1
28,2013-05-07,4889,1
29,2013-05-07,5086,1
30,2013-05-07,5636,1
31,2013-05-07,4846,1
32,2013-05-07,3725,1
33,2013-05-07,8178,1
34,2013-05-07,7216,1
35,2013-05-07,6901,1
36,2013-05-07,8790,1
37,2013-05-07,6226,1
38,2013-05-07,5242,1
39,2013-05-07,3795,1
40,2013-05-07,4423,1
41,2013-05-07,4172,1
42,2013-05-07,8513,1
43,2013-05-07,6073,1
44,2013-05-07,5477,1
45,2013-05-07,4430,1
46,2013-05-07,4462,1
47,2013-05-07,5589,1
48,2013-05-07,3742,1
49,2013-05-07,6501,1
50,2013-05-07,3617,1
1,2013-05-06,4568,1
2,2013-05-06,3840,1
3,2013-05-06,6092,1
4,2013-05-06,7915,1
5,2013-05-06,3895,1
6,2013-05-06,5918,1
7,2013-05-06,8820,1
8,2013-05-06,5090,1
9,2013-05-06,5292,1
10,2013-05-06,5579,1
11,2013-05-06,7535,1
12,2013-05-06,5888,1
13,2013-05-06,3580,1
14,2013-05-06,5514,1
15,2013-05-06,6003,1
16,2013-05-06,6538,1
17,2013-05-06,5530,1
18,2013-05-06,5116,1
19,2013-05-06,5963,1
20,2013-05-06,8201,1
21,2013-05-06,3467,1
22,2013-05-06,4319,1
23,2013-05-06,5181,1
24,2013-05-06,9137,1
25,2013-05-06,15352,1
26,2013-05-06,5433,1
27,2013-05-06,7822,1
28,2013-05-06,4841,1
29,2013-05-06,5375,1
30,2013-05-06,6057,1
31,2013-05-06,4762,1
32,2013-05-06,3953,1
33,2013-05-06,8919,1
34,2013-05-06,8277,1
35,2013-05-06,7378,1
36,2013-05-06,8770,1
37,2013-05-06,6148,1
38,2013-05-06,4527,1
39,2013-05-06,3941,1
40,2013-05-06,4425,1
41,2013-05-06,3470,1
42,2013-05-06,9020,1
43,2013-05-06,6698,1
44,2013-05-06,5052,1
45,2013-05-06,4477,1
46,2013-05-06,3916,1
47,2013-05-06,6270,1
48,2013-05-06,4074,1
49,2013-05-06,5461,1
50,2013-05-06,3740,1
1,2013-05-04,5912,1
2,2013-05-04,2260,1
3,2013-05-04,4732,1
4,2013-05-04,9713,1
5,2013-05-04,1922,1
6,2013-05-04,3620,1
7,2013-05-04,6426,1
8,2013-05-04,2517,1
9,2013-05-04,5656,1
10,2013-05-04,5392,1
11,2013-05-04,6072,1
12,2013-05-04,6351,1
13,2013-05-04,4542,1
14,2013-05-04,3448,1
15,2013-05-04,5450,1
16,2013-05-04,5320,1
17,2013-05-04,2574,1
18,2013-05-04,4013,1
19,2013-05-04,4073,1
20,2013-05-04,5465,1
21,2013-05-04,5559,1
22,2013-05-04,3264,1
23,2013-05-04,4636,1
24,2013-05-04,6863,1
25,2013-05-04,12554,1
26,2013-05-04,5630,1
27,2013-05-04,7762,1
28,2013-05-04,2255,1
29,2013-05-04,4998,1
30,2013-05-04,6357,1
31,2013-05-04,5841,1
32,2013-05-04,2392,1
33,2013-05-04,10149,1
34,2013-05-04,7499,1
35,2013-05-04,6370,1
36,2013-05-04,9844,1
37,2013-05-04,8036,1
38,2013-05-04,6664,1
39,2013-05-04,3000,1
40,2013-05-04,5825,1
41,2013-05-04,4467,1
42,2013-05-04,8037,1
43,2013-05-04,4633,1
44,2013-05-04,3984,1
45,2013-05-04,5828,1
46,2013-05-04,5007,1
47,2013-05-04,4965,1
48,2013-05-04,3336,1
49,2013-05-04,7578,1
50,2013-05-04,4074,1
1,2013-05-03,6027,1
2,2013-05-03,5938,1
3,2013-05-03,9198,1
4,2013-05-03,11335,1
5,2013-05-03,5531,1
6,2013-05-03,8164,1
7,2013-05-03,10699,1
8,2013-05-03,5790,1
9,2013-05-03,7080,1
10,2013-05-03,6119,1
11,2013-05-03,9163,1
12,2013-05-03,7953,1
13,2013-05-03,6147,1
14,2013-05-03,7247,1
15,2013-05-03,7703,1
16,2013-05-03,8264,1
17,2013-05-03,7035,1
18,2013-05-03,7114,1
19,2013-05-03,7517,1
20,2013-05-03,8505,1
21,2013-05-03,6078,1
22,2013-05-03,5496,1
23,2013-05-03,6756,1
24,2013-05-03,11602,1
25,2013-05-03,15970,1
26,2013-05-03,7606,1
27,2013-05-03,11081,1
28,2013-05-03,6638,1
29,2013-05-03,7078,1
30,2013-05-03,6283,1
31,2013-05-03,6333,1
32,2013-05-03,4808,1
33,2013-05-03,10071,1
34,2013-05-03,9076,1
35,2013-05-03,9992,1
36,2013-05-03,9855,1
37,2013-05-03,8251,1
38,2013-05-03,7002,1
39,2013-05-03,5753,1
40,2013-05-03,5789,1
41,2013-05-03,5061,1
42,2013-05-03,10860,1
43,2013-05-03,8970,1
44,2013-05-03,6689,1
45,2013-05-03,6538,1
46,2013-05-03,6563,1
47,2013-05-03,7763,1
48,2013-05-03,4501,1
49,2013-05-03,8022,1
50,2013-05-03,5092,1
1,2013-05-02,6486,1
2,2013-05-02,6699,1
3,2013-05-02,9884,1
4,2013-05-02,12976,1
5,2013-05-02,6347,1
6,2013-05-02,8943,1
7,2013-05-02,12432,1
8,2013-05-02,7765,1
9,2013-05-02,7734,1
10,2013-05-02,6959,1
11,2013-05-02,11336,1
12,2013-05-02,9884,1
13,2013-05-02,5290,1
14,2013-05-02,7669,1
15,2013-05-02,7670,1
16,2013-05-02,9266,1
17,2013-05-02,8418,1
18,2013-05-02,7628,1
19,2013-05-02,8067,1
20,2013-05-02,9675,1
21,2013-05-02,6764,1
22,2013-05-02,5307,1
23,2013-05-02,6689,1
24,2013-05-02,11799,1
25,2013-05-02,19873,1
26,2013-05-02,9117,1
27,2013-05-02,13474,1
28,2013-05-02,7973,1
29,2013-05-02,7712,1
30,2013-05-02,9008,1
31,2013-05-02,7351,1
32,2013-05-02,5139,1
33,2013-05-02,12792,1
34,2013-05-02,9974,1
35,2013-05-02,11790,1
36,2013-05-02,11631,1
37,2013-05-02,10364,1
38,2013-05-02,8129,1
39,2013-05-02,6421,1
40,2013-05-02,5864,1
41,2013-05-02,5942,1
42,2013-05-02,13646,1
43,2013-05-02,9877,1
44,2013-05-02,6637,1
45,2013-05-02,7032,1
46,2013-05-02,6718,1
47,2013-05-02,9882,1
48,2013-05-02,5785,1
49,2013-05-02,8031,1
50,2013-05-02,4856,1
1,2013-04-30,5925,1
2,2013-04-30,6872,1
3,2013-04-30,11641,1
4,2013-04-30,14870,1
5,2013-04-30,6387,1
6,2013-04-30,9810,1
7,2013-04-30,12517,1
8,2013-04-30,8872,1
9,2013-04-30,7441,1
10,2013-04-30,7468,1
11,2013-04-30,11606,1
12,2013-04-30,10579,1
13,2013-04-30,9355,1
14,2013-04-30,7363,1
15,2013-04-30,9101,1
16,2013-04-30,10442,1
17,2013-04-30,10179,1
18,2013-04-30,8106,1
19,2013-04-30,8568,1
20,2013-04-30,9144,1
21,2013-04-30,8278,1
22,2013-04-30,6119,1
23,2013-04-30,7246,1
24,2013-04-30,13523,1
25,2013-04-30,21637,1
26,2013-04-30,8384,1
27,2013-04-30,14898,1
28,2013-04-30,9103,1
29,2013-04-30,9285,1
30,2013-04-30,8961,1
31,2013-04-30,7302,1
32,2013-04-30,7072,1
33,2013-04-30,14898,1
34,2013-04-30,10945,1
35,2013-04-30,12230,1
36,2013-04-30,11928,1
37,2013-04-30,8677,1
38,2013-04-30,9145,1
39,2013-04-30,8354,1
40,2013-04-30,7833,1
41,2013-04-30,4268,1
42,2013-04-30,13041,1
43,2013-04-30,10016,1
44,2013-04-30,7312,1
45,2013-04-30,7806,1
46,2013-04-30,7673,1
47,2013-04-30,10192,1
48,2013-04-30,5883,1
49,2013-04-30,9376,1
50,2013-04-30,5658,1
1,2013-04-29,5821,1
2,2013-04-29,6707,1
3,2013-04-29,9036,1
4,2013-04-29,11140,1
5,2013-04-29,6967,1
6,2013-04-29,8088,1
7,2013-04-29,10913,1
8,2013-04-29,8005,1
9,2013-04-29,7440,1
10,2013-04-29,7284,1
11,2013-04-29,9488,1
12,2013-04-29,10095,1
13,2013-04-29,8650,1
14,2013-04-29,7873,1
15,2013-04-29,8103,1
16,2013-04-29,9629,1
17,2013-04-29,9439,1
18,2013-04-29,7248,1
19,2013-04-29,8840,1
20,2013-04-29,9796,1
21,2013-04-29,7140,1
22,2013-04-29,5435,1
23,2013-04-29,6725,1
24,2013-04-29,11661,1
25,2013-04-29,19563,1
26,2013-04-29,9014,1
27,2013-04-29,13033,1
28,2013-04-29,8365,1
29,2013-04-29,9504,1
30,2013-04-29,8714,1
31,2013-04-29,7101,1
32,2013-04-29,6250,1
33,2013-04-29,11741,1
34,2013-04-29,11081,1
35,2013-04-29,13730,1
36,2013-04-29,10844,1
37,2013-04-29,8749,1
38,2013-04-29,8646,1
39,2013-04-29,7643,1
40,2013-04-29,7029,1
41,2013-04-29,6349,1
42,2013-04-29,12899,1
43,2013-04-29,9669,1
44,2013-04-29,8219,1
45,2013-04-29,6684,1
46,2013-04-29,7460,1
47,2013-04-29,8511,1
48,2013-04-29,6221,1
49,2013-04-29,8794,1
50,2013-04-29,5500,1
1,2013-04-27,5726,1
2,2013-04-27,2134,1
3,2013-04-27,3773,1
4,2013-04-27,9752,1
5,2013-04-27,1428,1
6,2013-04-27,3346,1
7,2013-04-27,5164,1
8,2013-04-27,2471,1
9,2013-04-27,5248,1
10,2013-04-27,4074,1
11,2013-04-27,6068,1
12,2013-04-27,6832,1
13,2013-04-27,4951,1
14,2013-04-27,3654,1
15,2013-04-27,5675,1
16,2013-04-27,4890,1
17,2013-04-27,2588,1
18,2013-04-27,4139,1
19,2013-04-27,4367,1
20,2013-04-27,5181,1
21,2013-04-27,5174,1
22,2013-04-27,2987,1
23,2013-04-27,5239,1
24,2013-04-27,6875,1
25,2013-04-27,11052,1
26,2013-04-27,5628,1
27,2013-04-27,7016,1
28,2013-04-27,2465,1
29,2013-04-27,5729,1
30,2013-04-27,5641,1
31,2013-04-27,4934,1
32,2013-04-27,2329,1
33,2013-04-27,9869,1
34,2013-04-27,8450,1
35,2013-04-27,7009,1
36,2013-04-27,10245,1
37,2013-04-27,9670,1
38,2013-04-27,6425,1
39,2013-04-27,2507,1
40,2013-04-27,6142,1
41,2013-04-27,3859,1
42,2013-04-27,7808,1
43,2013-04-27,4875,1
44,2013-04-27,3392,1
45,2013-04-27,6089,1
46,2013-04-27,4756,1
47,2013-04-27,5391,1
48,2013-04-27,3654,1
49,2013-04-27,7030,1
50,2013-04-27,4594,1
1,2013-04-26,4841,1
2,2013-04-26,4914,1
3,2013-04-26,7194,1
4,2013-04-26,8593,1
5,2013-04-26,4228,1
6,2013-04-26,6598,1
7,2013-04-26,8399,1
8,2013-04-26,4663,1
9,2013-04-26,5643,1
10,2013-04-26,4844,1
11,2013-04-26,7301,1
12,2013-04-26,6708,1
13,2013-04-26,5770,1
14,2013-04-26,5103,1
15,2013-04-26,7525,1
16,2013-04-26,6993,1
17,2013-04-26,6091,1
18,2013-04-26,6140,1
19,2013-04-26,6222,1
20,2013-04-26,7000,1
21,2013-04-26,5618,1
22,2013-04-26,4370,1
23,2013-04-26,5662,1
24,2013-04-26,9920,1
25,2013-04-26,13666,1
26,2013-04-26,7138,1
27,2013-04-26,8914,1
28,2013-04-26,5804,1
29,2013-04-26,6391,1
30,2013-04-26,5114,1
31,2013-04-26,6217,1
32,2013-04-26,4734,1
33,2013-04-26,8477,1
34,2013-04-26,8297,1
35,2013-04-26,9012,1
36,2013-04-26,9925,1
37,2013-04-26,7354,1
38,2013-04-26,5808,1
39,2013-04-26,3824,1
40,2013-04-26,4422,1
41,2013-04-26,3402,1
42,2013-04-26,9246,1
43,2013-04-26,7990,1
44,2013-04-26,6048,1
45,2013-04-26,6718,1
46,2013-04-26,5532,1
47,2013-04-26,6129,1
48,2013-04-26,4587,1
49,2013-04-26,7097,1
50,2013-04-26,4491,1
1,2013-04-25,3939,1
2,2013-04-25,4689,1
3,2013-04-25,7232,1
4,2013-04-25,7985,1
5,2013-04-25,4775,1
6,2013-04-25,6212,1
7,2013-04-25,7960,1
8,2013-04-25,6315,1
9,2013-04-25,4698,1
10,2013-04-25,5291,1
11,2013-04-25,7394,1
12,2013-04-25,7946,1
13,2013-04-25,4655,1
14,2013-04-25,5311,1
15,2013-04-25,6160,1
16,2013-04-25,7161,1
17,2013-04-25,6000,1
18,2013-04-25,4929,1
19,2013-04-25,5837,1
20,2013-04-25,8253,1
21,2013-04-25,5026,1
22,2013-04-25,4402,1
23,2013-04-25,5105,1
24,2013-04-25,7981,1
25,2013-04-25,13437,1
26,2013-04-25,6567,1
27,2013-04-25,8158,1
28,2013-04-25,5446,1
29,2013-04-25,5793,1
30,2013-04-25,6510,1
31,2013-04-25,4495,1
32,2013-04-25,4408,1
33,2013-04-25,8895,1
34,2013-04-25,8262,1
35,2013-04-25,7861,1
36,2013-04-25,9174,1
37,2013-04-25,7708,1
38,2013-04-25,5061,1
39,2013-04-25,4148,1
40,2013-04-25,5180,1
41,2013-04-25,4019,1
42,2013-04-25,9788,1
43,2013-04-25,6867,1
44,2013-04-25,5057,1
45,2013-04-25,5448,1
46,2013-04-25,4131,1
47,2013-04-25,6125,1
48,2013-04-25,4175,1
49,2013-04-25,5912,1
50,2013-04-25,3934,1
1,2013-04-24,4309,1
2,2013-04-24,6260,1
3,2013-04-24,8041,1
4,2013-04-24,7496,1
5,2013-04-24,5076,1
6,2013-04-24,6514,1
7,2013-04-24,7970,1
8,2013-04-24,5061,1
9,2013-04-24,5600,1
10,2013-04-24,5184,1
11,2013-04-24,7834,1
12,2013-04-24,8406,1
13,2013-04-24,5626,1
14,2013-04-24,5169,1
15,2013-04-24,5878,1
16,2013-04-24,7381,1
17,2013-04-24,6640,1
18,2013-04-24,5483,1
19,2013-04-24,5252,1
20,2013-04-24,7264,1
21,2013-04-24,5006,1
22,2013-04-24,3997,1
23,2013-04-24,4834,1
24,2013-04-24,7852,1
25,2013-04-24,12993,1
26,2013-04-24,5360,1
27,2013-04-24,8774,1
28,2013-04-24,5229,1
29,2013-04-24,5293,1
30,2013-04-24,5049,1
31,2013-04-24,4961,1
32,2013-04-24,4428,1
33,2013-04-24,8387,1
34,2013-04-24,8141,1
35,2013-04-24,8025,1
36,2013-04-24,9585,1
37,2013-04-24,6722,1
38,2013-04-24,5502,1
39,2013-04-24,4950,1
40,2013-04-24,4567,1
41,2013-04-24,3553,1
42,2013-04-24,9697,1
43,2013-04-24,6512,1
44,2013-04-24,5437,1
45,2013-04-24,4786,1
46,2013-04-24,4516,1
47,2013-04-24,7487,1
48,2013-04-24,4548,1
49,2013-04-24,5654,1
50,2013-04-24,3758,1
1,2013-04-23,4492,1
2,2013-04-23,5775,1
3,2013-04-23,8294,1
4,2013-04-23,9166,1
5,2013-04-23,4859,1
6,2013-04-23,7543,1
7,2013-04-23,9166,1
8,2013-04-23,6195,1
9,2013-04-23,6088,1
10,2013-04-23,5343,1
11,2013-04-23,8016,1
12,2013-04-23,7721,1
13,2013-04-23,5697,1
14,2013-04-23,6256,1
15,2013-04-23,6943,1
16,2013-04-23,8322,1
17,2013-04-23,8176,1
18,2013-04-23,6453,1
19,2013-04-23,6643,1
20,2013-04-23,8213,1
21,2013-04-23,5933,1
22,2013-04-23,4278,1
23,2013-04-23,5114,1
24,2013-04-23,9389,1
25,2013-04-23,15440,1
26,2013-04-23,6568,1
27,2013-04-23,10444,1
28,2013-04-23,6964,1
29,2013-04-23,6897,1
30,2013-04-23,6748,1
31,2013-04-23,5873,1
32,2013-04-23,4761,1
33,2013-04-23,9647,1
34,2013-04-23,9188,1
35,2013-04-23,9468,1
36,2013-04-23,8786,1
37,2013-04-23,7143,1
38,2013-04-23,6987,1
39,2013-04-23,4765,1
40,2013-04-23,5367,1
41,2013-04-23,3679,1
42,2013-04-23,10865,1
43,2013-04-23,8725,1
44,2013-04-23,6734,1
45,2013-04-23,4912,1
46,2013-04-23,5476,1
47,2013-04-23,7320,1
48,2013-04-23,4629,1
49,2013-04-23,5751,1
50,2013-04-23,4159,1
1,2013-04-22,5672,1
2,2013-04-22,6774,1
3,2013-04-22,8979,1
4,2013-04-22,11138,1
5,2013-04-22,6458,1
6,2013-04-22,8100,1
7,2013-04-22,10465,1
8,2013-04-22,7436,1
9,2013-04-22,6622,1
10,2013-04-22,7365,1
11,2013-04-22,8545,1
12,2013-04-22,9430,1
13,2013-04-22,7300,1
14,2013-04-22,8303,1
15,2013-04-22,7115,1
16,2013-04-22,8704,1
17,2013-04-22,9184,1
18,2013-04-22,7565,1
19,2013-04-22,7307,1
20,2013-04-22,9611,1
21,2013-04-22,7580,1
22,2013-04-22,5879,1
23,2013-04-22,6202,1
24,2013-04-22,11715,1
25,2013-04-22,16136,1
26,2013-04-22,8675,1
27,2013-04-22,11556,1
28,2013-04-22,8065,1
29,2013-04-22,8792,1
30,2013-04-22,8106,1
31,2013-04-22,6171,1
32,2013-04-22,5814,1
33,2013-04-22,11481,1
34,2013-04-22,10096,1
35,2013-04-22,12976,1
36,2013-04-22,11386,1
37,2013-04-22,7675,1
38,2013-04-22,8405,1
39,2013-04-22,5989,1
40,2013-04-22,6002,1
41,2013-04-22,5117,1
42,2013-04-22,12895,1
43,2013-04-22,9246,1
44,2013-04-22,7654,1
45,2013-04-22,7153,1
46,2013-04-22,6507,1
47,2013-04-22,7829,1
48,2013-04-22,5760,1
49,2013-04-22,7728,1
50,2013-04-22,4708,1
1,2013-04-20,4350,1
2,2013-04-20,2701,1
3,2013-04-20,4007,1
4,2013-04-20,8749,1
5,2013-04-20,2152,1
6,2013-04-20,4166,1
7,2013-04-20,5128,1
8,2013-04-20,2562,1
9,2013-04-20,4529,1
10,2013-04-20,4092,1
11,2013-04-20,6526,1
12,2013-04-20,5960,1
13,2013-04-20,4526,1
14,2013-04-20,3202,1
15,2013-04-20,5178,1
16,2013-04-20,4083,1
17,2013-04-20,2463,1
18,2013-04-20,3690,1
19,2013-04-20,3353,1
20,2013-04-20,4253,1
21,2013-04-20,4629,1
22,2013-04-20,2872,1
23,2013-04-20,4093,1
24,2013-04-20,6534,1
25,2013-04-20,10946,1
26,2013-04-20,4857,1
27,2013-04-20,6910,1
28,2013-04-20,2090,1
29,2013-04-20,5160,1
30,2013-04-20,5456,1
31,2013-04-20,4686,1
32,2013-04-20,2316,1
33,2013-04-20,8673,1
34,2013-04-20,7525,1
35,2013-04-20,6808,1
36,2013-04-20,9353,1
37,2013-04-20,7549,1
38,2013-04-20,5518,1
39,2013-04-20,2568,1
40,2013-04-20,5296,1
41,2013-04-20,4217,1
42,2013-04-20,7080,1
43,2013-04-20,4373,1
44,2013-04-20,3363,1
45,2013-04-20,4928,1
46,2013-04-20,5006,1
47,2013-04-20,4651,1
48,2013-04-20,3502,1
49,2013-04-20,6221,1
50,2013-04-20,4234,1
1,2013-04-19,4303,1
2,2013-04-19,3525,1
3,2013-04-19,5608,1
4,2013-04-19,7287,1
5,2013-04-19,3596,1
6,2013-04-19,5872,1
7,2013-04-19,7029,1
8,2013-04-19,3739,1
9,2013-04-19,5359,1
10,2013-04-19,4743,1
11,2013-04-19,6356,1
12,2013-04-19,5821,1
13,2013-04-19,3415,1
14,2013-04-19,4507,1
15,2013-04-19,6054,1
16,2013-04-19,6129,1
17,2013-04-19,5000,1
18,2013-04-19,5544,1
19,2013-04-19,4670,1
20,2013-04-19,6059,1
21,2013-04-19,3875,1
22,2013-04-19,3789,1
23,2013-04-19,4701,1
24,2013-04-19,7415,1
25,2013-04-19,11902,1
26,2013-04-19,5402,1
27,2013-04-19,7101,1
28,2013-04-19,4832,1
29,2013-04-19,4435,1
30,2013-04-19,4481,1
31,2013-04-19,5578,1
32,2013-04-19,2766,1
33,2013-04-19,7284,1
34,2013-04-19,6535,1
35,2013-04-19,6783,1
36,2013-04-19,8206,1
37,2013-04-19,6032,1
38,2013-04-19,4426,1
39,2013-04-19,2935,1
40,2013-04-19,4292,1
41,2013-04-19,4026,1
42,2013-04-19,7750,1
43,2013-04-19,6249,1
44,2013-04-19,4640,1
45,2013-04-19,4812,1
46,2013-04-19,3960,1
47,2013-04-19,4803,1
48,2013-04-19,3774,1
49,2013-04-19,5459,1
50,2013-04-19,3818,1
1,2013-04-18,2952,1
2,2013-04-18,3516,1
3,2013-04-18,5399,1
4,2013-04-18,6390,1
5,2013-04-18,3280,1
6,2013-04-18,5156,1
7,2013-04-18,6465,1
8,2013-04-18,5039,1
9,2013-04-18,4799,1
10,2013-04-18,4184,1
11,2013-04-18,6148,1
12,2013-04-18,5433,1
13,2013-04-18,3042,1
14,2013-04-18,4302,1
15,2013-04-18,4718,1
16,2013-04-18,5788,1
17,2013-04-18,4358,1
18,2013-04-18,4575,1
19,2013-04-18,4755,1
20,2013-04-18,7032,1
21,2013-04-18,3114,1
22,2013-04-18,3535,1
23,2013-04-18,4207,1
24,2013-04-18,6906,1
25,2013-04-18,11796,1
26,2013-04-18,4441,1
27,2013-04-18,6893,1
28,2013-04-18,4477,1
29,2013-04-18,4441,1
30,2013-04-18,5420,1
31,2013-04-18,4202,1
32,2013-04-18,2938,1
33,2013-04-18,7435,1
34,2013-04-18,6436,1
35,2013-04-18,5884,1
36,2013-04-18,7671,1
37,2013-04-18,4812,1
38,2013-04-18,3828,1
39,2013-04-18,3026,1
40,2013-04-18,4235,1
41,2013-04-18,2982,1
42,2013-04-18,7923,1
43,2013-04-18,5269,1
44,2013-04-18,3585,1
45,2013-04-18,3957,1
46,2013-04-18,3363,1
47,2013-04-18,5104,1
48,2013-04-18,3520,1
49,2013-04-18,4983,1
50,2013-04-18,2825,1
1,2013-04-17,3649,1
2,2013-04-17,4776,1
3,2013-04-17,5320,1
4,2013-04-17,6154,1
5,2013-04-17,3636,1
6,2013-04-17,5758,1
7,2013-04-17,6100,1
8,2013-04-17,3825,1
9,2013-04-17,4227,1
10,2013-04-17,4426,1
11,2013-04-17,7098,1
12,2013-04-17,5328,1
13,2013-04-17,3067,1
14,2013-04-17,4037,1
15,2013-04-17,4571,1
16,2013-04-17,5780,1
17,2013-04-17,4369,1
18,2013-04-17,4588,1
19,2013-04-17,4399,1
20,2013-04-17,7217,1
21,2013-04-17,2750,1
22,2013-04-17,3262,1
23,2013-04-17,3762,1
24,2013-04-17,6697,1
25,2013-04-17,11079,1
26,2013-04-17,4106,1
27,2013-04-17,6234,1
28,2013-04-17,4054,1
29,2013-04-17,4304,1
30,2013-04-17,4748,1
31,2013-04-17,3450,1
32,2013-04-17,3139,1
33,2013-04-17,7332,1
34,2013-04-17,6503,1
35,2013-04-17,6379,1
36,2013-04-17,8157,1
37,2013-04-17,4621,1
38,2013-04-17,3252,1
39,2013-04-17,3285,1
40,2013-04-17,4024,1
41,2013-04-17,2912,1
42,2013-04-17,8317,1
43,2013-04-17,4537,1
44,2013-04-17,4515,1
45,2013-04-17,3235,1
46,2013-04-17,3447,1
47,2013-04-17,5036,1
48,2013-04-17,3931,1
49,2013-04-17,4975,1
50,2013-04-17,2493,1
1,2013-04-16,3357,1
2,2013-04-16,4059,1
3,2013-04-16,5092,1
4,2013-04-16,6559,1
5,2013-04-16,3367,1
6,2013-04-16,5641,1
7,2013-04-16,6747,1
8,2013-04-16,4346,1
9,2013-04-16,4535,1
10,2013-04-16,4592,1
11,2013-04-16,6027,1
12,2013-04-16,5209,1
13,2013-04-16,2841,1
14,2013-04-16,4480,1
15,2013-04-16,3931,1
16,2013-04-16,6149,1
17,2013-04-16,4692,1
18,2013-04-16,4633,1
19,2013-04-16,4897,1
20,2013-04-16,6790,1
21,2013-04-16,3469,1
22,2013-04-16,3226,1
23,2013-04-16,3758,1
24,2013-04-16,7162,1
25,2013-04-16,11772,1
26,2013-04-16,4465,1
27,2013-04-16,6718,1
28,2013-04-16,3751,1
29,2013-04-16,4528,1
30,2013-04-16,5334,1
31,2013-04-16,3851,1
32,2013-04-16,3361,1
33,2013-04-16,6823,1
34,2013-04-16,6148,1
35,2013-04-16,6230,1
36,2013-04-16,8072,1
37,2013-04-16,4791,1
38,2013-04-16,4130,1
39,2013-04-16,2972,1
40,2013-04-16,3901,1
41,2013-04-16,2884,1
42,2013-04-16,7385,1
43,2013-04-16,5291,1
44,2013-04-16,4042,1
45,2013-04-16,3317,1
46,2013-04-16,3227,1
47,2013-04-16,4887,1
48,2013-04-16,3533,1
49,2013-04-16,4392,1
50,2013-04-16,2678,1
1,2013-04-15,3941,1
2,2013-04-15,3850,1
3,2013-04-15,5295,1
4,2013-04-15,7181,1
5,2013-04-15,3344,1
6,2013-04-15,5683,1
7,2013-04-15,6342,1
8,2013-04-15,3837,1
9,2013-04-15,4665,1
10,2013-04-15,4558,1
11,2013-04-15,6046,1
12,2013-04-15,5305,1
13,2013-04-15,3056,1
14,2013-04-15,5332,1
15,2013-04-15,4804,1
16,2013-04-15,5875,1
17,2013-04-15,4474,1
18,2013-04-15,4597,1
19,2013-04-15,4162,1
20,2013-04-15,7296,1
21,2013-04-15,3171,1
22,2013-04-15,3256,1
23,2013-04-15,3549,1
24,2013-04-15,7008,1
25,2013-04-15,13326,1
26,2013-04-15,3728,1
27,2013-04-15,6411,1
28,2013-04-15,4247,1
29,2013-04-15,4570,1
30,2013-04-15,4304,1
31,2013-04-15,3899,1
32,2013-04-15,3832,1
33,2013-04-15,7175,1
34,2013-04-15,7053,1
35,2013-04-15,5560,1
36,2013-04-15,8858,1
37,2013-04-15,4060,1
38,2013-04-15,3674,1
39,2013-04-15,3187,1
40,2013-04-15,3308,1
41,2013-04-15,2809,1
42,2013-04-15,7828,1
43,2013-04-15,5512,1
44,2013-04-15,4399,1
45,2013-04-15,3570,1
46,2013-04-15,3241,1
47,2013-04-15,4868,1
48,2013-04-15,3778,1
49,2013-04-15,4895,1
50,2013-04-15,2438,1
1,2013-04-13,4773,1
2,2013-04-13,2561,1
3,2013-04-13,3765,1
4,2013-04-13,9901,1
5,2013-04-13,1515,1
6,2013-04-13,3121,1
7,2013-04-13,4887,1
8,2013-04-13,2202,1
9,2013-04-13,4873,1
10,2013-04-13,4321,1
11,2013-04-13,5248,1
12,2013-04-13,5336,1
13,2013-04-13,4064,1
14,2013-04-13,2916,1
15,2013-04-13,5251,1
16,2013-04-13,4132,1
17,2013-04-13,2543,1
18,2013-04-13,3659,1
19,2013-04-13,3554,1
20,2013-04-13,5113,1
21,2013-04-13,4963,1
22,2013-04-13,3224,1
23,2013-04-13,4680,1
24,2013-04-13,6374,1
25,2013-04-13,12343,1
26,2013-04-13,5150,1
27,2013-04-13,6683,1
28,2013-04-13,1956,1
29,2013-04-13,5925,1
30,2013-04-13,5546,1
31,2013-04-13,5362,1
32,2013-04-13,2385,1
33,2013-04-13,9608,1
34,2013-04-13,7184,1
35,2013-04-13,6269,1
36,2013-04-13,10384,1
37,2013-04-13,7886,1
38,2013-04-13,5738,1
39,2013-04-13,2433,1
40,2013-04-13,6257,1
41,2013-04-13,3927,1
42,2013-04-13,8226,1
43,2013-04-13,4824,1
44,2013-04-13,3268,1
45,2013-04-13,5103,1
46,2013-04-13,4708,1
47,2013-04-13,4202,1
48,2013-04-13,3132,1
49,2013-04-13,6423,1
50,2013-04-13,4297,1
1,2013-04-12,5263,1
2,2013-04-12,4334,1
3,2013-04-12,8866,1
4,2013-04-12,9492,1
5,2013-04-12,4767,1
6,2013-04-12,6520,1
7,2013-04-12,8949,1
8,2013-04-12,5379,1
9,2013-04-12,6055,1
10,2013-04-12,6096,1
11,2013-04-12,7688,1
12,2013-04-12,8626,1
13,2013-04-12,5944,1
14,2013-04-12,5840,1
15,2013-04-12,7784,1
16,2013-04-12,7307,1
17,2013-04-12,7528,1
18,2013-04-12,7140,1
19,2013-04-12,6342,1
20,2013-04-12,7811,1
21,2013-04-12,5903,1
22,2013-04-12,4834,1
23,2013-04-12,6975,1
24,2013-04-12,10358,1
25,2013-04-12,13761,1
26,2013-04-12,6854,1
27,2013-04-12,11007,1
28,2013-04-12,5489,1
29,2013-04-12,6898,1
30,2013-04-12,5405,1
31,2013-04-12,6413,1
32,2013-04-12,5097,1
33,2013-04-12,9792,1
34,2013-04-12,8389,1
35,2013-04-12,10522,1
36,2013-04-12,10006,1
37,2013-04-12,7751,1
38,2013-04-12,6609,1
39,2013-04-12,4759,1
40,2013-04-12,5015,1
41,2013-04-12,4935,1
42,2013-04-12,10438,1
43,2013-04-12,7842,1
44,2013-04-12,6128,1
45,2013-04-12,5520,1
46,2013-04-12,6073,1
47,2013-04-12,6734,1
48,2013-04-12,4666,1
49,2013-04-12,7403,1
50,2013-04-12,4894,1
1,2013-04-11,4366,1
2,2013-04-11,5301,1
3,2013-04-11,7959,1
4,2013-04-11,8764,1
5,2013-04-11,4509,1
6,2013-04-11,6389,1
7,2013-04-11,7253,1
8,2013-04-11,6009,1
9,2013-04-11,5770,1
10,2013-04-11,4689,1
11,2013-04-11,7779,1
12,2013-04-11,7472,1
13,2013-04-11,5004,1
14,2013-04-11,5636,1
15,2013-04-11,6652,1
16,2013-04-11,6974,1
17,2013-04-11,7112,1
18,2013-04-11,5553,1
19,2013-04-11,6337,1
20,2013-04-11,8110,1
21,2013-04-11,5581,1
22,2013-04-11,4255,1
23,2013-04-11,5159,1
24,2013-04-11,9761,1
25,2013-04-11,15648,1
26,2013-04-11,7051,1
27,2013-04-11,9302,1
28,2013-04-11,5353,1
29,2013-04-11,5396,1
30,2013-04-11,6719,1
31,2013-04-11,5755,1
32,2013-04-11,3621,1
33,2013-04-11,9048,1
34,2013-04-11,7849,1
35,2013-04-11,9995,1
36,2013-04-11,8764,1
37,2013-04-11,7386,1
38,2013-04-11,5562,1
39,2013-04-11,4608,1
40,2013-04-11,5701,1
41,2013-04-11,4217,1
42,2013-04-11,9733,1
43,2013-04-11,8671,1
44,2013-04-11,5671,1
45,2013-04-11,6216,1
46,2013-04-11,5509,1
47,2013-04-11,6759,1
48,2013-04-11,4365,1
49,2013-04-11,6467,1
50,2013-04-11,3771,1
1,2013-04-10,4903,1
2,2013-04-10,6520,1
3,2013-04-10,8414,1
4,2013-04-10,8798,1
5,2013-04-10,5698,1
6,2013-04-10,6645,1
7,2013-04-10,7548,1
8,2013-04-10,5239,1
9,2013-04-10,4779,1
10,2013-04-10,5541,1
11,2013-04-10,8006,1
12,2013-04-10,7334,1
13,2013-04-10,5380,1
14,2013-04-10,5629,1
15,2013-04-10,6538,1
16,2013-04-10,7497,1
17,2013-04-10,7066,1
18,2013-04-10,6205,1
19,2013-04-10,6333,1
20,2013-04-10,7515,1
21,2013-04-10,7320,1
22,2013-04-10,4354,1
23,2013-04-10,5889,1
24,2013-04-10,9568,1
25,2013-04-10,12829,1
26,2013-04-10,7001,1
27,2013-04-10,10539,1
28,2013-04-10,6053,1
29,2013-04-10,6220,1
30,2013-04-10,5465,1
31,2013-04-10,5853,1
32,2013-04-10,4070,1
33,2013-04-10,8172,1
34,2013-04-10,7895,1
35,2013-04-10,11094,1
36,2013-04-10,9654,1
37,2013-04-10,6861,1
38,2013-04-10,6032,1
39,2013-04-10,5409,1
40,2013-04-10,4634,1
41,2013-04-10,4289,1
42,2013-04-10,10553,1
43,2013-04-10,7573,1
44,2013-04-10,5850,1
45,2013-04-10,5692,1
46,2013-04-10,5554,1
47,2013-04-10,7453,1
48,2013-04-10,4114,1
49,2013-04-10,6694,1
50,2013-04-10,4451,1
1,2013-04-09,5514,1
2,2013-04-09,6574,1
3,2013-04-09,9416,1
4,2013-04-09,9238,1
5,2013-04-09,5204,1
6,2013-04-09,7676,1
7,2013-04-09,10176,1
8,2013-04-09,6875,1
9,2013-04-09,6101,1
10,2013-04-09,5782,1
11,2013-04-09,9428,1
12,2013-04-09,8805,1
13,2013-04-09,5962,1
14,2013-04-09,6579,1
15,2013-04-09,6994,1
16,2013-04-09,8926,1
17,2013-04-09,8591,1
18,2013-04-09,6571,1
19,2013-04-09,7279,1
20,2013-04-09,9415,1
21,2013-04-09,6701,1
22,2013-04-09,4696,1
23,2013-04-09,6110,1
24,2013-04-09,9931,1
25,2013-04-09,14608,1
26,2013-04-09,6560,1
27,2013-04-09,11421,1
28,2013-04-09,7299,1
29,2013-04-09,6991,1
30,2013-04-09,7486,1
31,2013-04-09,6149,1
32,2013-04-09,4713,1
33,2013-04-09,9269,1
34,2013-04-09,8188,1
35,2013-04-09,11396,1
36,2013-04-09,9842,1
37,2013-04-09,7075,1
38,2013-04-09,6694,1
39,2013-04-09,5163,1
40,2013-04-09,5626,1
41,2013-04-09,4248,1
42,2013-04-09,11111,1
43,2013-04-09,9710,1
44,2013-04-09,6681,1
45,2013-04-09,5601,1
46,2013-04-09,5714,1
47,2013-04-09,7679,1
48,2013-04-09,4808,1
49,2013-04-09,7234,1
50,2013-04-09,3998,1
1,2013-04-08,6046,1
2,2013-04-08,6696,1
3,2013-04-08,9781,1
4,2013-04-08,10943,1
5,2013-04-08,6817,1
6,2013-04-08,7883,1
7,2013-04-08,11404,1
8,2013-04-08,8004,1
9,2013-04-08,7024,1
10,2013-04-08,7087,1
11,2013-04-08,10304,1
12,2013-04-08,10825,1
13,2013-04-08,7280,1
14,2013-04-08,7764,1
15,2013-04-08,8576,1
16,2013-04-08,10571,1
17,2013-04-08,10741,1
18,2013-04-08,8204,1
19,2013-04-08,7728,1
20,2013-04-08,9965,1
21,2013-04-08,7261,1
22,2013-04-08,6256,1
23,2013-04-08,7644,1
24,2013-04-08,12349,1
25,2013-04-08,17352,1
26,2013-04-08,9498,1
27,2013-04-08,13013,1
28,2013-04-08,8140,1
29,2013-04-08,9745,1
30,2013-04-08,7432,1
31,2013-04-08,7284,1
32,2013-04-08,4948,1
33,2013-04-08,10703,1
34,2013-04-08,10342,1
35,2013-04-08,13817,1
36,2013-04-08,10678,1
37,2013-04-08,7377,1
38,2013-04-08,9336,1
39,2013-04-08,7358,1
40,2013-04-08,5746,1
41,2013-04-08,5113,1
42,2013-04-08,13992,1
43,2013-04-08,10492,1
44,2013-04-08,8731,1
45,2013-04-08,6977,1
46,2013-04-08,8034,1
47,2013-04-08,9612,1
48,2013-04-08,5934,1
49,2013-04-08,8714,1
50,2013-04-08,5704,1
1,2013-04-06,5075,1
2,2013-04-06,2461,1
3,2013-04-06,4656,1
4,2013-04-06,9985,1
5,2013-04-06,1571,1
6,2013-04-06,3297,1
7,2013-04-06,5276,1
8,2013-04-06,2646,1
9,2013-04-06,5046,1
10,2013-04-06,4607,1
11,2013-04-06,5918,1
12,2013-04-06,5609,1
13,2013-04-06,4523,1
14,2013-04-06,3396,1
15,2013-04-06,5061,1
16,2013-04-06,4464,1
17,2013-04-06,2938,1
18,2013-04-06,3532,1
19,2013-04-06,3400,1
20,2013-04-06,4876,1
21,2013-04-06,4468,1
22,2013-04-06,3044,1
23,2013-04-06,4566,1
24,2013-04-06,7019,1
25,2013-04-06,8713,1
26,2013-04-06,5636,1
27,2013-04-06,6388,1
28,2013-04-06,2420,1
29,2013-04-06,6303,1
30,2013-04-06,5352,1
31,2013-04-06,5581,1
32,2013-04-06,1796,1
33,2013-04-06,9542,1
34,2013-04-06,7440,1
35,2013-04-06,7705,1
36,2013-04-06,9684,1
37,2013-04-06,9013,1
38,2013-04-06,6221,1
39,2013-04-06,2442,1
40,2013-04-06,5521,1
41,2013-04-06,3864,1
42,2013-04-06,7502,1
43,2013-04-06,4870,1
44,2013-04-06,3588,1
45,2013-04-06,5563,1
46,2013-04-06,4905,1
47,2013-04-06,5828,1
48,2013-04-06,3369,1
49,2013-04-06,6640,1
50,2013-04-06,4497,1
1,2013-04-05,4390,1
2,2013-04-05,3872,1
3,2013-04-05,6197,1
4,2013-04-05,8264,1
5,2013-04-05,3949,1
6,2013-04-05,5798,1
7,2013-04-05,8011,1
8,2013-04-05,4100,1
9,2013-04-05,4623,1
10,2013-04-05,4529,1
11,2013-04-05,7037,1
12,2013-04-05,5425,1
13,2013-04-05,3369,1
14,2013-04-05,5249,1
15,2013-04-05,5405,1
16,2013-04-05,6471,1
17,2013-04-05,5994,1
18,2013-04-05,6176,1
19,2013-04-05,5457,1
20,2013-04-05,6555,1
21,2013-04-05,3692,1
22,2013-04-05,3946,1
23,2013-04-05,4411,1
24,2013-04-05,8078,1
25,2013-04-05,10009,1
26,2013-04-05,5379,1
27,2013-04-05,7331,1
28,2013-04-05,5071,1
29,2013-04-05,4977,1
30,2013-04-05,4823,1
31,2013-04-05,5293,1
32,2013-04-05,3687,1
33,2013-04-05,7471,1
34,2013-04-05,6501,1
35,2013-04-05,7089,1
36,2013-04-05,8014,1
37,2013-04-05,5978,1
38,2013-04-05,4750,1
39,2013-04-05,3122,1
40,2013-04-05,4326,1
41,2013-04-05,3550,1
42,2013-04-05,8634,1
43,2013-04-05,6714,1
44,2013-04-05,4868,1
45,2013-04-05,4593,1
46,2013-04-05,4646,1
47,2013-04-05,6173,1
48,2013-04-05,3798,1
49,2013-04-05,6091,1
50,2013-04-05,3690,1
1,2013-04-04,4293,1
2,2013-04-04,4114,1
3,2013-04-04,6663,1
4,2013-04-04,8692,1
5,2013-04-04,3875,1
6,2013-04-04,5359,1
7,2013-04-04,7210,1
8,2013-04-04,4649,1
9,2013-04-04,4219,1
10,2013-04-04,4531,1
11,2013-04-04,7635,1
12,2013-04-04,6197,1
13,2013-04-04,3718,1
14,2013-04-04,5139,1
15,2013-04-04,5119,1
16,2013-04-04,6370,1
17,2013-04-04,6071,1
18,2013-04-04,5503,1
19,2013-04-04,4685,1
20,2013-04-04,8118,1
21,2013-04-04,3991,1
22,2013-04-04,4143,1
23,2013-04-04,4769,1
24,2013-04-04,8099,1
25,2013-04-04,10902,1
26,2013-04-04,5558,1
27,2013-04-04,6706,1
28,2013-04-04,4977,1
29,2013-04-04,5162,1
30,2013-04-04,5737,1
31,2013-04-04,4608,1
32,2013-04-04,3379,1
33,2013-04-04,7713,1
34,2013-04-04,6666,1
35,2013-04-04,7399,1
36,2013-04-04,7693,1
37,2013-04-04,5637,1
38,2013-04-04,4894,1
39,2013-04-04,3765,1
40,2013-04-04,4757,1
41,2013-04-04,3663,1
42,2013-04-04,7424,1
43,2013-04-04,6858,1
44,2013-04-04,4454,1
45,2013-04-04,4936,1
46,2013-04-04,4177,1
47,2013-04-04,6426,1
48,2013-04-04,3795,1
49,2013-04-04,4832,1
50,2013-04-04,3536,1
1,2013-04-03,4625,1
2,2013-04-03,4250,1
3,2013-04-03,5704,1
4,2013-04-03,8922,1
5,2013-04-03,4247,1
6,2013-04-03,6066,1
7,2013-04-03,6884,1
8,2013-04-03,4358,1
9,2013-04-03,5048,1
10,2013-04-03,4662,1
11,2013-04-03,7279,1
12,2013-04-03,6195,1
13,2013-04-03,3650,1
14,2013-04-03,4525,1
15,2013-04-03,4640,1
16,2013-04-03,6509,1
17,2013-04-03,6093,1
18,2013-04-03,5199,1
19,2013-04-03,4779,1
20,2013-04-03,7415,1
21,2013-04-03,3626,1
22,2013-04-03,3744,1
23,2013-04-03,4137,1
24,2013-04-03,8387,1
25,2013-04-03,10466,1
26,2013-04-03,5012,1
27,2013-04-03,6578,1
28,2013-04-03,4446,1
29,2013-04-03,5182,1
30,2013-04-03,5064,1
31,2013-04-03,4578,1
32,2013-04-03,3090,1
33,2013-04-03,7730,1
34,2013-04-03,7053,1
35,2013-04-03,6072,1
36,2013-04-03,8684,1
37,2013-04-03,5206,1
38,2013-04-03,4718,1
39,2013-04-03,4047,1
40,2013-04-03,4238,1
41,2013-04-03,4081,1
42,2013-04-03,7593,1
43,2013-04-03,5732,1
44,2013-04-03,4575,1
45,2013-04-03,3702,1
46,2013-04-03,3774,1
47,2013-04-03,7555,1
48,2013-04-03,4225,1
49,2013-04-03,5379,1
50,2013-04-03,3627,1
1,2013-04-02,5484,1
2,2013-04-02,3643,1
3,2013-04-02,5856,1
4,2013-04-02,11522,1
5,2013-04-02,4436,1
6,2013-04-02,7028,1
7,2013-04-02,9418,1
8,2013-04-02,5409,1
9,2013-04-02,5762,1
10,2013-04-02,5747,1
11,2013-04-02,8716,1
12,2013-04-02,6532,1
13,2013-04-02,3895,1
14,2013-04-02,4934,1
15,2013-04-02,5921,1
16,2013-04-02,7324,1
17,2013-04-02,5706,1
18,2013-04-02,5382,1
19,2013-04-02,6138,1
20,2013-04-02,7917,1
21,2013-04-02,3627,1
22,2013-04-02,3705,1
23,2013-04-02,5061,1
24,2013-04-02,8463,1
25,2013-04-02,13151,1
26,2013-04-02,5908,1
27,2013-04-02,7161,1
28,2013-04-02,5821,1
29,2013-04-02,5227,1
30,2013-04-02,6447,1
31,2013-04-02,5413,1
32,2013-04-02,3963,1
33,2013-04-02,9800,1
34,2013-04-02,7865,1
35,2013-04-02,6470,1
36,2013-04-02,9015,1
37,2013-04-02,5914,1
38,2013-04-02,5503,1
39,2013-04-02,4459,1
40,2013-04-02,4628,1
41,2013-04-02,4079,1
42,2013-04-02,9317,1
43,2013-04-02,6266,1
44,2013-04-02,4559,1
45,2013-04-02,4303,1
46,2013-04-02,4227,1
47,2013-04-02,7712,1
48,2013-04-02,4868,1
49,2013-04-02,6155,1
50,2013-04-02,3814,1
1,2013-03-30,7132,1
2,2013-03-30,4406,1
3,2013-03-30,6267,1
4,2013-03-30,14669,1
5,2013-03-30,2916,1
6,2013-03-30,5249,1
7,2013-03-30,11274,1
8,2013-03-30,3500,1
9,2013-03-30,6457,1
10,2013-03-30,5809,1
11,2013-03-30,11336,1
12,2013-03-30,9390,1
13,2013-03-30,5644,1
14,2013-03-30,5766,1
15,2013-03-30,8833,1
16,2013-03-30,7478,1
17,2013-03-30,5202,1
18,2013-03-30,6874,1
19,2013-03-30,6260,1
20,2013-03-30,5620,1
21,2013-03-30,7436,1
22,2013-03-30,4870,1
23,2013-03-30,7324,1
24,2013-03-30,12534,1
25,2013-03-30,13532,1
26,2013-03-30,8819,1
27,2013-03-30,10508,1
28,2013-03-30,4895,1
29,2013-03-30,9245,1
30,2013-03-30,7457,1
31,2013-03-30,9327,1
32,2013-03-30,3467,1
33,2013-03-30,14593,1
34,2013-03-30,9804,1
35,2013-03-30,10903,1
36,2013-03-30,14075,1
37,2013-03-30,12799,1
38,2013-03-30,8775,1
39,2013-03-30,4306,1
40,2013-03-30,6425,1
41,2013-03-30,7233,1
42,2013-03-30,12166,1
43,2013-03-30,8367,1
44,2013-03-30,5345,1
45,2013-03-30,7085,1
46,2013-03-30,7306,1
47,2013-03-30,9562,1
48,2013-03-30,5060,1
49,2013-03-30,11384,1
50,2013-03-30,6032,1
1,2013-03-28,7285,1
2,2013-03-28,7229,1
3,2013-03-28,9884,1
4,2013-03-28,16910,1
5,2013-03-28,7945,1
6,2013-03-28,10228,1
7,2013-03-28,13770,1
8,2013-03-28,8966,1
9,2013-03-28,8515,1
10,2013-03-28,7243,1
11,2013-03-28,13947,1
12,2013-03-28,11489,1
13,2013-03-28,7203,1
14,2013-03-28,8226,1
15,2013-03-28,11681,1
16,2013-03-28,9900,1
17,2013-03-28,9529,1
18,2013-03-28,10471,1
19,2013-03-28,9045,1
20,2013-03-28,9059,1
21,2013-03-28,9345,1
22,2013-03-28,6431,1
23,2013-03-28,8560,1
24,2013-03-28,16721,1
25,2013-03-28,18974,1
26,2013-03-28,10084,1
27,2013-03-28,14688,1
28,2013-03-28,9408,1
29,2013-03-28,9187,1
30,2013-03-28,9598,1
31,2013-03-28,10283,1
32,2013-03-28,5847,1
33,2013-03-28,13002,1
34,2013-03-28,11576,1
35,2013-03-28,14140,1
36,2013-03-28,12340,1
37,2013-03-28,11588,1
38,2013-03-28,8841,1
39,2013-03-28,6915,1
40,2013-03-28,6890,1
41,2013-03-28,7312,1
42,2013-03-28,15504,1
43,2013-03-28,10651,1
44,2013-03-28,7999,1
45,2013-03-28,8751,1
46,2013-03-28,8588,1
47,2013-03-28,12298,1
48,2013-03-28,6274,1
49,2013-03-28,12058,1
50,2013-03-28,5737,1
1,2013-03-27,6660,1
2,2013-03-27,7880,1
3,2013-03-27,9033,1
4,2013-03-27,11014,1
5,2013-03-27,6477,1
6,2013-03-27,8296,1
7,2013-03-27,10734,1
8,2013-03-27,6482,1
9,2013-03-27,6816,1
10,2013-03-27,5639,1
11,2013-03-27,12419,1
12,2013-03-27,11381,1
13,2013-03-27,6510,1
14,2013-03-27,6606,1
15,2013-03-27,9722,1
16,2013-03-27,8794,1
17,2013-03-27,9568,1
18,2013-03-27,8495,1
19,2013-03-27,7504,1
20,2013-03-27,8531,1
21,2013-03-27,7370,1
22,2013-03-27,5553,1
23,2013-03-27,6934,1
24,2013-03-27,12892,1
25,2013-03-27,13387,1
26,2013-03-27,8621,1
27,2013-03-27,12634,1
28,2013-03-27,7812,1
29,2013-03-27,7269,1
30,2013-03-27,7192,1
31,2013-03-27,8369,1
32,2013-03-27,5372,1
33,2013-03-27,10768,1
34,2013-03-27,9214,1
35,2013-03-27,10255,1
36,2013-03-27,10489,1
37,2013-03-27,10110,1
38,2013-03-27,7696,1
39,2013-03-27,5194,1
40,2013-03-27,5214,1
41,2013-03-27,5120,1
42,2013-03-27,13939,1
43,2013-03-27,9672,1
44,2013-03-27,7011,1
45,2013-03-27,7339,1
46,2013-03-27,6926,1
47,2013-03-27,9827,1
48,2013-03-27,5907,1
49,2013-03-27,9376,1
50,2013-03-27,5178,1
1,2013-03-26,6686,1
2,2013-03-26,6384,1
3,2013-03-26,9991,1
4,2013-03-26,10381,1
5,2013-03-26,6086,1
6,2013-03-26,8286,1
7,2013-03-26,10454,1
8,2013-03-26,7070,1
9,2013-03-26,6257,1
10,2013-03-26,5495,1
11,2013-03-26,12008,1
12,2013-03-26,10298,1
13,2013-03-26,5846,1
14,2013-03-26,7321,1
15,2013-03-26,7704,1
16,2013-03-26,9272,1
17,2013-03-26,10068,1
18,2013-03-26,7938,1
19,2013-03-26,7159,1
20,2013-03-26,8227,1
21,2013-03-26,6969,1
22,2013-03-26,4721,1
23,2013-03-26,6897,1
24,2013-03-26,10920,1
25,2013-03-26,13665,1
26,2013-03-26,8588,1
27,2013-03-26,12723,1
28,2013-03-26,9016,1
29,2013-03-26,7688,1
30,2013-03-26,8139,1
31,2013-03-26,6969,1
32,2013-03-26,4164,1
33,2013-03-26,10386,1
34,2013-03-26,9639,1
35,2013-03-26,10927,1
36,2013-03-26,9383,1
37,2013-03-26,9506,1
38,2013-03-26,7265,1
39,2013-03-26,5576,1
40,2013-03-26,6338,1
41,2013-03-26,4574,1
42,2013-03-26,11920,1
43,2013-03-26,8974,1
44,2013-03-26,6582,1
45,2013-03-26,5979,1
46,2013-03-26,6389,1
47,2013-03-26,9724,1
48,2013-03-26,5837,1
49,2013-03-26,8581,1
50,2013-03-26,5260,1
1,2013-03-25,6729,1
2,2013-03-25,8412,1
3,2013-03-25,10181,1
4,2013-03-25,11548,1
5,2013-03-25,7563,1
6,2013-03-25,8285,1
7,2013-03-25,12717,1
8,2013-03-25,7724,1
9,2013-03-25,6717,1
10,2013-03-25,6513,1
11,2013-03-25,11505,1
12,2013-03-25,11971,1
13,2013-03-25,8011,1
14,2013-03-25,7181,1
15,2013-03-25,9351,1
16,2013-03-25,10512,1
17,2013-03-25,11097,1
18,2013-03-25,9101,1
19,2013-03-25,9177,1
20,2013-03-25,8903,1
21,2013-03-25,7990,1
22,2013-03-25,6015,1
23,2013-03-25,8170,1
24,2013-03-25,12260,1
25,2013-03-25,14285,1
26,2013-03-25,10821,1
27,2013-03-25,12663,1
28,2013-03-25,9657,1
29,2013-03-25,10000,1
30,2013-03-25,8096,1
31,2013-03-25,7116,1
32,2013-03-25,4473,1
33,2013-03-25,10779,1
34,2013-03-25,10893,1
35,2013-03-25,13129,1
36,2013-03-25,10337,1
37,2013-03-25,10334,1
38,2013-03-25,9140,1
39,2013-03-25,6935,1
40,2013-03-25,6196,1
41,2013-03-25,5856,1
42,2013-03-25,14951,1
43,2013-03-25,9833,1
44,2013-03-25,8394,1
45,2013-03-25,6820,1
46,2013-03-25,7451,1
47,2013-03-25,9598,1
48,2013-03-25,5860,1
49,2013-03-25,10543,1
50,2013-03-25,5635,1
1,2013-03-23,5603,1
2,2013-03-23,2691,1
3,2013-03-23,4200,1
4,2013-03-23,9875,1
5,2013-03-23,2153,1
6,2013-03-23,3582,1
7,2013-03-23,5347,1
8,2013-03-23,2284,1
9,2013-03-23,4557,1
10,2013-03-23,4285,1
11,2013-03-23,6480,1
12,2013-03-23,7413,1
13,2013-03-23,4294,1
14,2013-03-23,3299,1
15,2013-03-23,5652,1
16,2013-03-23,5152,1
17,2013-03-23,2867,1
18,2013-03-23,3904,1
19,2013-03-23,4244,1
20,2013-03-23,4497,1
21,2013-03-23,5006,1
22,2013-03-23,2865,1
23,2013-03-23,4561,1
24,2013-03-23,7282,1
25,2013-03-23,8369,1
26,2013-03-23,5838,1
27,2013-03-23,6961,1
28,2013-03-23,2023,1
29,2013-03-23,6209,1
30,2013-03-23,5508,1
31,2013-03-23,5961,1
32,2013-03-23,2157,1
33,2013-03-23,8915,1
34,2013-03-23,8143,1
35,2013-03-23,7164,1
36,2013-03-23,9261,1
37,2013-03-23,8953,1
38,2013-03-23,6311,1
39,2013-03-23,2771,1
40,2013-03-23,4844,1
41,2013-03-23,4312,1
42,2013-03-23,8197,1
43,2013-03-23,4726,1
44,2013-03-23,3747,1
45,2013-03-23,5132,1
46,2013-03-23,5036,1
47,2013-03-23,5933,1
48,2013-03-23,3439,1
49,2013-03-23,6643,1
50,2013-03-23,4383,1
1,2013-03-22,5506,1
2,2013-03-22,4955,1
3,2013-03-22,8355,1
4,2013-03-22,10190,1
5,2013-03-22,4862,1
6,2013-03-22,6745,1
7,2013-03-22,9776,1
8,2013-03-22,4778,1
9,2013-03-22,6215,1
10,2013-03-22,5158,1
11,2013-03-22,8903,1
12,2013-03-22,8471,1
13,2013-03-22,5340,1
14,2013-03-22,6805,1
15,2013-03-22,7716,1
16,2013-03-22,7876,1
17,2013-03-22,7522,1
18,2013-03-22,7211,1
19,2013-03-22,7222,1
20,2013-03-22,6587,1
21,2013-03-22,6027,1
22,2013-03-22,4646,1
23,2013-03-22,6014,1
24,2013-03-22,10331,1
25,2013-03-22,11393,1
26,2013-03-22,7849,1
27,2013-03-22,10293,1
28,2013-03-22,6049,1
29,2013-03-22,6811,1
30,2013-03-22,6008,1
31,2013-03-22,6667,1
32,2013-03-22,4173,1
33,2013-03-22,9055,1
34,2013-03-22,7743,1
35,2013-03-22,10447,1
36,2013-03-22,9090,1
37,2013-03-22,8417,1
38,2013-03-22,6127,1
39,2013-03-22,4453,1
40,2013-03-22,4984,1
41,2013-03-22,4672,1
42,2013-03-22,11317,1
43,2013-03-22,8856,1
44,2013-03-22,5953,1
45,2013-03-22,5268,1
46,2013-03-22,6206,1
47,2013-03-22,7388,1
48,2013-03-22,4387,1
49,2013-03-22,7409,1
50,2013-03-22,4507,1
1,2013-03-21,5179,1
2,2013-03-21,5322,1
3,2013-03-21,8245,1
4,2013-03-21,9466,1
5,2013-03-21,5027,1
6,2013-03-21,6335,1
7,2013-03-21,7976,1
8,2013-03-21,6808,1
9,2013-03-21,5414,1
10,2013-03-21,4623,1
11,2013-03-21,9323,1
12,2013-03-21,8529,1
13,2013-03-21,5271,1
14,2013-03-21,6199,1
15,2013-03-21,7010,1
16,2013-03-21,7531,1
17,2013-03-21,7760,1
18,2013-03-21,6199,1
19,2013-03-21,6112,1
20,2013-03-21,8529,1
21,2013-03-21,5694,1
22,2013-03-21,4473,1
23,2013-03-21,6061,1
24,2013-03-21,9288,1
25,2013-03-21,12204,1
26,2013-03-21,7381,1
27,2013-03-21,9003,1
28,2013-03-21,5948,1
29,2013-03-21,6570,1
30,2013-03-21,7135,1
31,2013-03-21,6273,1
32,2013-03-21,4290,1
33,2013-03-21,8657,1
34,2013-03-21,7606,1
35,2013-03-21,9742,1
36,2013-03-21,8801,1
37,2013-03-21,7353,1
38,2013-03-21,6063,1
39,2013-03-21,4937,1
40,2013-03-21,4872,1
41,2013-03-21,4533,1
42,2013-03-21,10420,1
43,2013-03-21,8892,1
44,2013-03-21,5428,1
45,2013-03-21,6122,1
46,2013-03-21,5593,1
47,2013-03-21,7831,1
48,2013-03-21,4619,1
49,2013-03-21,6832,1
50,2013-03-21,4239,1
1,2013-03-20,5598,1
2,2013-03-20,6783,1
3,2013-03-20,8459,1
4,2013-03-20,9149,1
5,2013-03-20,6085,1
6,2013-03-20,7506,1
7,2013-03-20,8934,1
8,2013-03-20,7031,1
9,2013-03-20,5096,1
10,2013-03-20,3927,1
11,2013-03-20,9449,1
12,2013-03-20,9021,1
13,2013-03-20,5348,1
14,2013-03-20,5480,1
15,2013-03-20,7508,1
16,2013-03-20,7939,1
17,2013-03-20,6764,1
18,2013-03-20,6897,1
19,2013-03-20,5648,1
20,2013-03-20,8223,1
21,2013-03-20,5397,1
22,2013-03-20,4184,1
23,2013-03-20,6236,1
24,2013-03-20,9006,1
25,2013-03-20,10843,1
26,2013-03-20,6769,1
27,2013-03-20,9210,1
28,2013-03-20,6635,1
29,2013-03-20,5270,1
30,2013-03-20,5036,1
31,2013-03-20,6541,1
32,2013-03-20,4811,1
33,2013-03-20,7977,1
34,2013-03-20,7917,1
35,2013-03-20,9406,1
36,2013-03-20,9527,1
37,2013-03-20,7338,1
38,2013-03-20,5631,1
39,2013-03-20,4525,1
40,2013-03-20,3741,1
41,2013-03-20,3987,1
42,2013-03-20,8849,1
43,2013-03-20,6922,1
44,2013-03-20,6685,1
45,2013-03-20,5811,1
46,2013-03-20,4802,1
47,2013-03-20,8289,1
48,2013-03-20,4566,1
49,2013-03-20,7207,1
50,2013-03-20,4486,1
1,2013-03-19,6563,1
2,2013-03-19,6224,1
3,2013-03-19,9725,1
4,2013-03-19,10301,1
5,2013-03-19,4930,1
6,2013-03-19,6603,1
7,2013-03-19,8576,1
8,2013-03-19,6587,1
9,2013-03-19,5996,1
10,2013-03-19,5584,1
11,2013-03-19,9524,1
12,2013-03-19,9425,1
13,2013-03-19,6147,1
14,2013-03-19,6797,1
15,2013-03-19,7889,1
16,2013-03-19,8935,1
17,2013-03-19,8598,1
18,2013-03-19,5807,1
19,2013-03-19,6290,1
20,2013-03-19,9970,1
21,2013-03-19,6581,1
22,2013-03-19,4896,1
23,2013-03-19,5900,1
24,2013-03-19,9412,1
25,2013-03-19,13612,1
26,2013-03-19,6604,1
27,2013-03-19,11276,1
28,2013-03-19,7387,1
29,2013-03-19,7473,1
30,2013-03-19,7784,1
31,2013-03-19,6789,1
32,2013-03-19,5395,1
33,2013-03-19,9985,1
34,2013-03-19,8273,1
35,2013-03-19,9740,1
36,2013-03-19,10980,1
37,2013-03-19,6517,1
38,2013-03-19,7207,1
39,2013-03-19,5625,1
40,2013-03-19,5786,1
41,2013-03-19,3652,1
42,2013-03-19,12005,1
43,2013-03-19,8541,1
44,2013-03-19,5720,1
45,2013-03-19,5416,1
46,2013-03-19,5870,1
47,2013-03-19,8037,1
48,2013-03-19,4863,1
49,2013-03-19,7658,1
50,2013-03-19,3946,1
1,2013-03-18,7072,1
2,2013-03-18,7593,1
3,2013-03-18,11199,1
4,2013-03-18,11643,1
5,2013-03-18,7297,1
6,2013-03-18,7907,1
7,2013-03-18,8415,1
8,2013-03-18,7418,1
9,2013-03-18,7244,1
10,2013-03-18,6766,1
11,2013-03-18,7975,1
12,2013-03-18,8129,1
13,2013-03-18,6386,1
14,2013-03-18,8144,1
15,2013-03-18,6242,1
16,2013-03-18,9419,1
17,2013-03-18,11178,1
18,2013-03-18,9111,1
19,2013-03-18,8874,1
20,2013-03-18,8127,1
21,2013-03-18,7184,1
22,2013-03-18,5570,1
23,2013-03-18,9491,1
24,2013-03-18,12367,1
25,2013-03-18,16325,1
26,2013-03-18,9837,1
27,2013-03-18,13255,1
28,2013-03-18,7148,1
29,2013-03-18,9498,1
30,2013-03-18,9829,1
31,2013-03-18,6087,1
32,2013-03-18,4659,1
33,2013-03-18,12146,1
34,2013-03-18,10185,1
35,2013-03-18,14005,1
36,2013-03-18,10421,1
37,2013-03-18,7395,1
38,2013-03-18,9984,1
39,2013-03-18,7691,1
40,2013-03-18,7244,1
41,2013-03-18,5216,1
42,2013-03-18,13950,1
43,2013-03-18,11150,1
44,2013-03-18,8785,1
45,2013-03-18,6749,1
46,2013-03-18,7641,1
47,2013-03-18,7899,1
48,2013-03-18,4610,1
49,2013-03-18,9494,1
50,2013-03-18,6603,1
1,2013-03-16,5003,1
2,2013-03-16,2956,1
3,2013-03-16,4249,1
4,2013-03-16,9446,1
5,2013-03-16,1717,1
6,2013-03-16,3750,1
7,2013-03-16,5335,1
8,2013-03-16,2512,1
9,2013-03-16,4642,1
10,2013-03-16,3885,1
11,2013-03-16,6778,1
12,2013-03-16,6691,1
13,2013-03-16,3728,1
14,2013-03-16,3185,1
15,2013-03-16,4813,1
16,2013-03-16,4942,1
17,2013-03-16,2834,1
18,2013-03-16,4659,1
19,2013-03-16,3889,1
20,2013-03-16,4886,1
21,2013-03-16,5054,1
22,2013-03-16,3290,1
23,2013-03-16,4720,1
24,2013-03-16,6649,1
25,2013-03-16,9071,1
26,2013-03-16,6258,1
27,2013-03-16,7253,1
28,2013-03-16,2509,1
29,2013-03-16,5679,1
30,2013-03-16,5718,1
31,2013-03-16,5323,1
32,2013-03-16,1988,1
33,2013-03-16,9466,1
34,2013-03-16,7919,1
35,2013-03-16,6779,1
36,2013-03-16,9214,1
37,2013-03-16,8736,1
38,2013-03-16,6653,1
39,2013-03-16,2621,1
40,2013-03-16,5327,1
41,2013-03-16,3956,1
42,2013-03-16,7399,1
43,2013-03-16,4832,1
44,2013-03-16,3479,1
45,2013-03-16,5894,1
46,2013-03-16,5103,1
47,2013-03-16,5686,1
48,2013-03-16,2807,1
49,2013-03-16,7724,1
50,2013-03-16,4820,1
1,2013-03-15,4925,1
2,2013-03-15,4181,1
3,2013-03-15,6933,1
4,2013-03-15,7849,1
5,2013-03-15,3839,1
6,2013-03-15,5838,1
7,2013-03-15,8083,1
8,2013-03-15,4424,1
9,2013-03-15,4748,1
10,2013-03-15,5135,1
11,2013-03-15,8059,1
12,2013-03-15,6996,1
13,2013-03-15,3281,1
14,2013-03-15,5173,1
15,2013-03-15,6065,1
16,2013-03-15,7114,1
17,2013-03-15,5810,1
18,2013-03-15,6943,1
19,2013-03-15,5578,1
20,2013-03-15,5555,1
21,2013-03-15,3932,1
22,2013-03-15,4395,1
23,2013-03-15,5122,1
24,2013-03-15,8773,1
25,2013-03-15,10077,1
26,2013-03-15,5564,1
27,2013-03-15,8290,1
28,2013-03-15,4800,1
29,2013-03-15,4824,1
30,2013-03-15,4642,1
31,2013-03-15,5545,1
32,2013-03-15,3036,1
33,2013-03-15,7959,1
34,2013-03-15,6517,1
35,2013-03-15,7728,1
36,2013-03-15,8258,1
37,2013-03-15,6237,1
38,2013-03-15,4318,1
39,2013-03-15,3267,1
40,2013-03-15,3735,1
41,2013-03-15,4297,1
42,2013-03-15,8924,1
43,2013-03-15,6634,1
44,2013-03-15,4570,1
45,2013-03-15,5486,1
46,2013-03-15,3909,1
47,2013-03-15,5993,1
48,2013-03-15,3919,1
49,2013-03-15,5822,1
50,2013-03-15,3964,1
1,2013-03-14,5108,1
2,2013-03-14,3964,1
3,2013-03-14,4993,1
4,2013-03-14,7112,1
5,2013-03-14,3488,1
6,2013-03-14,5697,1
7,2013-03-14,6752,1
8,2013-03-14,4878,1
9,2013-03-14,4229,1
10,2013-03-14,4914,1
11,2013-03-14,7356,1
12,2013-03-14,5891,1
13,2013-03-14,3033,1
14,2013-03-14,4596,1
15,2013-03-14,6506,1
16,2013-03-14,6900,1
17,2013-03-14,5111,1
18,2013-03-14,5647,1
19,2013-03-14,5447,1
20,2013-03-14,7305,1
21,2013-03-14,3066,1
22,2013-03-14,3454,1
23,2013-03-14,4273,1
24,2013-03-14,7372,1
25,2013-03-14,10304,1
26,2013-03-14,5090,1
27,2013-03-14,6685,1
28,2013-03-14,4239,1
29,2013-03-14,4936,1
30,2013-03-14,4922,1
31,2013-03-14,5085,1
32,2013-03-14,3080,1
33,2013-03-14,7255,1
34,2013-03-14,5709,1
35,2013-03-14,6546,1
36,2013-03-14,8471,1
37,2013-03-14,5825,1
38,2013-03-14,3885,1
39,2013-03-14,3513,1
40,2013-03-14,3514,1
41,2013-03-14,3483,1
42,2013-03-14,8409,1
43,2013-03-14,5679,1
44,2013-03-14,4238,1
45,2013-03-14,4026,1
46,2013-03-14,3300,1
47,2013-03-14,6029,1
48,2013-03-14,3286,1
49,2013-03-14,6099,1
50,2013-03-14,2991,1
1,2013-03-13,4341,1
2,2013-03-13,3874,1
3,2013-03-13,5391,1
4,2013-03-13,7522,1
5,2013-03-13,3486,1
6,2013-03-13,5129,1
7,2013-03-13,6538,1
8,2013-03-13,3973,1
9,2013-03-13,4521,1
10,2013-03-13,4609,1
11,2013-03-13,7040,1
12,2013-03-13,6041,1
13,2013-03-13,2706,1
14,2013-03-13,4663,1
15,2013-03-13,4856,1
16,2013-03-13,5541,1
17,2013-03-13,4889,1
18,2013-03-13,4539,1
19,2013-03-13,5441,1
20,2013-03-13,5739,1
21,2013-03-13,3054,1
22,2013-03-13,3468,1
23,2013-03-13,3872,1
24,2013-03-13,7003,1
25,2013-03-13,9743,1
26,2013-03-13,3401,1
27,2013-03-13,6876,1
28,2013-03-13,4037,1
29,2013-03-13,5409,1
30,2013-03-13,4120,1
31,2013-03-13,4273,1
32,2013-03-13,2768,1
33,2013-03-13,7281,1
34,2013-03-13,6890,1
35,2013-03-13,7648,1
36,2013-03-13,7776,1
37,2013-03-13,4752,1
38,2013-03-13,3893,1
39,2013-03-13,3397,1
40,2013-03-13,3311,1
41,2013-03-13,3312,1
42,2013-03-13,8871,1
43,2013-03-13,5335,1
44,2013-03-13,4368,1
45,2013-03-13,3596,1
46,2013-03-13,3456,1
47,2013-03-13,6011,1
48,2013-03-13,3233,1
49,2013-03-13,5837,1
50,2013-03-13,2785,1
1,2013-03-12,3853,1
2,2013-03-12,2991,1
3,2013-03-12,5452,1
4,2013-03-12,7676,1
5,2013-03-12,2809,1
6,2013-03-12,5579,1
7,2013-03-12,7182,1
8,2013-03-12,3729,1
9,2013-03-12,4258,1
10,2013-03-12,4807,1
11,2013-03-12,7702,1
12,2013-03-12,5872,1
13,2013-03-12,2884,1
14,2013-03-12,4258,1
15,2013-03-12,5227,1
16,2013-03-12,6890,1
17,2013-03-12,3707,1
18,2013-03-12,4558,1
19,2013-03-12,4297,1
20,2013-03-12,6773,1
21,2013-03-12,3151,1
22,2013-03-12,3133,1
23,2013-03-12,2095,1
24,2013-03-12,5893,1
25,2013-03-12,8371,1
26,2013-03-12,2181,1
27,2013-03-12,6343,1
28,2013-03-12,3803,1
29,2013-03-12,4079,1
30,2013-03-12,3180,1
31,2013-03-12,4167,1
32,2013-03-12,3068,1
33,2013-03-12,6095,1
34,2013-03-12,6811,1
35,2013-03-12,7374,1
36,2013-03-12,7769,1
37,2013-03-12,4286,1
38,2013-03-12,3090,1
39,2013-03-12,2483,1
40,2013-03-12,1739,1
41,2013-03-12,3307,1
42,2013-03-12,5981,1
43,2013-03-12,3201,1
44,2013-03-12,3909,1
45,2013-03-12,1258,1
46,2013-03-12,3869,1
47,2013-03-12,5613,1
48,2013-03-12,3187,1
49,2013-03-12,5637,1
50,2013-03-12,1174,1
1,2013-03-11,4949,1
2,2013-03-11,3778,1
3,2013-03-11,4968,1
4,2013-03-11,8395,1
5,2013-03-11,3343,1
6,2013-03-11,5680,1
7,2013-03-11,6325,1
8,2013-03-11,3641,1
9,2013-03-11,4312,1
10,2013-03-11,5401,1
11,2013-03-11,6445,1
12,2013-03-11,4823,1
13,2013-03-11,3000,1
14,2013-03-11,5654,1
15,2013-03-11,4984,1
16,2013-03-11,7760,1
17,2013-03-11,4348,1
18,2013-03-11,5041,1
19,2013-03-11,6022,1
20,2013-03-11,7247,1
21,2013-03-11,3995,1
22,2013-03-11,3853,1
23,2013-03-11,3827,1
24,2013-03-11,7303,1
25,2013-03-11,11073,1
26,2013-03-11,3973,1
27,2013-03-11,6040,1
28,2013-03-11,4077,1
29,2013-03-11,5777,1
30,2013-03-11,4278,1
31,2013-03-11,3825,1
32,2013-03-11,2984,1
33,2013-03-11,7406,1
34,2013-03-11,7159,1
35,2013-03-11,7623,1
36,2013-03-11,8862,1
37,2013-03-11,3922,1
38,2013-03-11,3679,1
39,2013-03-11,3623,1
40,2013-03-11,3213,1
41,2013-03-11,4704,1
42,2013-03-11,8823,1
43,2013-03-11,6222,1
44,2013-03-11,4295,1
45,2013-03-11,4659,1
46,2013-03-11,3437,1
47,2013-03-11,4217,1
48,2013-03-11,2741,1
49,2013-03-11,6369,1
50,2013-03-11,2770,1
1,2013-03-09,5578,1
2,2013-03-09,2208,1
3,2013-03-09,3778,1
4,2013-03-09,9936,1
5,2013-03-09,1558,1
6,2013-03-09,3450,1
7,2013-03-09,5013,1
8,2013-03-09,2263,1
9,2013-03-09,5610,1
10,2013-03-09,4213,1
11,2013-03-09,6101,1
12,2013-03-09,5778,1
13,2013-03-09,3954,1
14,2013-03-09,3210,1
15,2013-03-09,5963,1
16,2013-03-09,4867,1
17,2013-03-09,2790,1
18,2013-03-09,4164,1
19,2013-03-09,4367,1
20,2013-03-09,4649,1
21,2013-03-09,4891,1
22,2013-03-09,3276,1
23,2013-03-09,4593,1
24,2013-03-09,6942,1
25,2013-03-09,8136,1
26,2013-03-09,5283,1
27,2013-03-09,6421,1
28,2013-03-09,2250,1
29,2013-03-09,5952,1
30,2013-03-09,5423,1
31,2013-03-09,5050,1
32,2013-03-09,2164,1
33,2013-03-09,8731,1
34,2013-03-09,6907,1
35,2013-03-09,6500,1
36,2013-03-09,8974,1
37,2013-03-09,7815,1
38,2013-03-09,5460,1
39,2013-03-09,2272,1
40,2013-03-09,5581,1
41,2013-03-09,4296,1
42,2013-03-09,7077,1
43,2013-03-09,4541,1
44,2013-03-09,3568,1
45,2013-03-09,5812,1
46,2013-03-09,4728,1
47,2013-03-09,4722,1
48,2013-03-09,2801,1
49,2013-03-09,6246,1
50,2013-03-09,4174,1
1,2013-03-08,5853,1
2,2013-03-08,4822,1
3,2013-03-08,8174,1
4,2013-03-08,10245,1
5,2013-03-08,4744,1
6,2013-03-08,6630,1
7,2013-03-08,8322,1
8,2013-03-08,5223,1
9,2013-03-08,5788,1
10,2013-03-08,5350,1
11,2013-03-08,8132,1
12,2013-03-08,8048,1
13,2013-03-08,5320,1
14,2013-03-08,6008,1
15,2013-03-08,7659,1
16,2013-03-08,7178,1
17,2013-03-08,6583,1
18,2013-03-08,7060,1
19,2013-03-08,7134,1
20,2013-03-08,7446,1
21,2013-03-08,5637,1
22,2013-03-08,4834,1
23,2013-03-08,6647,1
24,2013-03-08,10144,1
25,2013-03-08,11214,1
26,2013-03-08,7837,1
27,2013-03-08,10599,1
28,2013-03-08,5920,1
29,2013-03-08,7079,1
30,2013-03-08,5540,1
31,2013-03-08,6701,1
32,2013-03-08,4603,1
33,2013-03-08,9599,1
34,2013-03-08,8210,1
35,2013-03-08,10607,1
36,2013-03-08,9284,1
37,2013-03-08,7708,1
38,2013-03-08,6215,1
39,2013-03-08,4626,1
40,2013-03-08,4683,1
41,2013-03-08,4466,1
42,2013-03-08,10056,1
43,2013-03-08,8514,1
44,2013-03-08,5853,1
45,2013-03-08,5835,1
46,2013-03-08,5633,1
47,2013-03-08,7059,1
48,2013-03-08,4633,1
49,2013-03-08,7009,1
50,2013-03-08,4425,1
1,2013-03-07,5637,1
2,2013-03-07,5747,1
3,2013-03-07,8479,1
4,2013-03-07,9190,1
5,2013-03-07,4430,1
6,2013-03-07,6867,1
7,2013-03-07,7698,1
8,2013-03-07,6875,1
9,2013-03-07,5227,1
10,2013-03-07,5460,1
11,2013-03-07,7968,1
12,2013-03-07,8093,1
13,2013-03-07,5906,1
14,2013-03-07,6125,1
15,2013-03-07,6683,1
16,2013-03-07,7678,1
17,2013-03-07,7413,1
18,2013-03-07,6775,1
19,2013-03-07,7256,1
20,2013-03-07,9315,1
21,2013-03-07,5235,1
22,2013-03-07,4481,1
23,2013-03-07,6933,1
24,2013-03-07,9009,1
25,2013-03-07,11929,1
26,2013-03-07,8057,1
27,2013-03-07,10015,1
28,2013-03-07,6548,1
29,2013-03-07,6680,1
30,2013-03-07,7278,1
31,2013-03-07,5750,1
32,2013-03-07,4172,1
33,2013-03-07,9096,1
34,2013-03-07,7937,1
35,2013-03-07,10082,1
36,2013-03-07,10046,1
37,2013-03-07,7465,1
38,2013-03-07,5382,1
39,2013-03-07,4632,1
40,2013-03-07,5527,1
41,2013-03-07,4137,1
42,2013-03-07,9807,1
43,2013-03-07,8389,1
44,2013-03-07,5924,1
45,2013-03-07,5877,1
46,2013-03-07,5374,1
47,2013-03-07,7884,1
48,2013-03-07,4756,1
49,2013-03-07,5631,1
50,2013-03-07,4358,1
1,2013-03-06,5973,1
2,2013-03-06,6842,1
3,2013-03-06,8729,1
4,2013-03-06,9357,1
5,2013-03-06,6027,1
6,2013-03-06,7243,1
7,2013-03-06,8802,1
8,2013-03-06,5977,1
9,2013-03-06,5988,1
10,2013-03-06,5115,1
11,2013-03-06,9650,1
12,2013-03-06,8712,1
13,2013-03-06,5773,1
14,2013-03-06,5936,1
15,2013-03-06,6679,1
16,2013-03-06,7719,1
17,2013-03-06,7829,1
18,2013-03-06,6577,1
19,2013-03-06,6461,1
20,2013-03-06,7864,1
21,2013-03-06,5410,1
22,2013-03-06,4566,1
23,2013-03-06,5921,1
24,2013-03-06,10266,1
25,2013-03-06,12156,1
26,2013-03-06,6710,1
27,2013-03-06,10271,1
28,2013-03-06,5766,1
29,2013-03-06,6096,1
30,2013-03-06,6392,1
31,2013-03-06,5538,1
32,2013-03-06,4736,1
33,2013-03-06,9353,1
34,2013-03-06,8264,1
35,2013-03-06,9883,1
36,2013-03-06,9653,1
37,2013-03-06,7724,1
38,2013-03-06,5983,1
39,2013-03-06,4942,1
40,2013-03-06,4799,1
41,2013-03-06,3700,1
42,2013-03-06,10502,1
43,2013-03-06,8295,1
44,2013-03-06,6055,1
45,2013-03-06,6223,1
46,2013-03-06,5314,1
47,2013-03-06,8618,1
48,2013-03-06,4340,1
49,2013-03-06,6945,1
50,2013-03-06,5059,1
1,2013-03-05,6300,1
2,2013-03-05,6357,1
3,2013-03-05,9878,1
4,2013-03-05,9844,1
5,2013-03-05,6131,1
6,2013-03-05,8057,1
7,2013-03-05,9821,1
8,2013-03-05,7947,1
9,2013-03-05,6108,1
10,2013-03-05,7003,1
11,2013-03-05,9864,1
12,2013-03-05,9035,1
13,2013-03-05,6000,1
14,2013-03-05,6554,1
15,2013-03-05,7071,1
16,2013-03-05,8361,1
17,2013-03-05,10182,1
18,2013-03-05,6689,1
19,2013-03-05,6788,1
20,2013-03-05,8396,1
21,2013-03-05,6454,1
22,2013-03-05,5408,1
23,2013-03-05,6488,1
24,2013-03-05,9915,1
25,2013-03-05,13988,1
26,2013-03-05,7444,1
27,2013-03-05,11886,1
28,2013-03-05,8422,1
29,2013-03-05,7174,1
30,2013-03-05,8285,1
31,2013-03-05,6122,1
32,2013-03-05,5271,1
33,2013-03-05,10678,1
34,2013-03-05,9353,1
35,2013-03-05,9641,1
36,2013-03-05,10102,1
37,2013-03-05,7357,1
38,2013-03-05,7579,1
39,2013-03-05,5331,1
40,2013-03-05,6072,1
41,2013-03-05,4427,1
42,2013-03-05,12083,1
43,2013-03-05,8978,1
44,2013-03-05,6895,1
45,2013-03-05,5679,1
46,2013-03-05,6207,1
47,2013-03-05,9518,1
48,2013-03-05,4834,1
49,2013-03-05,7118,1
50,2013-03-05,4334,1
1,2013-03-04,7675,1
2,2013-03-04,7993,1
3,2013-03-04,11004,1
4,2013-03-04,13382,1
5,2013-03-04,7926,1
6,2013-03-04,8596,1
7,2013-03-04,11946,1
8,2013-03-04,8279,1
9,2013-03-04,7785,1
10,2013-03-04,7280,1
11,2013-03-04,10942,1
12,2013-03-04,12369,1
13,2013-03-04,7898,1
14,2013-03-04,8437,1
15,2013-03-04,8531,1
16,2013-03-04,10012,1
17,2013-03-04,12584,1
18,2013-03-04,8303,1
19,2013-03-04,10049,1
20,2013-03-04,9809,1
21,2013-03-04,7860,1
22,2013-03-04,6596,1
23,2013-03-04,8021,1
24,2013-03-04,14302,1
25,2013-03-04,16651,1
26,2013-03-04,10126,1
27,2013-03-04,14658,1
28,2013-03-04,9382,1
29,2013-03-04,10162,1
30,2013-03-04,9243,1
31,2013-03-04,7419,1
32,2013-03-04,5841,1
33,2013-03-04,13006,1
34,2013-03-04,10956,1
35,2013-03-04,13187,1
36,2013-03-04,12004,1
37,2013-03-04,9015,1
38,2013-03-04,10879,1
39,2013-03-04,8379,1
40,2013-03-04,6643,1
41,2013-03-04,5921,1
42,2013-03-04,14345,1
43,2013-03-04,11223,1
44,2013-03-04,9365,1
45,2013-03-04,6772,1
46,2013-03-04,8019,1
47,2013-03-04,10376,1
48,2013-03-04,5556,1
49,2013-03-04,8306,1
50,2013-03-04,6430,1
1,2013-03-02,5350,1
2,2013-03-02,2643,1
3,2013-03-02,5037,1
4,2013-03-02,10541,1
5,2013-03-02,1939,1
6,2013-03-02,4257,1
7,2013-03-02,5240,1
8,2013-03-02,2574,1
9,2013-03-02,5505,1
10,2013-03-02,4620,1
11,2013-03-02,6332,1
12,2013-03-02,6481,1
13,2013-03-02,4605,1
14,2013-03-02,3437,1
15,2013-03-02,5924,1
16,2013-03-02,4739,1
17,2013-03-02,3131,1
18,2013-03-02,4316,1
19,2013-03-02,3652,1
20,2013-03-02,5229,1
21,2013-03-02,5151,1
22,2013-03-02,3743,1
23,2013-03-02,4702,1
24,2013-03-02,7789,1
25,2013-03-02,10999,1
26,2013-03-02,6283,1
27,2013-03-02,8121,1
28,2013-03-02,2976,1
29,2013-03-02,6215,1
30,2013-03-02,6157,1
31,2013-03-02,6145,1
32,2013-03-02,2052,1
33,2013-03-02,10362,1
34,2013-03-02,7696,1
35,2013-03-02,7060,1
36,2013-03-02,10422,1
37,2013-03-02,9740,1
38,2013-03-02,6713,1
39,2013-03-02,2853,1
40,2013-03-02,5804,1
41,2013-03-02,4802,1
42,2013-03-02,7619,1
43,2013-03-02,4602,1
44,2013-03-02,3670,1
45,2013-03-02,5847,1
46,2013-03-02,4876,1
47,2013-03-02,6153,1
48,2013-03-02,3836,1
49,2013-03-02,7175,1
50,2013-03-02,4652,1
1,2013-03-01,4611,1
2,2013-03-01,4290,1
3,2013-03-01,6575,1
4,2013-03-01,9873,1
5,2013-03-01,4082,1
6,2013-03-01,6755,1
7,2013-03-01,8052,1
8,2013-03-01,4465,1
9,2013-03-01,5578,1
10,2013-03-01,4775,1
11,2013-03-01,8406,1
12,2013-03-01,6292,1
13,2013-03-01,3651,1
14,2013-03-01,5198,1
15,2013-03-01,6059,1
16,2013-03-01,6882,1
17,2013-03-01,6332,1
18,2013-03-01,6961,1
19,2013-03-01,6271,1
20,2013-03-01,6285,1
21,2013-03-01,3976,1
22,2013-03-01,4103,1
23,2013-03-01,5314,1
24,2013-03-01,9084,1
25,2013-03-01,11818,1
26,2013-03-01,6269,1
27,2013-03-01,8503,1
28,2013-03-01,5499,1
29,2013-03-01,6539,1
30,2013-03-01,5236,1
31,2013-03-01,5420,1
32,2013-03-01,3300,1
33,2013-03-01,8791,1
34,2013-03-01,7005,1
35,2013-03-01,8243,1
36,2013-03-01,9703,1
37,2013-03-01,7144,1
38,2013-03-01,5293,1
39,2013-03-01,3912,1
40,2013-03-01,4117,1
41,2013-03-01,4393,1
42,2013-03-01,8706,1
43,2013-03-01,6843,1
44,2013-03-01,4760,1
45,2013-03-01,5215,1
46,2013-03-01,4618,1
47,2013-03-01,7302,1
48,2013-03-01,4198,1
49,2013-03-01,6178,1
50,2013-03-01,3880,1
1,2013-02-28,4676,1
2,2013-02-28,4859,1
3,2013-02-28,6167,1
4,2013-02-28,10697,1
5,2013-02-28,4940,1
6,2013-02-28,6524,1
7,2013-02-28,7413,1
8,2013-02-28,5545,1
9,2013-02-28,5134,1
10,2013-02-28,4681,1
11,2013-02-28,8052,1
12,2013-02-28,6210,1
13,2013-02-28,3423,1
14,2013-02-28,5389,1
15,2013-02-28,5258,1
16,2013-02-28,6899,1
17,2013-02-28,6248,1
18,2013-02-28,5674,1
19,2013-02-28,7334,1
20,2013-02-28,7476,1
21,2013-02-28,3708,1
22,2013-02-28,5128,1
23,2013-02-28,4397,1
24,2013-02-28,9106,1
25,2013-02-28,13331,1
26,2013-02-28,5431,1
27,2013-02-28,9048,1
28,2013-02-28,4909,1
29,2013-02-28,5601,1
30,2013-02-28,6358,1
31,2013-02-28,5643,1
32,2013-02-28,3444,1
33,2013-02-28,8680,1
34,2013-02-28,7391,1
35,2013-02-28,7174,1
36,2013-02-28,8486,1
37,2013-02-28,6737,1
38,2013-02-28,4729,1
39,2013-02-28,4511,1
40,2013-02-28,4366,1
41,2013-02-28,3397,1
42,2013-02-28,9393,1
43,2013-02-28,7251,1
44,2013-02-28,4281,1
45,2013-02-28,5376,1
46,2013-02-28,4696,1
47,2013-02-28,8269,1
48,2013-02-28,4109,1
49,2013-02-28,5888,1
50,2013-02-28,3627,1
1,2013-02-27,4558,1
2,2013-02-27,4741,1
3,2013-02-27,5172,1
4,2013-02-27,7256,1
5,2013-02-27,3634,1
6,2013-02-27,5280,1
7,2013-02-27,6381,1
8,2013-02-27,4152,1
9,2013-02-27,4032,1
10,2013-02-27,4414,1
11,2013-02-27,7482,1
12,2013-02-27,5581,1
13,2013-02-27,3509,1
14,2013-02-27,4500,1
15,2013-02-27,5133,1
16,2013-02-27,6524,1
17,2013-02-27,5027,1
18,2013-02-27,4991,1
19,2013-02-27,6778,1
20,2013-02-27,6918,1
21,2013-02-27,3127,1
22,2013-02-27,4060,1
23,2013-02-27,3712,1
24,2013-02-27,7042,1
25,2013-02-27,9944,1
26,2013-02-27,4151,1
27,2013-02-27,6247,1
28,2013-02-27,4483,1
29,2013-02-27,4557,1
30,2013-02-27,4625,1
31,2013-02-27,4886,1
32,2013-02-27,3133,1
33,2013-02-27,7792,1
34,2013-02-27,6484,1
35,2013-02-27,6326,1
36,2013-02-27,7787,1
37,2013-02-27,4882,1
38,2013-02-27,3836,1
39,2013-02-27,3418,1
40,2013-02-27,3180,1
41,2013-02-27,3064,1
42,2013-02-27,9540,1
43,2013-02-27,5727,1
44,2013-02-27,4016,1
45,2013-02-27,3794,1
46,2013-02-27,3407,1
47,2013-02-27,6290,1
48,2013-02-27,4096,1
49,2013-02-27,4747,1
50,2013-02-27,2871,1
1,2013-02-26,3794,1
2,2013-02-26,3919,1
3,2013-02-26,5154,1
4,2013-02-26,7199,1
5,2013-02-26,3664,1
6,2013-02-26,5471,1
7,2013-02-26,6464,1
8,2013-02-26,4031,1
9,2013-02-26,3925,1
10,2013-02-26,4403,1
11,2013-02-26,6418,1
12,2013-02-26,4959,1
13,2013-02-26,2734,1
14,2013-02-26,4716,1
15,2013-02-26,4547,1
16,2013-02-26,5791,1
17,2013-02-26,4561,1
18,2013-02-26,4619,1
19,2013-02-26,5569,1
20,2013-02-26,5384,1
21,2013-02-26,2886,1
22,2013-02-26,3325,1
23,2013-02-26,3650,1
24,2013-02-26,6907,1
25,2013-02-26,9376,1
26,2013-02-26,3855,1
27,2013-02-26,6736,1
28,2013-02-26,4276,1
29,2013-02-26,4724,1
30,2013-02-26,5246,1
31,2013-02-26,4027,1
32,2013-02-26,2660,1
33,2013-02-26,6884,1
34,2013-02-26,6234,1
35,2013-02-26,5144,1
36,2013-02-26,6675,1
37,2013-02-26,4317,1
38,2013-02-26,4203,1
39,2013-02-26,3405,1
40,2013-02-26,3431,1
41,2013-02-26,3118,1
42,2013-02-26,7810,1
43,2013-02-26,5817,1
44,2013-02-26,4204,1
45,2013-02-26,3285,1
46,2013-02-26,3478,1
47,2013-02-26,5907,1
48,2013-02-26,3443,1
49,2013-02-26,4563,1
50,2013-02-26,2542,1
1,2013-02-25,4038,1
2,2013-02-25,3084,1
3,2013-02-25,5072,1
4,2013-02-25,7158,1
5,2013-02-25,3372,1
6,2013-02-25,5660,1
7,2013-02-25,6839,1
8,2013-02-25,4241,1
9,2013-02-25,4373,1
10,2013-02-25,4822,1
11,2013-02-25,5691,1
12,2013-02-25,5284,1
13,2013-02-25,3114,1
14,2013-02-25,4755,1
15,2013-02-25,4825,1
16,2013-02-25,5606,1
17,2013-02-25,4582,1
18,2013-02-25,4201,1
19,2013-02-25,4035,1
20,2013-02-25,7258,1
21,2013-02-25,3530,1
22,2013-02-25,3971,1
23,2013-02-25,4312,1
24,2013-02-25,5545,1
25,2013-02-25,9641,1
26,2013-02-25,3425,1
27,2013-02-25,5493,1
28,2013-02-25,4389,1
29,2013-02-25,4480,1
30,2013-02-25,3737,1
31,2013-02-25,4553,1
32,2013-02-25,3468,1
33,2013-02-25,6829,1
34,2013-02-25,5973,1
35,2013-02-25,5734,1
36,2013-02-25,9188,1
37,2013-02-25,4244,1
38,2013-02-25,4143,1
39,2013-02-25,2930,1
40,2013-02-25,2636,1
41,2013-02-25,3276,1
42,2013-02-25,6174,1
43,2013-02-25,6229,1
44,2013-02-25,4210,1
45,2013-02-25,2792,1
46,2013-02-25,3107,1
47,2013-02-25,5822,1
48,2013-02-25,3385,1
49,2013-02-25,4168,1
50,2013-02-25,2419,1
1,2013-02-23,5237,1
2,2013-02-23,1919,1
3,2013-02-23,3688,1
4,2013-02-23,9708,1
5,2013-02-23,1425,1
6,2013-02-23,3403,1
7,2013-02-23,4233,1
8,2013-02-23,2122,1
9,2013-02-23,4676,1
10,2013-02-23,4534,1
11,2013-02-23,5960,1
12,2013-02-23,5771,1
13,2013-02-23,4375,1
14,2013-02-23,2817,1
15,2013-02-23,4811,1
16,2013-02-23,4378,1
17,2013-02-23,2124,1
18,2013-02-23,3011,1
19,2013-02-23,2968,1
20,2013-02-23,4746,1
21,2013-02-23,4570,1
22,2013-02-23,3073,1
23,2013-02-23,4790,1
24,2013-02-23,6159,1
25,2013-02-23,8272,1
26,2013-02-23,3651,1
27,2013-02-23,6007,1
28,2013-02-23,2410,1
29,2013-02-23,5655,1
30,2013-02-23,4399,1
31,2013-02-23,4925,1
32,2013-02-23,2258,1
33,2013-02-23,8396,1
34,2013-02-23,6883,1
35,2013-02-23,6056,1
36,2013-02-23,9395,1
37,2013-02-23,6335,1
38,2013-02-23,5451,1
39,2013-02-23,2002,1
40,2013-02-23,3916,1
41,2013-02-23,3376,1
42,2013-02-23,6586,1
43,2013-02-23,5082,1
44,2013-02-23,3303,1
45,2013-02-23,5094,1
46,2013-02-23,4388,1
47,2013-02-23,5118,1
48,2013-02-23,3375,1
49,2013-02-23,5951,1
50,2013-02-23,3639,1
1,2013-02-22,5000,1
2,2013-02-22,4552,1
3,2013-02-22,7993,1
4,2013-02-22,10623,1
5,2013-02-22,4874,1
6,2013-02-22,6796,1
7,2013-02-22,8043,1
8,2013-02-22,5493,1
9,2013-02-22,5254,1
10,2013-02-22,5285,1
11,2013-02-22,7011,1
12,2013-02-22,7805,1
13,2013-02-22,6428,1
14,2013-02-22,6034,1
15,2013-02-22,6763,1
16,2013-02-22,6973,1
17,2013-02-22,6630,1
18,2013-02-22,6660,1
19,2013-02-22,7085,1
20,2013-02-22,6696,1
21,2013-02-22,5879,1
22,2013-02-22,5263,1
23,2013-02-22,6446,1
24,2013-02-22,9375,1
25,2013-02-22,11733,1
26,2013-02-22,6511,1
27,2013-02-22,9134,1
28,2013-02-22,5901,1
29,2013-02-22,7434,1
30,2013-02-22,5032,1
31,2013-02-22,5511,1
32,2013-02-22,4047,1
33,2013-02-22,9098,1
34,2013-02-22,7463,1
35,2013-02-22,9331,1
36,2013-02-22,9200,1
37,2013-02-22,8611,1
38,2013-02-22,6009,1
39,2013-02-22,3693,1
40,2013-02-22,4263,1
41,2013-02-22,4571,1
42,2013-02-22,9155,1
43,2013-02-22,8535,1
44,2013-02-22,6256,1
45,2013-02-22,5734,1
46,2013-02-22,5644,1
47,2013-02-22,7032,1
48,2013-02-22,4971,1
49,2013-02-22,7072,1
50,2013-02-22,4460,1
1,2013-02-21,5261,1
2,2013-02-21,5276,1
3,2013-02-21,7517,1
4,2013-02-21,9303,1
5,2013-02-21,4778,1
6,2013-02-21,6252,1
7,2013-02-21,7735,1
8,2013-02-21,6562,1
9,2013-02-21,5328,1
10,2013-02-21,5969,1
11,2013-02-21,7626,1
12,2013-02-21,7898,1
13,2013-02-21,5186,1
14,2013-02-21,5826,1
15,2013-02-21,6619,1
16,2013-02-21,6459,1
17,2013-02-21,7538,1
18,2013-02-21,5951,1
19,2013-02-21,5992,1
20,2013-02-21,8293,1
21,2013-02-21,5407,1
22,2013-02-21,4870,1
23,2013-02-21,6202,1
24,2013-02-21,8715,1
25,2013-02-21,11681,1
26,2013-02-21,7145,1
27,2013-02-21,8914,1
28,2013-02-21,6774,1
29,2013-02-21,7059,1
30,2013-02-21,6347,1
31,2013-02-21,5701,1
32,2013-02-21,4094,1
33,2013-02-21,8087,1
34,2013-02-21,8087,1
35,2013-02-21,9423,1
36,2013-02-21,8588,1
37,2013-02-21,7228,1
38,2013-02-21,5214,1
39,2013-02-21,4796,1
40,2013-02-21,5090,1
41,2013-02-21,4929,1
42,2013-02-21,9103,1
43,2013-02-21,7936,1
44,2013-02-21,5386,1
45,2013-02-21,6099,1
46,2013-02-21,5465,1
47,2013-02-21,7108,1
48,2013-02-21,4575,1
49,2013-02-21,6028,1
50,2013-02-21,4492,1
1,2013-02-20,5660,1
2,2013-02-20,6116,1
3,2013-02-20,7862,1
4,2013-02-20,8906,1
5,2013-02-20,5517,1
6,2013-02-20,6535,1
7,2013-02-20,7120,1
8,2013-02-20,6324,1
9,2013-02-20,5231,1
10,2013-02-20,5200,1
11,2013-02-20,7967,1
12,2013-02-20,7872,1
13,2013-02-20,4876,1
14,2013-02-20,5524,1
15,2013-02-20,6532,1
16,2013-02-20,7051,1
17,2013-02-20,7416,1
18,2013-02-20,6299,1
19,2013-02-20,6307,1
20,2013-02-20,7487,1
21,2013-02-20,4710,1
22,2013-02-20,4919,1
23,2013-02-20,5756,1
24,2013-02-20,9823,1
25,2013-02-20,11679,1
26,2013-02-20,6240,1
27,2013-02-20,9501,1
28,2013-02-20,6433,1
29,2013-02-20,7447,1
30,2013-02-20,5790,1
31,2013-02-20,5324,1
32,2013-02-20,4846,1
33,2013-02-20,8992,1
34,2013-02-20,8228,1
35,2013-02-20,8552,1
36,2013-02-20,8489,1
37,2013-02-20,7453,1
38,2013-02-20,7041,1
39,2013-02-20,5117,1
40,2013-02-20,4117,1
41,2013-02-20,3647,1
42,2013-02-20,12026,1
43,2013-02-20,7774,1
44,2013-02-20,6303,1
45,2013-02-20,5118,1
46,2013-02-20,5278,1
47,2013-02-20,8051,1
48,2013-02-20,4479,1
49,2013-02-20,6418,1
50,2013-02-20,3908,1
1,2013-02-19,5386,1
2,2013-02-19,5734,1
3,2013-02-19,7997,1
4,2013-02-19,9719,1
5,2013-02-19,3906,1
6,2013-02-19,6450,1
7,2013-02-19,8497,1
8,2013-02-19,6351,1
9,2013-02-19,5713,1
10,2013-02-19,6049,1
11,2013-02-19,8218,1
12,2013-02-19,8564,1
13,2013-02-19,6057,1
14,2013-02-19,5960,1
15,2013-02-19,6063,1
16,2013-02-19,8288,1
17,2013-02-19,8177,1
18,2013-02-19,5617,1
19,2013-02-19,7029,1
20,2013-02-19,8347,1
21,2013-02-19,6595,1
22,2013-02-19,4661,1
23,2013-02-19,5855,1
24,2013-02-19,10578,1
25,2013-02-19,12811,1
26,2013-02-19,5335,1
27,2013-02-19,9566,1
28,2013-02-19,6468,1
29,2013-02-19,7762,1
30,2013-02-19,7906,1
31,2013-02-19,5925,1
32,2013-02-19,4858,1
33,2013-02-19,10062,1
34,2013-02-19,8753,1
35,2013-02-19,9118,1
36,2013-02-19,9467,1
37,2013-02-19,7381,1
38,2013-02-19,6377,1
39,2013-02-19,5521,1
40,2013-02-19,5054,1
41,2013-02-19,3717,1
42,2013-02-19,10497,1
43,2013-02-19,8329,1
44,2013-02-19,6087,1
45,2013-02-19,5351,1
46,2013-02-19,5971,1
47,2013-02-19,7887,1
48,2013-02-19,5293,1
49,2013-02-19,6272,1
50,2013-02-19,4768,1
1,2013-02-18,6407,1
2,2013-02-18,7493,1
3,2013-02-18,10793,1
4,2013-02-18,13163,1
5,2013-02-18,8397,1
6,2013-02-18,8262,1
7,2013-02-18,11148,1
8,2013-02-18,8184,1
9,2013-02-18,6933,1
10,2013-02-18,7495,1
11,2013-02-18,10231,1
12,2013-02-18,10195,1
13,2013-02-18,7686,1
14,2013-02-18,8200,1
15,2013-02-18,9018,1
16,2013-02-18,10059,1
17,2013-02-18,10781,1
18,2013-02-18,9149,1
19,2013-02-18,9220,1
20,2013-02-18,8677,1
21,2013-02-18,8182,1
22,2013-02-18,6962,1
23,2013-02-18,8694,1
24,2013-02-18,12350,1
25,2013-02-18,15327,1
26,2013-02-18,11121,1
27,2013-02-18,13303,1
28,2013-02-18,9636,1
29,2013-02-18,11086,1
30,2013-02-18,8677,1
31,2013-02-18,6782,1
32,2013-02-18,6127,1
33,2013-02-18,12133,1
34,2013-02-18,10702,1
35,2013-02-18,14386,1
36,2013-02-18,11316,1
37,2013-02-18,8799,1
38,2013-02-18,9752,1
39,2013-02-18,7828,1
40,2013-02-18,6364,1
41,2013-02-18,6649,1
42,2013-02-18,13661,1
43,2013-02-18,11355,1
44,2013-02-18,9297,1
45,2013-02-18,7266,1
46,2013-02-18,7572,1
47,2013-02-18,9961,1
48,2013-02-18,6301,1
49,2013-02-18,8689,1
50,2013-02-18,6121,1
1,2013-02-16,6154,1
2,2013-02-16,2401,1
3,2013-02-16,4000,1
4,2013-02-16,9757,1
5,2013-02-16,1740,1
6,2013-02-16,3779,1
7,2013-02-16,5140,1
8,2013-02-16,2488,1
9,2013-02-16,5292,1
10,2013-02-16,4340,1
11,2013-02-16,6670,1
12,2013-02-16,5420,1
13,2013-02-16,4203,1
14,2013-02-16,2748,1
15,2013-02-16,5435,1
16,2013-02-16,4607,1
17,2013-02-16,2427,1
18,2013-02-16,4272,1
19,2013-02-16,3657,1
20,2013-02-16,4276,1
21,2013-02-16,4596,1
22,2013-02-16,2899,1
23,2013-02-16,4705,1
24,2013-02-16,6624,1
25,2013-02-16,9146,1
26,2013-02-16,5136,1
27,2013-02-16,6317,1
28,2013-02-16,2583,1
29,2013-02-16,5595,1
30,2013-02-16,5861,1
31,2013-02-16,5456,1
32,2013-02-16,2110,1
33,2013-02-16,9612,1
34,2013-02-16,6827,1
35,2013-02-16,7040,1
36,2013-02-16,8799,1
37,2013-02-16,8564,1
38,2013-02-16,6483,1
39,2013-02-16,2443,1
40,2013-02-16,5151,1
41,2013-02-16,3816,1
42,2013-02-16,6838,1
43,2013-02-16,4928,1
44,2013-02-16,3350,1
45,2013-02-16,6160,1
46,2013-02-16,4773,1
47,2013-02-16,5146,1
48,2013-02-16,3600,1
49,2013-02-16,6915,1
50,2013-02-16,4188,1
1,2013-02-15,4809,1
2,2013-02-15,3812,1
3,2013-02-15,5159,1
4,2013-02-15,7993,1
5,2013-02-15,3811,1
6,2013-02-15,5215,1
7,2013-02-15,7677,1
8,2013-02-15,3737,1
9,2013-02-15,4832,1
10,2013-02-15,4385,1
11,2013-02-15,7014,1
12,2013-02-15,5637,1
13,2013-02-15,3135,1
14,2013-02-15,5188,1
15,2013-02-15,5450,1
16,2013-02-15,5579,1
17,2013-02-15,5625,1
18,2013-02-15,6101,1
19,2013-02-15,5129,1
20,2013-02-15,5902,1
21,2013-02-15,4229,1
22,2013-02-15,3892,1
23,2013-02-15,4862,1
24,2013-02-15,7696,1
25,2013-02-15,10057,1
26,2013-02-15,5465,1
27,2013-02-15,6352,1
28,2013-02-15,4871,1
29,2013-02-15,5239,1
30,2013-02-15,4446,1
31,2013-02-15,5314,1
32,2013-02-15,3061,1
33,2013-02-15,7850,1
34,2013-02-15,6708,1
35,2013-02-15,6888,1
36,2013-02-15,7663,1
37,2013-02-15,6706,1
38,2013-02-15,4084,1
39,2013-02-15,3253,1
40,2013-02-15,3605,1
41,2013-02-15,3771,1
42,2013-02-15,8097,1
43,2013-02-15,6502,1
44,2013-02-15,4430,1
45,2013-02-15,4798,1
46,2013-02-15,3812,1
47,2013-02-15,5352,1
48,2013-02-15,3618,1
49,2013-02-15,5553,1
50,2013-02-15,3238,1
1,2013-02-14,4241,1
2,2013-02-14,4439,1
3,2013-02-14,5912,1
4,2013-02-14,8239,1
5,2013-02-14,3908,1
6,2013-02-14,5056,1
7,2013-02-14,6520,1
8,2013-02-14,5316,1
9,2013-02-14,4491,1
10,2013-02-14,4111,1
11,2013-02-14,7925,1
12,2013-02-14,5992,1
13,2013-02-14,3135,1
14,2013-02-14,5434,1
15,2013-02-14,5153,1
16,2013-02-14,5962,1
17,2013-02-14,5804,1
18,2013-02-14,5348,1
19,2013-02-14,5284,1
20,2013-02-14,6828,1
21,2013-02-14,3667,1
22,2013-02-14,4030,1
23,2013-02-14,5389,1
24,2013-02-14,8165,1
25,2013-02-14,12123,1
26,2013-02-14,5764,1
27,2013-02-14,7295,1
28,2013-02-14,5008,1
29,2013-02-14,4294,1
30,2013-02-14,5821,1
31,2013-02-14,4627,1
32,2013-02-14,3579,1
33,2013-02-14,8357,1
34,2013-02-14,6443,1
35,2013-02-14,6806,1
36,2013-02-14,8142,1
37,2013-02-14,5397,1
38,2013-02-14,4511,1
39,2013-02-14,3573,1
40,2013-02-14,3796,1
41,2013-02-14,3587,1
42,2013-02-14,8094,1
43,2013-02-14,6231,1
44,2013-02-14,4783,1
45,2013-02-14,4573,1
46,2013-02-14,3996,1
47,2013-02-14,5656,1
48,2013-02-14,4201,1
49,2013-02-14,5329,1
50,2013-02-14,3101,1
1,2013-02-13,4252,1
2,2013-02-13,5001,1
3,2013-02-13,5111,1
4,2013-02-13,7983,1
5,2013-02-13,4412,1
6,2013-02-13,4804,1
7,2013-02-13,7005,1
8,2013-02-13,3993,1
9,2013-02-13,4613,1
10,2013-02-13,4953,1
11,2013-02-13,7523,1
12,2013-02-13,5408,1
13,2013-02-13,3154,1
14,2013-02-13,4885,1
15,2013-02-13,4952,1
16,2013-02-13,6241,1
17,2013-02-13,5437,1
18,2013-02-13,5394,1
19,2013-02-13,4800,1
20,2013-02-13,6101,1
21,2013-02-13,2815,1
22,2013-02-13,3199,1
23,2013-02-13,4274,1
24,2013-02-13,7484,1
25,2013-02-13,12063,1
26,2013-02-13,5284,1
27,2013-02-13,6127,1
28,2013-02-13,4680,1
29,2013-02-13,4657,1
30,2013-02-13,5138,1
31,2013-02-13,4743,1
32,2013-02-13,3443,1
33,2013-02-13,8009,1
34,2013-02-13,6465,1
35,2013-02-13,6119,1
36,2013-02-13,7223,1
37,2013-02-13,5545,1
38,2013-02-13,4056,1
39,2013-02-13,3929,1
40,2013-02-13,3584,1
41,2013-02-13,3517,1
42,2013-02-13,7822,1
43,2013-02-13,6432,1
44,2013-02-13,4211,1
45,2013-02-13,4539,1
46,2013-02-13,3199,1
47,2013-02-13,5955,1
48,2013-02-13,4348,1
49,2013-02-13,5418,1
50,2013-02-13,2729,1
1,2013-02-12,4015,1
2,2013-02-12,3968,1
3,2013-02-12,5725,1
4,2013-02-12,7800,1
5,2013-02-12,3178,1
6,2013-02-12,5119,1
7,2013-02-12,6506,1
8,2013-02-12,3503,1
9,2013-02-12,4570,1
10,2013-02-12,4506,1
11,2013-02-12,6563,1
12,2013-02-12,5226,1
13,2013-02-12,2390,1
14,2013-02-12,5449,1
15,2013-02-12,4224,1
16,2013-02-12,5768,1
17,2013-02-12,5142,1
18,2013-02-12,4613,1
19,2013-02-12,5141,1
20,2013-02-12,4262,1
21,2013-02-12,2625,1
22,2013-02-12,2488,1
23,2013-02-12,3762,1
24,2013-02-12,6949,1
25,2013-02-12,4301,1
26,2013-02-12,4359,1
27,2013-02-12,7192,1
28,2013-02-12,4758,1
29,2013-02-12,4725,1
30,2013-02-12,5289,1
31,2013-02-12,3890,1
32,2013-02-12,1550,1
33,2013-02-12,7942,1
34,2013-02-12,6595,1
35,2013-02-12,6035,1
36,2013-02-12,6721,1
37,2013-02-12,4407,1
38,2013-02-12,4704,1
39,2013-02-12,3671,1
40,2013-02-12,4001,1
41,2013-02-12,2910,1
42,2013-02-12,8033,1
43,2013-02-12,6490,1
44,2013-02-12,3994,1
45,2013-02-12,4119,1
46,2013-02-12,2946,1
47,2013-02-12,5054,1
48,2013-02-12,3915,1
49,2013-02-12,4944,1
50,2013-02-12,2740,1
1,2013-02-11,4409,1
2,2013-02-11,4303,1
3,2013-02-11,5541,1
4,2013-02-11,8907,1
5,2013-02-11,3978,1
6,2013-02-11,5695,1
7,2013-02-11,7457,1
8,2013-02-11,4215,1
9,2013-02-11,3745,1
10,2013-02-11,4433,1
11,2013-02-11,7130,1
12,2013-02-11,5531,1
13,2013-02-11,3249,1
14,2013-02-11,3341,1
15,2013-02-11,4954,1
16,2013-02-11,5845,1
17,2013-02-11,5194,1
18,2013-02-11,4997,1
19,2013-02-11,5319,1
20,2013-02-11,7086,1
21,2013-02-11,3220,1
22,2013-02-11,4616,1
23,2013-02-11,4137,1
24,2013-02-11,6861,1
26,2013-02-11,4075,1
27,2013-02-11,7442,1
28,2013-02-11,4530,1
29,2013-02-11,4896,1
30,2013-02-11,612,1
31,2013-02-11,4547,1
32,2013-02-11,3252,1
33,2013-02-11,2887,1
34,2013-02-11,6974,1
35,2013-02-11,6708,1
36,2013-02-11,7985,1
37,2013-02-11,4531,1
38,2013-02-11,2349,1
39,2013-02-11,2365,1
41,2013-02-11,3869,1
42,2013-02-11,7003,1
43,2013-02-11,1757,1
44,2013-02-11,4457,1
45,2013-02-11,2388,1
46,2013-02-11,3724,1
47,2013-02-11,5883,1
48,2013-02-11,4014,1
49,2013-02-11,4961,1
50,2013-02-11,2846,1
1,2013-02-09,5370,1
2,2013-02-09,3031,1
3,2013-02-09,4324,1
4,2013-02-09,10095,1
5,2013-02-09,1709,1
6,2013-02-09,3851,1
7,2013-02-09,4437,1
8,2013-02-09,2487,1
9,2013-02-09,5498,1
10,2013-02-09,4477,1
11,2013-02-09,6610,1
12,2013-02-09,5932,1
13,2013-02-09,4100,1
14,2013-02-09,3338,1
15,2013-02-09,5888,1
16,2013-02-09,4832,1
17,2013-02-09,2458,1
18,2013-02-09,4128,1
19,2013-02-09,4040,1
20,2013-02-09,4341,1
21,2013-02-09,4575,1
22,2013-02-09,3757,1
23,2013-02-09,4270,1
24,2013-02-09,7260,1
25,2013-02-09,8401,1
26,2013-02-09,4152,1
27,2013-02-09,7458,1
28,2013-02-09,2035,1
29,2013-02-09,5941,1
30,2013-02-09,4771,1
31,2013-02-09,5079,1
32,2013-02-09,2165,1
33,2013-02-09,9279,1
34,2013-02-09,6825,1
35,2013-02-09,7269,1
36,2013-02-09,9557,1
37,2013-02-09,7731,1
38,2013-02-09,5434,1
39,2013-02-09,2513,1
40,2013-02-09,4864,1
41,2013-02-09,4041,1
42,2013-02-09,7223,1
43,2013-02-09,4612,1
44,2013-02-09,3338,1
45,2013-02-09,5933,1
46,2013-02-09,4536,1
47,2013-02-09,5616,1
48,2013-02-09,3070,1
49,2013-02-09,6734,1
50,2013-02-09,3659,1
1,2013-02-08,5681,1
2,2013-02-08,4203,1
3,2013-02-08,7945,1
4,2013-02-08,9965,1
5,2013-02-08,4764,1
6,2013-02-08,6623,1
7,2013-02-08,8091,1
8,2013-02-08,6035,1
9,2013-02-08,5876,1
10,2013-02-08,5655,1
11,2013-02-08,8199,1
12,2013-02-08,7595,1
13,2013-02-08,5767,1
14,2013-02-08,6326,1
15,2013-02-08,7906,1
16,2013-02-08,7971,1
17,2013-02-08,6555,1
18,2013-02-08,7037,1
19,2013-02-08,6512,1
20,2013-02-08,6781,1
21,2013-02-08,5582,1
22,2013-02-08,6270,1
23,2013-02-08,6100,1
24,2013-02-08,10322,1
25,2013-02-08,12080,1
26,2013-02-08,5903,1
27,2013-02-08,9903,1
28,2013-02-08,6054,1
29,2013-02-08,5956,1
30,2013-02-08,6581,1
31,2013-02-08,7231,1
32,2013-02-08,4451,1
33,2013-02-08,8971,1
34,2013-02-08,7875,1
35,2013-02-08,9017,1
36,2013-02-08,9058,1
37,2013-02-08,7988,1
38,2013-02-08,6159,1
39,2013-02-08,4309,1
40,2013-02-08,4967,1
41,2013-02-08,4718,1
42,2013-02-08,10454,1
43,2013-02-08,8338,1
44,2013-02-08,5457,1
45,2013-02-08,6118,1
46,2013-02-08,5589,1
47,2013-02-08,7358,1
48,2013-02-08,4666,1
49,2013-02-08,6903,1
50,2013-02-08,4576,1
1,2013-02-07,5499,1
2,2013-02-07,5575,1
3,2013-02-07,7786,1
4,2013-02-07,10162,1
5,2013-02-07,4889,1
6,2013-02-07,6193,1
7,2013-02-07,8664,1
8,2013-02-07,6833,1
9,2013-02-07,5320,1
10,2013-02-07,5838,1
11,2013-02-07,7870,1
12,2013-02-07,8300,1
13,2013-02-07,4747,1
14,2013-02-07,6097,1
15,2013-02-07,6173,1
16,2013-02-07,7601,1
17,2013-02-07,7294,1
18,2013-02-07,6049,1
19,2013-02-07,6756,1
20,2013-02-07,7869,1
21,2013-02-07,5648,1
23,2013-02-07,5325,1
24,2013-02-07,9944,1
25,2013-02-07,5025,1
26,2013-02-07,7820,1
27,2013-02-07,10319,1
28,2013-02-07,5472,1
29,2013-02-07,6391,1
30,2013-02-07,3018,1
31,2013-02-07,5942,1
32,2013-02-07,4639,1
33,2013-02-07,5411,1
34,2013-02-07,7713,1
35,2013-02-07,9434,1
36,2013-02-07,9463,1
37,2013-02-07,8412,1
38,2013-02-07,5811,1
39,2013-02-07,5012,1
40,2013-02-07,1295,1
41,2013-02-07,4479,1
42,2013-02-07,10081,1
43,2013-02-07,4167,1
44,2013-02-07,5116,1
45,2013-02-07,5692,1
46,2013-02-07,4997,1
47,2013-02-07,7981,1
48,2013-02-07,4738,1
49,2013-02-07,5788,1
50,2013-02-07,4381,1
1,2013-02-06,6140,1
2,2013-02-06,6438,1
3,2013-02-06,9084,1
4,2013-02-06,10095,1
5,2013-02-06,5724,1
6,2013-02-06,6871,1
7,2013-02-06,8303,1
8,2013-02-06,6237,1
9,2013-02-06,6396,1
10,2013-02-06,5539,1
11,2013-02-06,9002,1
12,2013-02-06,8181,1
13,2013-02-06,5570,1
14,2013-02-06,5937,1
15,2013-02-06,7116,1
16,2013-02-06,7669,1
17,2013-02-06,7394,1
18,2013-02-06,6358,1
19,2013-02-06,5861,1
20,2013-02-06,8356,1
21,2013-02-06,5416,1
22,2013-02-06,5526,1
23,2013-02-06,5464,1
24,2013-02-06,9163,1
25,2013-02-06,14304,1
26,2013-02-06,6667,1
27,2013-02-06,11143,1
28,2013-02-06,6611,1
29,2013-02-06,5014,1
30,2013-02-06,6960,1
31,2013-02-06,6086,1
32,2013-02-06,5236,1
33,2013-02-06,11565,1
34,2013-02-06,8998,1
35,2013-02-06,10266,1
36,2013-02-06,10530,1
37,2013-02-06,7528,1
38,2013-02-06,7369,1
39,2013-02-06,4187,1
40,2013-02-06,5262,1
41,2013-02-06,4485,1
42,2013-02-06,9287,1
43,2013-02-06,9574,1
44,2013-02-06,6661,1
45,2013-02-06,6504,1
46,2013-02-06,5880,1
47,2013-02-06,8320,1
48,2013-02-06,4816,1
49,2013-02-06,6998,1
50,2013-02-06,4343,1
1,2013-02-05,6049,1
2,2013-02-05,6269,1
3,2013-02-05,9372,1
4,2013-02-05,11353,1
5,2013-02-05,5662,1
6,2013-02-05,7334,1
7,2013-02-05,9502,1
8,2013-02-05,6901,1
9,2013-02-05,6691,1
10,2013-02-05,5423,1
11,2013-02-05,8478,1
12,2013-02-05,7563,1
13,2013-02-05,5729,1
14,2013-02-05,7291,1
15,2013-02-05,7519,1
16,2013-02-05,8619,1
17,2013-02-05,8949,1
18,2013-02-05,7089,1
19,2013-02-05,7756,1
20,2013-02-05,8558,1
21,2013-02-05,5979,1
22,2013-02-05,6036,1
23,2013-02-05,7019,1
24,2013-02-05,10655,1
25,2013-02-05,14860,1
26,2013-02-05,7856,1
27,2013-02-05,10656,1
28,2013-02-05,7337,1
29,2013-02-05,7684,1
30,2013-02-05,8392,1
31,2013-02-05,5693,1
32,2013-02-05,4580,1
33,2013-02-05,10325,1
34,2013-02-05,8630,1
35,2013-02-05,10115,1
36,2013-02-05,9364,1
37,2013-02-05,8544,1
38,2013-02-05,7875,1
39,2013-02-05,6290,1
40,2013-02-05,6013,1
41,2013-02-05,5082,1
42,2013-02-05,12021,1
43,2013-02-05,10340,1
44,2013-02-05,6687,1
45,2013-02-05,5410,1
46,2013-02-05,6065,1
47,2013-02-05,7500,1
48,2013-02-05,5038,1
49,2013-02-05,6818,1
50,2013-02-05,5084,1
1,2013-02-04,7032,1
2,2013-02-04,6480,1
3,2013-02-04,10913,1
4,2013-02-04,13937,1
5,2013-02-04,6846,1
6,2013-02-04,7954,1
7,2013-02-04,11182,1
8,2013-02-04,8273,1
9,2013-02-04,7431,1
10,2013-02-04,7617,1
11,2013-02-04,10538,1
12,2013-02-04,9804,1
13,2013-02-04,5779,1
14,2013-02-04,7698,1
15,2013-02-04,8400,1
16,2013-02-04,8778,1
17,2013-02-04,9388,1
18,2013-02-04,7770,1
19,2013-02-04,9894,1
20,2013-02-04,7634,1
21,2013-02-04,7514,1
22,2013-02-04,5740,1
23,2013-02-04,8260,1
24,2013-02-04,14710,1
25,2013-02-04,16684,1
26,2013-02-04,10194,1
27,2013-02-04,13688,1
28,2013-02-04,7727,1
29,2013-02-04,10569,1
30,2013-02-04,9570,1
31,2013-02-04,7278,1
32,2013-02-04,5779,1
33,2013-02-04,13388,1
34,2013-02-04,10947,1
35,2013-02-04,14710,1
36,2013-02-04,10863,1
37,2013-02-04,8974,1
38,2013-02-04,10145,1
39,2013-02-04,7725,1
40,2013-02-04,6030,1
41,2013-02-04,3282,1
42,2013-02-04,13424,1
43,2013-02-04,11836,1
44,2013-02-04,8002,1
45,2013-02-04,7646,1
46,2013-02-04,6178,1
47,2013-02-04,9456,1
48,2013-02-04,5980,1
49,2013-02-04,8520,1
50,2013-02-04,5757,1
1,2013-02-02,5970,1
2,2013-02-02,2956,1
3,2013-02-02,5155,1
4,2013-02-02,11123,1
5,2013-02-02,1757,1
6,2013-02-02,3927,1
7,2013-02-02,5752,1
8,2013-02-02,2399,1
9,2013-02-02,5862,1
10,2013-02-02,4357,1
11,2013-02-02,7064,1
12,2013-02-02,6893,1
13,2013-02-02,4105,1
14,2013-02-02,3192,1
15,2013-02-02,6053,1
16,2013-02-02,4833,1
17,2013-02-02,3156,1
18,2013-02-02,3798,1
19,2013-02-02,4456,1
20,2013-02-02,4393,1
21,2013-02-02,5147,1
22,2013-02-02,3272,1
23,2013-02-02,5214,1
24,2013-02-02,7497,1
25,2013-02-02,10594,1
26,2013-02-02,5811,1
27,2013-02-02,8283,1
28,2013-02-02,2601,1
29,2013-02-02,6732,1
30,2013-02-02,5916,1
31,2013-02-02,6662,1
32,2013-02-02,2149,1
33,2013-02-02,10794,1
34,2013-02-02,8332,1
35,2013-02-02,8074,1
36,2013-02-02,9677,1
37,2013-02-02,9759,1
38,2013-02-02,6742,1
39,2013-02-02,2646,1
40,2013-02-02,5922,1
41,2013-02-02,4050,1
42,2013-02-02,7479,1
43,2013-02-02,5289,1
44,2013-02-02,3851,1
45,2013-02-02,6119,1
46,2013-02-02,5527,1
47,2013-02-02,6026,1
48,2013-02-02,3654,1
49,2013-02-02,8167,1
50,2013-02-02,4286,1
1,2013-02-01,5633,1
2,2013-02-01,4545,1
3,2013-02-01,6725,1
4,2013-02-01,9332,1
5,2013-02-01,4241,1
6,2013-02-01,6601,1
7,2013-02-01,8721,1
8,2013-02-01,4406,1
9,2013-02-01,5610,1
10,2013-02-01,4470,1
11,2013-02-01,9281,1
12,2013-02-01,6064,1
13,2013-02-01,3239,1
14,2013-02-01,5998,1
15,2013-02-01,6631,1
16,2013-02-01,6226,1
17,2013-02-01,5781,1
18,2013-02-01,6907,1
19,2013-02-01,5623,1
20,2013-02-01,5661,1
21,2013-02-01,3277,1
22,2013-02-01,3665,1
23,2013-02-01,6013,1
24,2013-02-01,9745,1
25,2013-02-01,12625,1
26,2013-02-01,6143,1
27,2013-02-01,7620,1
28,2013-02-01,5067,1
29,2013-02-01,5831,1
30,2013-02-01,5324,1
31,2013-02-01,6434,1
32,2013-02-01,3113,1
33,2013-02-01,8404,1
34,2013-02-01,7125,1
35,2013-02-01,7998,1
36,2013-02-01,8734,1
37,2013-02-01,7182,1
38,2013-02-01,4852,1
39,2013-02-01,3685,1
40,2013-02-01,3703,1
41,2013-02-01,4405,1
42,2013-02-01,10150,1
43,2013-02-01,7289,1
44,2013-02-01,4827,1
45,2013-02-01,5912,1
46,2013-02-01,4043,1
47,2013-02-01,6963,1
48,2013-02-01,4284,1
49,2013-02-01,6448,1
50,2013-02-01,3817,1
1,2013-01-31,4709,1
2,2013-01-31,4340,1
3,2013-01-31,5682,1
4,2013-01-31,10359,1
5,2013-01-31,4392,1
6,2013-01-31,6458,1
7,2013-01-31,7072,1
8,2013-01-31,5680,1
9,2013-01-31,5098,1
10,2013-01-31,4867,1
11,2013-01-31,7352,1
12,2013-01-31,5732,1
13,2013-01-31,5789,1
14,2013-01-31,5363,1
15,2013-01-31,5590,1
16,2013-01-31,6137,1
17,2013-01-31,6344,1
18,2013-01-31,5761,1
19,2013-01-31,5968,1
20,2013-01-31,7562,1
21,2013-01-31,4958,1
22,2013-01-31,4178,1
23,2013-01-31,4691,1
24,2013-01-31,9251,1
25,2013-01-31,13714,1
26,2013-01-31,5621,1
27,2013-01-31,9343,1
28,2013-01-31,5310,1
29,2013-01-31,5532,1
30,2013-01-31,6469,1
31,2013-01-31,5064,1
32,2013-01-31,4839,1
33,2013-01-31,8922,1
34,2013-01-31,7456,1
35,2013-01-31,7024,1
36,2013-01-31,8376,1
37,2013-01-31,6234,1
38,2013-01-31,4827,1
39,2013-01-31,4616,1
40,2013-01-31,5345,1
41,2013-01-31,3853,1
42,2013-01-31,9971,1
43,2013-01-31,6696,1
44,2013-01-31,4506,1
45,2013-01-31,5259,1
46,2013-01-31,3990,1
47,2013-01-31,7335,1
48,2013-01-31,3345,1
49,2013-01-31,5093,1
50,2013-01-31,3713,1
1,2013-01-30,4601,1
2,2013-01-30,4446,1
3,2013-01-30,4920,1
4,2013-01-30,7601,1
5,2013-01-30,4273,1
6,2013-01-30,5751,1
7,2013-01-30,5401,1
8,2013-01-30,3638,1
9,2013-01-30,4341,1
10,2013-01-30,3986,1
11,2013-01-30,6389,1
12,2013-01-30,4555,1
13,2013-01-30,3925,1
14,2013-01-30,4925,1
15,2013-01-30,5497,1
16,2013-01-30,5501,1
17,2013-01-30,3955,1
18,2013-01-30,4229,1
19,2013-01-30,5420,1
20,2013-01-30,8498,1
21,2013-01-30,3339,1
22,2013-01-30,3846,1
23,2013-01-30,4087,1
24,2013-01-30,7926,1
25,2013-01-30,10133,1
26,2013-01-30,4207,1
27,2013-01-30,6394,1
28,2013-01-30,4436,1
29,2013-01-30,4957,1
30,2013-01-30,4404,1
31,2013-01-30,4256,1
32,2013-01-30,4130,1
33,2013-01-30,7596,1
34,2013-01-30,6229,1
35,2013-01-30,6491,1
36,2013-01-30,7943,1
37,2013-01-30,5090,1
38,2013-01-30,4235,1
39,2013-01-30,3812,1
40,2013-01-30,3747,1
41,2013-01-30,3115,1
42,2013-01-30,8133,1
43,2013-01-30,5959,1
44,2013-01-30,3905,1
45,2013-01-30,4377,1
46,2013-01-30,3806,1
47,2013-01-30,5483,1
48,2013-01-30,3412,1
49,2013-01-30,4631,1
50,2013-01-30,3053,1
1,2013-01-29,3725,1
2,2013-01-29,3461,1
3,2013-01-29,5375,1
4,2013-01-29,7559,1
5,2013-01-29,3569,1
6,2013-01-29,5411,1
7,2013-01-29,6480,1
8,2013-01-29,3846,1
9,2013-01-29,3941,1
10,2013-01-29,4374,1
11,2013-01-29,5957,1
12,2013-01-29,5424,1
13,2013-01-29,2928,1
14,2013-01-29,4182,1
15,2013-01-29,4383,1
16,2013-01-29,5448,1
17,2013-01-29,4810,1
18,2013-01-29,4441,1
19,2013-01-29,4536,1
20,2013-01-29,4661,1
21,2013-01-29,3241,1
22,2013-01-29,3099,1
23,2013-01-29,3168,1
24,2013-01-29,6418,1
25,2013-01-29,8638,1
26,2013-01-29,4186,1
27,2013-01-29,6781,1
28,2013-01-29,4095,1
29,2013-01-29,4222,1
30,2013-01-29,4832,1
31,2013-01-29,4492,1
32,2013-01-29,2767,1
33,2013-01-29,6398,1
34,2013-01-29,6037,1
35,2013-01-29,5998,1
36,2013-01-29,7195,1
37,2013-01-29,4490,1
38,2013-01-29,3681,1
39,2013-01-29,2857,1
40,2013-01-29,3423,1
41,2013-01-29,2400,1
42,2013-01-29,6762,1
43,2013-01-29,5251,1
44,2013-01-29,3594,1
45,2013-01-29,3264,1
46,2013-01-29,3380,1
47,2013-01-29,5695,1
48,2013-01-29,3583,1
49,2013-01-29,4320,1
50,2013-01-29,2457,1
1,2013-01-28,4055,1
2,2013-01-28,3549,1
3,2013-01-28,5352,1
4,2013-01-28,7374,1
5,2013-01-28,3089,1
6,2013-01-28,6209,1
7,2013-01-28,6483,1
8,2013-01-28,3459,1
9,2013-01-28,4683,1
10,2013-01-28,4489,1
11,2013-01-28,6232,1
12,2013-01-28,5376,1
13,2013-01-28,3525,1
14,2013-01-28,5278,1
15,2013-01-28,4788,1
16,2013-01-28,6523,1
17,2013-01-28,4472,1
18,2013-01-28,4802,1
19,2013-01-28,5178,1
20,2013-01-28,7077,1
21,2013-01-28,3318,1
22,2013-01-28,3797,1
23,2013-01-28,4101,1
24,2013-01-28,6708,1
25,2013-01-28,9905,1
26,2013-01-28,4035,1
27,2013-01-28,6994,1
28,2013-01-28,4309,1
29,2013-01-28,4750,1
30,2013-01-28,5883,1
31,2013-01-28,3893,1
32,2013-01-28,3597,1
33,2013-01-28,6612,1
34,2013-01-28,6767,1
35,2013-01-28,6832,1
36,2013-01-28,7867,1
37,2013-01-28,4162,1
38,2013-01-28,4888,1
39,2013-01-28,3207,1
40,2013-01-28,4116,1
41,2013-01-28,3121,1
42,2013-01-28,8693,1
43,2013-01-28,6286,1
44,2013-01-28,4137,1
45,2013-01-28,4237,1
46,2013-01-28,3335,1
47,2013-01-28,5450,1
48,2013-01-28,3823,1
49,2013-01-28,4382,1
50,2013-01-28,2880,1
1,2013-01-26,5598,1
2,2013-01-26,2205,1
3,2013-01-26,3902,1
4,2013-01-26,9323,1
5,2013-01-26,1570,1
6,2013-01-26,3443,1
7,2013-01-26,3774,1
8,2013-01-26,2366,1
9,2013-01-26,4544,1
10,2013-01-26,4789,1
11,2013-01-26,5919,1
12,2013-01-26,5651,1
13,2013-01-26,3885,1
14,2013-01-26,3281,1
15,2013-01-26,4273,1
16,2013-01-26,4298,1
17,2013-01-26,2473,1
18,2013-01-26,3678,1
19,2013-01-26,3496,1
20,2013-01-26,4046,1
21,2013-01-26,4660,1
22,2013-01-26,3006,1
23,2013-01-26,4304,1
24,2013-01-26,5962,1
25,2013-01-26,8082,1
26,2013-01-26,5347,1
27,2013-01-26,7602,1
28,2013-01-26,2123,1
29,2013-01-26,5699,1
30,2013-01-26,5313,1
31,2013-01-26,5277,1
32,2013-01-26,2076,1
33,2013-01-26,8789,1
34,2013-01-26,7016,1
35,2013-01-26,6384,1
36,2013-01-26,8827,1
37,2013-01-26,8620,1
38,2013-01-26,5966,1
39,2013-01-26,2278,1
40,2013-01-26,4586,1
41,2013-01-26,3797,1
42,2013-01-26,6754,1
43,2013-01-26,5206,1
44,2013-01-26,3324,1
45,2013-01-26,5650,1
46,2013-01-26,4714,1
47,2013-01-26,4930,1
48,2013-01-26,3138,1
49,2013-01-26,6013,1
50,2013-01-26,3640,1
1,2013-01-25,5586,1
2,2013-01-25,4589,1
3,2013-01-25,7565,1
4,2013-01-25,9730,1
5,2013-01-25,4960,1
6,2013-01-25,6433,1
7,2013-01-25,8360,1
8,2013-01-25,5251,1
9,2013-01-25,5501,1
10,2013-01-25,5404,1
11,2013-01-25,7817,1
12,2013-01-25,7748,1
13,2013-01-25,5462,1
14,2013-01-25,5761,1
15,2013-01-25,6783,1
16,2013-01-25,7468,1
17,2013-01-25,6852,1
18,2013-01-25,6757,1
19,2013-01-25,7020,1
20,2013-01-25,6078,1
21,2013-01-25,6364,1
22,2013-01-25,5451,1
23,2013-01-25,6618,1
24,2013-01-25,8898,1
25,2013-01-25,11079,1
26,2013-01-25,7688,1
27,2013-01-25,9843,1
28,2013-01-25,6251,1
29,2013-01-25,6082,1
30,2013-01-25,5419,1
31,2013-01-25,5870,1
32,2013-01-25,4430,1
33,2013-01-25,8708,1
34,2013-01-25,8218,1
35,2013-01-25,9889,1
36,2013-01-25,9558,1
37,2013-01-25,8513,1
38,2013-01-25,5256,1
39,2013-01-25,3855,1
40,2013-01-25,4702,1
41,2013-01-25,4001,1
42,2013-01-25,9674,1
43,2013-01-25,8466,1
44,2013-01-25,6142,1
45,2013-01-25,5787,1
46,2013-01-25,6414,1
47,2013-01-25,7097,1
48,2013-01-25,4891,1
49,2013-01-25,6886,1
50,2013-01-25,4652,1
1,2013-01-24,5195,1
2,2013-01-24,5091,1
3,2013-01-24,7910,1
4,2013-01-24,8516,1
5,2013-01-24,4397,1
6,2013-01-24,5844,1
7,2013-01-24,7690,1
8,2013-01-24,6114,1
9,2013-01-24,5237,1
10,2013-01-24,4736,1
11,2013-01-24,7081,1
12,2013-01-24,7687,1
13,2013-01-24,5414,1
14,2013-01-24,6003,1
15,2013-01-24,6096,1
16,2013-01-24,6890,1
17,2013-01-24,7580,1
18,2013-01-24,6067,1
19,2013-01-24,5856,1
20,2013-01-24,8094,1
21,2013-01-24,6335,1
22,2013-01-24,4168,1
23,2013-01-24,5687,1
24,2013-01-24,8707,1
25,2013-01-24,11705,1
26,2013-01-24,7323,1
27,2013-01-24,9991,1
28,2013-01-24,5821,1
29,2013-01-24,5270,1
30,2013-01-24,7899,1
31,2013-01-24,5506,1
32,2013-01-24,4383,1
33,2013-01-24,9120,1
34,2013-01-24,7411,1
35,2013-01-24,10078,1
36,2013-01-24,8348,1
37,2013-01-24,7262,1
38,2013-01-24,6214,1
39,2013-01-24,4331,1
40,2013-01-24,5013,1
41,2013-01-24,4681,1
42,2013-01-24,8771,1
43,2013-01-24,7493,1
44,2013-01-24,5752,1
45,2013-01-24,5701,1
46,2013-01-24,5264,1
47,2013-01-24,6987,1
48,2013-01-24,4104,1
49,2013-01-24,6415,1
50,2013-01-24,4946,1
1,2013-01-23,5578,1
2,2013-01-23,5974,1
3,2013-01-23,7863,1
4,2013-01-23,9236,1
5,2013-01-23,6110,1
6,2013-01-23,7343,1
7,2013-01-23,7664,1
8,2013-01-23,6469,1
9,2013-01-23,4904,1
10,2013-01-23,5218,1
11,2013-01-23,8328,1
12,2013-01-23,8361,1
13,2013-01-23,5634,1
14,2013-01-23,5686,1
15,2013-01-23,6399,1
16,2013-01-23,8088,1
17,2013-01-23,7165,1
18,2013-01-23,6190,1
19,2013-01-23,6729,1
20,2013-01-23,8053,1
21,2013-01-23,5469,1
22,2013-01-23,4566,1
23,2013-01-23,5817,1
24,2013-01-23,9403,1
25,2013-01-23,11812,1
26,2013-01-23,6694,1
27,2013-01-23,10461,1
28,2013-01-23,5703,1
29,2013-01-23,6441,1
30,2013-01-23,5790,1
31,2013-01-23,5019,1
32,2013-01-23,4450,1
33,2013-01-23,8314,1
34,2013-01-23,7852,1
35,2013-01-23,9572,1
36,2013-01-23,9105,1
37,2013-01-23,7080,1
38,2013-01-23,6816,1
39,2013-01-23,4839,1
40,2013-01-23,5183,1
41,2013-01-23,4374,1
42,2013-01-23,10854,1
43,2013-01-23,7924,1
44,2013-01-23,5868,1
45,2013-01-23,6218,1
46,2013-01-23,4896,1
47,2013-01-23,7948,1
48,2013-01-23,4203,1
49,2013-01-23,6649,1
50,2013-01-23,4764,1
1,2013-01-22,5720,1
2,2013-01-22,5803,1
3,2013-01-22,7961,1
4,2013-01-22,9977,1
5,2013-01-22,5680,1
6,2013-01-22,7066,1
7,2013-01-22,9074,1
8,2013-01-22,5893,1
9,2013-01-22,6065,1
10,2013-01-22,5215,1
11,2013-01-22,8042,1
12,2013-01-22,8342,1
13,2013-01-22,6592,1
14,2013-01-22,6673,1
15,2013-01-22,6918,1
16,2013-01-22,7821,1
17,2013-01-22,9034,1
18,2013-01-22,5789,1
19,2013-01-22,7007,1
20,2013-01-22,8085,1
21,2013-01-22,6505,1
22,2013-01-22,5113,1
23,2013-01-22,6846,1
24,2013-01-22,9791,1
25,2013-01-22,12716,1
26,2013-01-22,7335,1
27,2013-01-22,10462,1
28,2013-01-22,7485,1
29,2013-01-22,7612,1
30,2013-01-22,7579,1
31,2013-01-22,5728,1
32,2013-01-22,5678,1
33,2013-01-22,9529,1
34,2013-01-22,8380,1
35,2013-01-22,8919,1
36,2013-01-22,9486,1
37,2013-01-22,6948,1
38,2013-01-22,7255,1
39,2013-01-22,5198,1
40,2013-01-22,5141,1
41,2013-01-22,5121,1
42,2013-01-22,11034,1
43,2013-01-22,9076,1
44,2013-01-22,6543,1
45,2013-01-22,5687,1
46,2013-01-22,6180,1
47,2013-01-22,7282,1
48,2013-01-22,4307,1
49,2013-01-22,7243,1
50,2013-01-22,4127,1
1,2013-01-21,5394,1
2,2013-01-21,6311,1
3,2013-01-21,6014,1
4,2013-01-21,11667,1
5,2013-01-21,6217,1
6,2013-01-21,6764,1
7,2013-01-21,10832,1
8,2013-01-21,7589,1
9,2013-01-21,4658,1
10,2013-01-21,6178,1
11,2013-01-21,8935,1
12,2013-01-21,11199,1
13,2013-01-21,6417,1
14,2013-01-21,6866,1
15,2013-01-21,7938,1
16,2013-01-21,9344,1
17,2013-01-21,8783,1
18,2013-01-21,6386,1
19,2013-01-21,6725,1
20,2013-01-21,8501,1
21,2013-01-21,7356,1
22,2013-01-21,5048,1
23,2013-01-21,6239,1
24,2013-01-21,9842,1
25,2013-01-21,13521,1
26,2013-01-21,7391,1
27,2013-01-21,8452,1
28,2013-01-21,7222,1
29,2013-01-21,7956,1
30,2013-01-21,7618,1
31,2013-01-21,6830,1
32,2013-01-21,6101,1
33,2013-01-21,9534,1
34,2013-01-21,10107,1
35,2013-01-21,7393,1
36,2013-01-21,9388,1
37,2013-01-21,6280,1
38,2013-01-21,7557,1
39,2013-01-21,7416,1
40,2013-01-21,5548,1
41,2013-01-21,4228,1
42,2013-01-21,10793,1
43,2013-01-21,8598,1
44,2013-01-21,7347,1
45,2013-01-21,4293,1
46,2013-01-21,6532,1
47,2013-01-21,8646,1
48,2013-01-21,5616,1
49,2013-01-21,8862,1
50,2013-01-21,3653,1
1,2013-01-19,5182,1
2,2013-01-19,2399,1
3,2013-01-19,3938,1
4,2013-01-19,9455,1
5,2013-01-19,1698,1
6,2013-01-19,3702,1
7,2013-01-19,4451,1
8,2013-01-19,2357,1
9,2013-01-19,4883,1
10,2013-01-19,4441,1
11,2013-01-19,5825,1
12,2013-01-19,6160,1
13,2013-01-19,3556,1
14,2013-01-19,3240,1
15,2013-01-19,5020,1
16,2013-01-19,3947,1
17,2013-01-19,2638,1
18,2013-01-19,3814,1
19,2013-01-19,3399,1
20,2013-01-19,5761,1
21,2013-01-19,4987,1
22,2013-01-19,2948,1
23,2013-01-19,5023,1
24,2013-01-19,6842,1
25,2013-01-19,8614,1
26,2013-01-19,5095,1
27,2013-01-19,6749,1
28,2013-01-19,2415,1
29,2013-01-19,5483,1
30,2013-01-19,5293,1
31,2013-01-19,5286,1
32,2013-01-19,1901,1
33,2013-01-19,9247,1
34,2013-01-19,7656,1
35,2013-01-19,5930,1
36,2013-01-19,8884,1
37,2013-01-19,8460,1
38,2013-01-19,5758,1
39,2013-01-19,2540,1
40,2013-01-19,4868,1
41,2013-01-19,3691,1
42,2013-01-19,6963,1
43,2013-01-19,4514,1
44,2013-01-19,3805,1
45,2013-01-19,5665,1
46,2013-01-19,4586,1
47,2013-01-19,5305,1
48,2013-01-19,3109,1
49,2013-01-19,6873,1
50,2013-01-19,4037,1
1,2013-01-18,4127,1
2,2013-01-18,3441,1
3,2013-01-18,5390,1
4,2013-01-18,7857,1
5,2013-01-18,4227,1
6,2013-01-18,5553,1
7,2013-01-18,7010,1
8,2013-01-18,3619,1
9,2013-01-18,5325,1
10,2013-01-18,4962,1
11,2013-01-18,5773,1
12,2013-01-18,5344,1
13,2013-01-18,3837,1
14,2013-01-18,5151,1
15,2013-01-18,6130,1
16,2013-01-18,5040,1
17,2013-01-18,4877,1
18,2013-01-18,5440,1
19,2013-01-18,5289,1
20,2013-01-18,5852,1
21,2013-01-18,3329,1
22,2013-01-18,4332,1
23,2013-01-18,4839,1
24,2013-01-18,7521,1
25,2013-01-18,8469,1
26,2013-01-18,4665,1
27,2013-01-18,7408,1
28,2013-01-18,4417,1
29,2013-01-18,4717,1
30,2013-01-18,4164,1
31,2013-01-18,5282,1
32,2013-01-18,3106,1
33,2013-01-18,7173,1
34,2013-01-18,6383,1
35,2013-01-18,6679,1
36,2013-01-18,7961,1
37,2013-01-18,5978,1
38,2013-01-18,4802,1
39,2013-01-18,3212,1
40,2013-01-18,3326,1
41,2013-01-18,3536,1
42,2013-01-18,7512,1
43,2013-01-18,5733,1
44,2013-01-18,4345,1
45,2013-01-18,4570,1
46,2013-01-18,3610,1
47,2013-01-18,5011,1
48,2013-01-18,3535,1
49,2013-01-18,5555,1
50,2013-01-18,3706,1
1,2013-01-17,4044,1
2,2013-01-17,2973,1
3,2013-01-17,4463,1
4,2013-01-17,7088,1
5,2013-01-17,3401,1
6,2013-01-17,5235,1
7,2013-01-17,6779,1
8,2013-01-17,4833,1
9,2013-01-17,3702,1
10,2013-01-17,4460,1
11,2013-01-17,6968,1
12,2013-01-17,5247,1
13,2013-01-17,2210,1
14,2013-01-17,4637,1
15,2013-01-17,5042,1
16,2013-01-17,5144,1
17,2013-01-17,4576,1
18,2013-01-17,4805,1
19,2013-01-17,3920,1
20,2013-01-17,5510,1
21,2013-01-17,3233,1
22,2013-01-17,2855,1
23,2013-01-17,4180,1
24,2013-01-17,6847,1
25,2013-01-17,10033,1
26,2013-01-17,2827,1
27,2013-01-17,6461,1
28,2013-01-17,4019,1
29,2013-01-17,4705,1
30,2013-01-17,4664,1
31,2013-01-17,4512,1
32,2013-01-17,2931,1
33,2013-01-17,6303,1
34,2013-01-17,6170,1
35,2013-01-17,6413,1
36,2013-01-17,6582,1
37,2013-01-17,5088,1
38,2013-01-17,3762,1
39,2013-01-17,3310,1
40,2013-01-17,3016,1
41,2013-01-17,2209,1
42,2013-01-17,7573,1
43,2013-01-17,5640,1
44,2013-01-17,3928,1
45,2013-01-17,4012,1
46,2013-01-17,2272,1
47,2013-01-17,5918,1
48,2013-01-17,3537,1
49,2013-01-17,4049,1
50,2013-01-17,2711,1
1,2013-01-16,4008,1
2,2013-01-16,4198,1
3,2013-01-16,4827,1
4,2013-01-16,6537,1
5,2013-01-16,3546,1
6,2013-01-16,4454,1
7,2013-01-16,5921,1
8,2013-01-16,3508,1
9,2013-01-16,3761,1
10,2013-01-16,4640,1
11,2013-01-16,6811,1
12,2013-01-16,5362,1
13,2013-01-16,2813,1
14,2013-01-16,4606,1
15,2013-01-16,4809,1
16,2013-01-16,5636,1
17,2013-01-16,4405,1
18,2013-01-16,4651,1
19,2013-01-16,4486,1
20,2013-01-16,6014,1
21,2013-01-16,2784,1
22,2013-01-16,3132,1
23,2013-01-16,3286,1
24,2013-01-16,5847,1
25,2013-01-16,8809,1
26,2013-01-16,3993,1
27,2013-01-16,6438,1
28,2013-01-16,4420,1
29,2013-01-16,4337,1
30,2013-01-16,3470,1
31,2013-01-16,4547,1
32,2013-01-16,2935,1
33,2013-01-16,6258,1
34,2013-01-16,5991,1
35,2013-01-16,5290,1
36,2013-01-16,7547,1
37,2013-01-16,4743,1
38,2013-01-16,3152,1
39,2013-01-16,2850,1
40,2013-01-16,2694,1
41,2013-01-16,2931,1
42,2013-01-16,7088,1
43,2013-01-16,4846,1
44,2013-01-16,3802,1
45,2013-01-16,3513,1
46,2013-01-16,3363,1
47,2013-01-16,5463,1
48,2013-01-16,3786,1
49,2013-01-16,2580,1
50,2013-01-16,2249,1
1,2013-01-15,3900,1
2,2013-01-15,4075,1
3,2013-01-15,5041,1
4,2013-01-15,7121,1
5,2013-01-15,3916,1
6,2013-01-15,5861,1
7,2013-01-15,6780,1
8,2013-01-15,4358,1
9,2013-01-15,2724,1
10,2013-01-15,4470,1
11,2013-01-15,6461,1
12,2013-01-15,4579,1
13,2013-01-15,3375,1
14,2013-01-15,4373,1
15,2013-01-15,4285,1
16,2013-01-15,5991,1
17,2013-01-15,5158,1
18,2013-01-15,4728,1
19,2013-01-15,3892,1
20,2013-01-15,6474,1
21,2013-01-15,2950,1
22,2013-01-15,3125,1
23,2013-01-15,3075,1
24,2013-01-15,5679,1
25,2013-01-15,9021,1
26,2013-01-15,3998,1
27,2013-01-15,7005,1
28,2013-01-15,4595,1
29,2013-01-15,4067,1
30,2013-01-15,5280,1
31,2013-01-15,3626,1
32,2013-01-15,3454,1
33,2013-01-15,6268,1
34,2013-01-15,6205,1
35,2013-01-15,5633,1
36,2013-01-15,7832,1
37,2013-01-15,4367,1
38,2013-01-15,2742,1
39,2013-01-15,2591,1
40,2013-01-15,3477,1
41,2013-01-15,3462,1
42,2013-01-15,5955,1
43,2013-01-15,4580,1
44,2013-01-15,4074,1
45,2013-01-15,3056,1
46,2013-01-15,3688,1
47,2013-01-15,5862,1
48,2013-01-15,3943,1
49,2013-01-15,5075,1
50,2013-01-15,2313,1
1,2013-01-14,4717,1
2,2013-01-14,3995,1
3,2013-01-14,4566,1
4,2013-01-14,7794,1
5,2013-01-14,4045,1
6,2013-01-14,5908,1
7,2013-01-14,6385,1
8,2013-01-14,4128,1
9,2013-01-14,4761,1
10,2013-01-14,4685,1
11,2013-01-14,6318,1
12,2013-01-14,5399,1
13,2013-01-14,3508,1
14,2013-01-14,4520,1
15,2013-01-14,4258,1
16,2013-01-14,6132,1
17,2013-01-14,4750,1
18,2013-01-14,5239,1
19,2013-01-14,4801,1
20,2013-01-14,7233,1
21,2013-01-14,3743,1
22,2013-01-14,3600,1
23,2013-01-14,3623,1
24,2013-01-14,5644,1
25,2013-01-14,10110,1
26,2013-01-14,4210,1
27,2013-01-14,5667,1
28,2013-01-14,4736,1
29,2013-01-14,4565,1
30,2013-01-14,4117,1
31,2013-01-14,4490,1
32,2013-01-14,3273,1
33,2013-01-14,7268,1
34,2013-01-14,6525,1
35,2013-01-14,5511,1
36,2013-01-14,8804,1
37,2013-01-14,5177,1
38,2013-01-14,2702,1
39,2013-01-14,2939,1
40,2013-01-14,3645,1
41,2013-01-14,3316,1
42,2013-01-14,6743,1
43,2013-01-14,6438,1
44,2013-01-14,4213,1
45,2013-01-14,3452,1
46,2013-01-14,3525,1
47,2013-01-14,5945,1
48,2013-01-14,3639,1
49,2013-01-14,4753,1
50,2013-01-14,3070,1
1,2013-01-12,4952,1
2,2013-01-12,2630,1
3,2013-01-12,4455,1
4,2013-01-12,9719,1
5,2013-01-12,1760,1
6,2013-01-12,3829,1
7,2013-01-12,4236,1
8,2013-01-12,2660,1
9,2013-01-12,4657,1
10,2013-01-12,4402,1
11,2013-01-12,5752,1
12,2013-01-12,6342,1
13,2013-01-12,4592,1
14,2013-01-12,3020,1
15,2013-01-12,5429,1
16,2013-01-12,4559,1
17,2013-01-12,3031,1
18,2013-01-12,3768,1
19,2013-01-12,3950,1
20,2013-01-12,4527,1
21,2013-01-12,5329,1
22,2013-01-12,2665,1
23,2013-01-12,4314,1
24,2013-01-12,7297,1
25,2013-01-12,9227,1
26,2013-01-12,5310,1
27,2013-01-12,8046,1
28,2013-01-12,2401,1
29,2013-01-12,5518,1
30,2013-01-12,5131,1
31,2013-01-12,5033,1
32,2013-01-12,1913,1
33,2013-01-12,9339,1
34,2013-01-12,7045,1
35,2013-01-12,7284,1
36,2013-01-12,8545,1
37,2013-01-12,8828,1
38,2013-01-12,5347,1
39,2013-01-12,2398,1
40,2013-01-12,4867,1
41,2013-01-12,4219,1
42,2013-01-12,7648,1
43,2013-01-12,5308,1
44,2013-01-12,3195,1
45,2013-01-12,5455,1
46,2013-01-12,4857,1
47,2013-01-12,5021,1
48,2013-01-12,3831,1
49,2013-01-12,6127,1
50,2013-01-12,4395,1
1,2013-01-11,4881,1
2,2013-01-11,4810,1
3,2013-01-11,9292,1
4,2013-01-11,10512,1
5,2013-01-11,5159,1
6,2013-01-11,6829,1
7,2013-01-11,7115,1
8,2013-01-11,4997,1
9,2013-01-11,5855,1
10,2013-01-11,5556,1
11,2013-01-11,8745,1
12,2013-01-11,7999,1
13,2013-01-11,6075,1
14,2013-01-11,6159,1
15,2013-01-11,7621,1
16,2013-01-11,7498,1
17,2013-01-11,7711,1
18,2013-01-11,6797,1
19,2013-01-11,6725,1
20,2013-01-11,6745,1
21,2013-01-11,5869,1
22,2013-01-11,4750,1
23,2013-01-11,6377,1
24,2013-01-11,10333,1
25,2013-01-11,11194,1
26,2013-01-11,7223,1
27,2013-01-11,11571,1
28,2013-01-11,6630,1
29,2013-01-11,7061,1
30,2013-01-11,6182,1
31,2013-01-11,7314,1
32,2013-01-11,4414,1
33,2013-01-11,8295,1
34,2013-01-11,8123,1
35,2013-01-11,9946,1
36,2013-01-11,8956,1
37,2013-01-11,7967,1
38,2013-01-11,5890,1
39,2013-01-11,4766,1
40,2013-01-11,4882,1
41,2013-01-11,4044,1
42,2013-01-11,10841,1
43,2013-01-11,8246,1
44,2013-01-11,6699,1
45,2013-01-11,5868,1
46,2013-01-11,5985,1
47,2013-01-11,7409,1
48,2013-01-11,4648,1
49,2013-01-11,7062,1
50,2013-01-11,4608,1
1,2013-01-10,4892,1
2,2013-01-10,5618,1
3,2013-01-10,7772,1
4,2013-01-10,9472,1
5,2013-01-10,4999,1
6,2013-01-10,6282,1
7,2013-01-10,8234,1
8,2013-01-10,6084,1
9,2013-01-10,5340,1
10,2013-01-10,5419,1
11,2013-01-10,8525,1
12,2013-01-10,7591,1
13,2013-01-10,5432,1
14,2013-01-10,6046,1
15,2013-01-10,6818,1
16,2013-01-10,7017,1
17,2013-01-10,7259,1
18,2013-01-10,6903,1
19,2013-01-10,6753,1
20,2013-01-10,8175,1
21,2013-01-10,5569,1
22,2013-01-10,4742,1
23,2013-01-10,6023,1
24,2013-01-10,9823,1
25,2013-01-10,11835,1
26,2013-01-10,6818,1
27,2013-01-10,10434,1
28,2013-01-10,6179,1
29,2013-01-10,6590,1
30,2013-01-10,7957,1
31,2013-01-10,6066,1
32,2013-01-10,4292,1
33,2013-01-10,9322,1
34,2013-01-10,7667,1
35,2013-01-10,9909,1
36,2013-01-10,8494,1
37,2013-01-10,7900,1
38,2013-01-10,6155,1
39,2013-01-10,5120,1
40,2013-01-10,5685,1
41,2013-01-10,4303,1
42,2013-01-10,10298,1
43,2013-01-10,8132,1
44,2013-01-10,5397,1
45,2013-01-10,5955,1
46,2013-01-10,5503,1
47,2013-01-10,7493,1
48,2013-01-10,4657,1
49,2013-01-10,6399,1
50,2013-01-10,4176,1
1,2013-01-09,5471,1
2,2013-01-09,6763,1
3,2013-01-09,8001,1
4,2013-01-09,8857,1
5,2013-01-09,5974,1
6,2013-01-09,6749,1
7,2013-01-09,7049,1
8,2013-01-09,5038,1
9,2013-01-09,4699,1
10,2013-01-09,5696,1
11,2013-01-09,8458,1
12,2013-01-09,8311,1
13,2013-01-09,5296,1
14,2013-01-09,5391,1
15,2013-01-09,6777,1
16,2013-01-09,7898,1
17,2013-01-09,7450,1
18,2013-01-09,6553,1
19,2013-01-09,6149,1
20,2013-01-09,7764,1
21,2013-01-09,6618,1
22,2013-01-09,5254,1
23,2013-01-09,5800,1
24,2013-01-09,9474,1
25,2013-01-09,11539,1
26,2013-01-09,7124,1
27,2013-01-09,9803,1
28,2013-01-09,6632,1
29,2013-01-09,5721,1
30,2013-01-09,5718,1
31,2013-01-09,6335,1
32,2013-01-09,5277,1
33,2013-01-09,7791,1
34,2013-01-09,8224,1
35,2013-01-09,10066,1
36,2013-01-09,9645,1
37,2013-01-09,6760,1
38,2013-01-09,6224,1
39,2013-01-09,4154,1
40,2013-01-09,4498,1
41,2013-01-09,4128,1
42,2013-01-09,10569,1
43,2013-01-09,7918,1
44,2013-01-09,6284,1
45,2013-01-09,5235,1
46,2013-01-09,5501,1
47,2013-01-09,9057,1
48,2013-01-09,4393,1
49,2013-01-09,6532,1
50,2013-01-09,3615,1
1,2013-01-08,5580,1
2,2013-01-08,6318,1
3,2013-01-08,9800,1
4,2013-01-08,10031,1
5,2013-01-08,5718,1
6,2013-01-08,7099,1
7,2013-01-08,10073,1
8,2013-01-08,6333,1
9,2013-01-08,6206,1
10,2013-01-08,5394,1
11,2013-01-08,9422,1
12,2013-01-08,9114,1
13,2013-01-08,6700,1
14,2013-01-08,6920,1
15,2013-01-08,7439,1
16,2013-01-08,8370,1
17,2013-01-08,9034,1
18,2013-01-08,6653,1
19,2013-01-08,7369,1
20,2013-01-08,9065,1
21,2013-01-08,7288,1
22,2013-01-08,5779,1
23,2013-01-08,6998,1
24,2013-01-08,10349,1
25,2013-01-08,14243,1
26,2013-01-08,7450,1
27,2013-01-08,11608,1
28,2013-01-08,7892,1
29,2013-01-08,7235,1
30,2013-01-08,8705,1
31,2013-01-08,6480,1
32,2013-01-08,5410,1
33,2013-01-08,10678,1
34,2013-01-08,8576,1
35,2013-01-08,11508,1
36,2013-01-08,8902,1
37,2013-01-08,7143,1
38,2013-01-08,6773,1
39,2013-01-08,5510,1
40,2013-01-08,5524,1
41,2013-01-08,4860,1
42,2013-01-08,12216,1
43,2013-01-08,8600,1
44,2013-01-08,6149,1
45,2013-01-08,5518,1
46,2013-01-08,5793,1
47,2013-01-08,8729,1
48,2013-01-08,5460,1
49,2013-01-08,7290,1
50,2013-01-08,4734,1
1,2013-01-07,7176,1
2,2013-01-07,6775,1
3,2013-01-07,12247,1
4,2013-01-07,12112,1
5,2013-01-07,6978,1
6,2013-01-07,8591,1
7,2013-01-07,12718,1
8,2013-01-07,7416,1
9,2013-01-07,7574,1
10,2013-01-07,7804,1
11,2013-01-07,9939,1
12,2013-01-07,11010,1
13,2013-01-07,8246,1
14,2013-01-07,7788,1
15,2013-01-07,9049,1
16,2013-01-07,10013,1
17,2013-01-07,11279,1
18,2013-01-07,7843,1
19,2013-01-07,8978,1
20,2013-01-07,9662,1
21,2013-01-07,9580,1
22,2013-01-07,6507,1
23,2013-01-07,9075,1
24,2013-01-07,13453,1
25,2013-01-07,14513,1
26,2013-01-07,10108,1
27,2013-01-07,15594,1
28,2013-01-07,10126,1
29,2013-01-07,10796,1
30,2013-01-07,9174,1
31,2013-01-07,7857,1
32,2013-01-07,6573,1
33,2013-01-07,11480,1
34,2013-01-07,11768,1
35,2013-01-07,14536,1
36,2013-01-07,10329,1
37,2013-01-07,7795,1
38,2013-01-07,9738,1
39,2013-01-07,9136,1
40,2013-01-07,6735,1
41,2013-01-07,4839,1
42,2013-01-07,14737,1
43,2013-01-07,12218,1
44,2013-01-07,9818,1
45,2013-01-07,6616,1
46,2013-01-07,7788,1
47,2013-01-07,9881,1
48,2013-01-07,6718,1
49,2013-01-07,8731,1
50,2013-01-07,6298,1
1,2013-01-05,4997,1
2,2013-01-05,2342,1
3,2013-01-05,4523,1
4,2013-01-05,10338,1
5,2013-01-05,1590,1
6,2013-01-05,3872,1
7,2013-01-05,5218,1
8,2013-01-05,2337,1
9,2013-01-05,4254,1
10,2013-01-05,4256,1
11,2013-01-05,5734,1
12,2013-01-05,6392,1
13,2013-01-05,4285,1
14,2013-01-05,2519,1
15,2013-01-05,5538,1
16,2013-01-05,4346,1
17,2013-01-05,2576,1
18,2013-01-05,3688,1
19,2013-01-05,3769,1
20,2013-01-05,3642,1
21,2013-01-05,5034,1
22,2013-01-05,2645,1
23,2013-01-05,4174,1
24,2013-01-05,6975,1
25,2013-01-05,8987,1
26,2013-01-05,5129,1
27,2013-01-05,7969,1
28,2013-01-05,2070,1
29,2013-01-05,5564,1
30,2013-01-05,5643,1
31,2013-01-05,5607,1
32,2013-01-05,1768,1
33,2013-01-05,8293,1
34,2013-01-05,7707,1
35,2013-01-05,7097,1
36,2013-01-05,7806,1
37,2013-01-05,8922,1
38,2013-01-05,5233,1
39,2013-01-05,2435,1
40,2013-01-05,5479,1
41,2013-01-05,3940,1
42,2013-01-05,7587,1
43,2013-01-05,5167,1
44,2013-01-05,3652,1
45,2013-01-05,5566,1
46,2013-01-05,4848,1
47,2013-01-05,5673,1
48,2013-01-05,3418,1
49,2013-01-05,5937,1
50,2013-01-05,4380,1
1,2013-01-04,4486,1
2,2013-01-04,4484,1
3,2013-01-04,6069,1
4,2013-01-04,8290,1
5,2013-01-04,4456,1
6,2013-01-04,6092,1
7,2013-01-04,7758,1
8,2013-01-04,4059,1
9,2013-01-04,4798,1
10,2013-01-04,5114,1
11,2013-01-04,7768,1
12,2013-01-04,4642,1
13,2013-01-04,3848,1
14,2013-01-04,4734,1
15,2013-01-04,5174,1
16,2013-01-04,5888,1
17,2013-01-04,5853,1
18,2013-01-04,6155,1
19,2013-01-04,5189,1
20,2013-01-04,5599,1
21,2013-01-04,4471,1
22,2013-01-04,4053,1
23,2013-01-04,4816,1
24,2013-01-04,8419,1
25,2013-01-04,9729,1
26,2013-01-04,5849,1
27,2013-01-04,8361,1
28,2013-01-04,5481,1
29,2013-01-04,5411,1
30,2013-01-04,5035,1
31,2013-01-04,6140,1
32,2013-01-04,3058,1
33,2013-01-04,8462,1
34,2013-01-04,6885,1
35,2013-01-04,6868,1
36,2013-01-04,7361,1
37,2013-01-04,7230,1
38,2013-01-04,4196,1
39,2013-01-04,3604,1
40,2013-01-04,4321,1
41,2013-01-04,4545,1
42,2013-01-04,8273,1
43,2013-01-04,6389,1
44,2013-01-04,4407,1
45,2013-01-04,4988,1
46,2013-01-04,4125,1
47,2013-01-04,5580,1
48,2013-01-04,4158,1
49,2013-01-04,5250,1
50,2013-01-04,3764,1
1,2013-01-03,4327,1
2,2013-01-03,4159,1
3,2013-01-03,5902,1
4,2013-01-03,8247,1
5,2013-01-03,3465,1
6,2013-01-03,5398,1
7,2013-01-03,7231,1
8,2013-01-03,4842,1
9,2013-01-03,4602,1
10,2013-01-03,4675,1
11,2013-01-03,7375,1
12,2013-01-03,4867,1
13,2013-01-03,3674,1
14,2013-01-03,4169,1
15,2013-01-03,5140,1
16,2013-01-03,5650,1
17,2013-01-03,5102,1
18,2013-01-03,5083,1
19,2013-01-03,4038,1
20,2013-01-03,7356,1
21,2013-01-03,3975,1
22,2013-01-03,3894,1
23,2013-01-03,4701,1
24,2013-01-03,6753,1
25,2013-01-03,10409,1
26,2013-01-03,5654,1
27,2013-01-03,7893,1
28,2013-01-03,5287,1
29,2013-01-03,4554,1
30,2013-01-03,6219,1
31,2013-01-03,5623,1
32,2013-01-03,2676,1
33,2013-01-03,7987,1
34,2013-01-03,6870,1
35,2013-01-03,5955,1
36,2013-01-03,7407,1
37,2013-01-03,7081,1
38,2013-01-03,3995,1
39,2013-01-03,3527,1
40,2013-01-03,4511,1
41,2013-01-03,4194,1
42,2013-01-03,6925,1
43,2013-01-03,5790,1
44,2013-01-03,3853,1
45,2013-01-03,4368,1
46,2013-01-03,4177,1
47,2013-01-03,6199,1
48,2013-01-03,3989,1
49,2013-01-03,4622,1
50,2013-01-03,3388,1
1,2013-01-02,5530,1
2,2013-01-02,4422,1
3,2013-01-02,6823,1
4,2013-01-02,9941,1
5,2013-01-02,4253,1
6,2013-01-02,6089,1
7,2013-01-02,8244,1
8,2013-01-02,5419,1
9,2013-01-02,4903,1
10,2013-01-02,4812,1
11,2013-01-02,8913,1
12,2013-01-02,5029,1
13,2013-01-02,3737,1
14,2013-01-02,5253,1
15,2013-01-02,4701,1
16,2013-01-02,6919,1
17,2013-01-02,5593,1
18,2013-01-02,5143,1
19,2013-01-02,5763,1
20,2013-01-02,7110,1
21,2013-01-02,3680,1
22,2013-01-02,3514,1
23,2013-01-02,4523,1
24,2013-01-02,6907,1
25,2013-01-02,11944,1
26,2013-01-02,5950,1
27,2013-01-02,8674,1
28,2013-01-02,4958,1
29,2013-01-02,5269,1
30,2013-01-02,5683,1
31,2013-01-02,5122,1
32,2013-01-02,3668,1
33,2013-01-02,8910,1
34,2013-01-02,7766,1
35,2013-01-02,6519,1
36,2013-01-02,9333,1
37,2013-01-02,7369,1
38,2013-01-02,4506,1
39,2013-01-02,4144,1
40,2013-01-02,4672,1
41,2013-01-02,4461,1
42,2013-01-02,7959,1
43,2013-01-02,6243,1
44,2013-01-02,4666,1
45,2013-01-02,4270,1
46,2013-01-02,4016,1
47,2013-01-02,6538,1
48,2013-01-02,4091,1
49,2013-01-02,5866,1
50,2013-01-02,3804,1
